<?xml version="1.0" encoding="UTF-8"?>
<gpx creator="StravaGPX" version="1.1" xmlns="http://www.topografix.com/GPX/1/1" xmlns:xsi="http://www.w3.org/2001/XMLSchema-instance" xsi:schemaLocation="http://www.topografix.com/GPX/1/1 http://www.topografix.com/GPX/1/1/gpx.xsd">
 <metadata>
  <name>Gravel to frimley</name>
  <author>
   <name>Neil Harris</name>
   <link href="https://www.strava.com/athletes/1746346"/>
  </author>
  <copyright author="OpenStreetMap contributors">
   <year>2020</year>
   <license>https://www.openstreetmap.org/copyright</license>
  </copyright>
  <link href="https://www.strava.com/routes/3505583351808937118"/>
 </metadata>
 <trk>
  <name>Gravel to frimley</name>
  <link href="https://www.strava.com/routes/3505583351808937118"/>
  <type>gravel_biking</type>
  <trkseg>
   <trkpt lat="51.41077000000001" lon="-0.8324900000000001">
    <ele>71.04</ele>
   </trkpt>
   <trkpt lat="51.411030000000004" lon="-0.8327100000000001">
    <ele>71.28000000000002</ele>
   </trkpt>
   <trkpt lat="51.411260000000006" lon="-0.8329500000000001">
    <ele>71.28000000000002</ele>
   </trkpt>
   <trkpt lat="51.411260000000006" lon="-0.8329700000000001">
    <ele>71.29</ele>
   </trkpt>
   <trkpt lat="51.41147" lon="-0.83247">
    <ele>70.76</ele>
   </trkpt>
   <trkpt lat="51.41179500311783" lon="-0.831605006323183">
    <ele>69.98</ele>
   </trkpt>
   <trkpt lat="51.41212" lon="-0.83074">
    <ele>69.0</ele>
   </trkpt>
   <trkpt lat="51.41221" lon="-0.8304400000000001">
    <ele>68.7</ele>
   </trkpt>
   <trkpt lat="51.412220000000005" lon="-0.83035">
    <ele>68.4</ele>
   </trkpt>
   <trkpt lat="51.41241" lon="-0.8297000000000001">
    <ele>67.36</ele>
   </trkpt>
   <trkpt lat="51.41228" lon="-0.8296600000000001">
    <ele>67.61</ele>
   </trkpt>
   <trkpt lat="51.41212" lon="-0.82952">
    <ele>67.67</ele>
   </trkpt>
   <trkpt lat="51.41207000000001" lon="-0.8294300000000001">
    <ele>67.7</ele>
   </trkpt>
   <trkpt lat="51.412235005052544" lon="-0.8283400039484123">
    <ele>66.42</ele>
   </trkpt>
   <trkpt lat="51.412400000000005" lon="-0.82725">
    <ele>63.79</ele>
   </trkpt>
   <trkpt lat="51.41243000000001" lon="-0.82681">
    <ele>63.79</ele>
   </trkpt>
   <trkpt lat="51.41239" lon="-0.82635">
    <ele>62.53</ele>
   </trkpt>
   <trkpt lat="51.41221" lon="-0.8251100000000001">
    <ele>61.43000000000001</ele>
   </trkpt>
   <trkpt lat="51.41201" lon="-0.8239700000000001">
    <ele>60.33</ele>
   </trkpt>
   <trkpt lat="51.41180334173942" lon="-0.822976657735167">
    <ele>59.870000000000005</ele>
   </trkpt>
   <trkpt lat="51.41159667508288" lon="-0.8219833244505957">
    <ele>59.5</ele>
   </trkpt>
   <trkpt lat="51.411390000000004" lon="-0.8209900000000001">
    <ele>59.38</ele>
   </trkpt>
   <trkpt lat="51.41140000000001" lon="-0.82088">
    <ele>59.38</ele>
   </trkpt>
   <trkpt lat="51.411280000000005" lon="-0.82018">
    <ele>59.550000000000004</ele>
   </trkpt>
   <trkpt lat="51.41114" lon="-0.8195600000000001">
    <ele>59.68</ele>
   </trkpt>
   <trkpt lat="51.411060000000006" lon="-0.81935">
    <ele>59.68</ele>
   </trkpt>
   <trkpt lat="51.410873340583926" lon="-0.8184266591086056">
    <ele>60.04</ele>
   </trkpt>
   <trkpt lat="51.41068667391347" lon="-0.8175033257565736">
    <ele>60.33</ele>
   </trkpt>
   <trkpt lat="51.410500000000006" lon="-0.8165800000000001">
    <ele>60.800000000000004</ele>
   </trkpt>
   <trkpt lat="51.41030000000001" lon="-0.8154">
    <ele>61.51</ele>
   </trkpt>
   <trkpt lat="51.41026" lon="-0.8148200000000001">
    <ele>61.900000000000006</ele>
   </trkpt>
   <trkpt lat="51.41026" lon="-0.81432">
    <ele>62.550000000000004</ele>
   </trkpt>
   <trkpt lat="51.41029" lon="-0.8139000000000001">
    <ele>63.03</ele>
   </trkpt>
   <trkpt lat="51.410430000000005" lon="-0.8131100000000001">
    <ele>63.86</ele>
   </trkpt>
   <trkpt lat="51.40968" lon="-0.81261">
    <ele>63.74</ele>
   </trkpt>
   <trkpt lat="51.40921" lon="-0.8122">
    <ele>63.51000000000001</ele>
   </trkpt>
   <trkpt lat="51.408590000947484" lon="-0.8117249935497034">
    <ele>63.300000000000004</ele>
   </trkpt>
   <trkpt lat="51.407970000000006" lon="-0.81125">
    <ele>62.410000000000004</ele>
   </trkpt>
   <trkpt lat="51.40755500031724" lon="-0.8109649973939502">
    <ele>61.95</ele>
   </trkpt>
   <trkpt lat="51.407140000000005" lon="-0.8106800000000001">
    <ele>61.730000000000004</ele>
   </trkpt>
   <trkpt lat="51.40692000000001" lon="-0.81059">
    <ele>61.870000000000005</ele>
   </trkpt>
   <trkpt lat="51.40668" lon="-0.81066">
    <ele>61.85</ele>
   </trkpt>
   <trkpt lat="51.40648" lon="-0.8107500000000001">
    <ele>61.94</ele>
   </trkpt>
   <trkpt lat="51.406490000000005" lon="-0.8105100000000001">
    <ele>62.19</ele>
   </trkpt>
   <trkpt lat="51.406530000000004" lon="-0.81032">
    <ele>62.330000000000005</ele>
   </trkpt>
   <trkpt lat="51.40652000000001" lon="-0.80976">
    <ele>63.08000000000001</ele>
   </trkpt>
   <trkpt lat="51.40654000000001" lon="-0.8095600000000001">
    <ele>63.6</ele>
   </trkpt>
   <trkpt lat="51.40661000000001" lon="-0.80942">
    <ele>63.80000000000001</ele>
   </trkpt>
   <trkpt lat="51.40673" lon="-0.8093400000000001">
    <ele>63.96</ele>
   </trkpt>
   <trkpt lat="51.406780000000005" lon="-0.8092800000000001">
    <ele>64.11</ele>
   </trkpt>
   <trkpt lat="51.40677" lon="-0.8092">
    <ele>64.11</ele>
   </trkpt>
   <trkpt lat="51.40695" lon="-0.8092">
    <ele>63.87000000000001</ele>
   </trkpt>
   <trkpt lat="51.407090000000004" lon="-0.80925">
    <ele>63.910000000000004</ele>
   </trkpt>
   <trkpt lat="51.407180000000004" lon="-0.8092400000000001">
    <ele>64.03</ele>
   </trkpt>
   <trkpt lat="51.407250000000005" lon="-0.8091700000000001">
    <ele>64.03</ele>
   </trkpt>
   <trkpt lat="51.40753" lon="-0.8085100000000001">
    <ele>64.81</ele>
   </trkpt>
   <trkpt lat="51.407560000000004" lon="-0.8083">
    <ele>65.16000000000001</ele>
   </trkpt>
   <trkpt lat="51.40753" lon="-0.8080700000000001">
    <ele>65.37</ele>
   </trkpt>
   <trkpt lat="51.40771" lon="-0.808">
    <ele>65.46000000000001</ele>
   </trkpt>
   <trkpt lat="51.40758" lon="-0.8072900000000001">
    <ele>66.79</ele>
   </trkpt>
   <trkpt lat="51.40747" lon="-0.807">
    <ele>68.25</ele>
   </trkpt>
   <trkpt lat="51.407340000000005" lon="-0.8068500000000001">
    <ele>70.21000000000001</ele>
   </trkpt>
   <trkpt lat="51.40717" lon="-0.80674">
    <ele>70.21000000000001</ele>
   </trkpt>
   <trkpt lat="51.40639" lon="-0.8064500000000001">
    <ele>72.12</ele>
   </trkpt>
   <trkpt lat="51.406150000000004" lon="-0.8064100000000001">
    <ele>70.66</ele>
   </trkpt>
   <trkpt lat="51.40581" lon="-0.80644">
    <ele>69.73</ele>
   </trkpt>
   <trkpt lat="51.40561" lon="-0.80652">
    <ele>69.73</ele>
   </trkpt>
   <trkpt lat="51.40518" lon="-0.80681">
    <ele>65.18</ele>
   </trkpt>
   <trkpt lat="51.404650000000004" lon="-0.80732">
    <ele>63.0</ele>
   </trkpt>
   <trkpt lat="51.404540000000004" lon="-0.8074000000000001">
    <ele>63.13</ele>
   </trkpt>
   <trkpt lat="51.40442" lon="-0.8074600000000001">
    <ele>63.13</ele>
   </trkpt>
   <trkpt lat="51.40439000000001" lon="-0.80742">
    <ele>63.12000000000001</ele>
   </trkpt>
   <trkpt lat="51.40422" lon="-0.8073400000000001">
    <ele>63.03</ele>
   </trkpt>
   <trkpt lat="51.40406" lon="-0.80722">
    <ele>63.04</ele>
   </trkpt>
   <trkpt lat="51.40375" lon="-0.8066800000000001">
    <ele>63.34</ele>
   </trkpt>
   <trkpt lat="51.403650000000006" lon="-0.8063400000000001">
    <ele>64.02000000000001</ele>
   </trkpt>
   <trkpt lat="51.403560000000006" lon="-0.80586">
    <ele>64.43</ele>
   </trkpt>
   <trkpt lat="51.40348" lon="-0.80559">
    <ele>64.7</ele>
   </trkpt>
   <trkpt lat="51.40332" lon="-0.8051900000000001">
    <ele>65.45</ele>
   </trkpt>
   <trkpt lat="51.40314000000001" lon="-0.8048500000000001">
    <ele>65.82000000000001</ele>
   </trkpt>
   <trkpt lat="51.40301" lon="-0.80466">
    <ele>65.91000000000001</ele>
   </trkpt>
   <trkpt lat="51.402730000000005" lon="-0.8044100000000001">
    <ele>65.92</ele>
   </trkpt>
   <trkpt lat="51.402680000000004" lon="-0.80432">
    <ele>65.92</ele>
   </trkpt>
   <trkpt lat="51.402640000000005" lon="-0.8040600000000001">
    <ele>65.92</ele>
   </trkpt>
   <trkpt lat="51.40267000000001" lon="-0.8037200000000001">
    <ele>66.02000000000001</ele>
   </trkpt>
   <trkpt lat="51.40281" lon="-0.8030200000000001">
    <ele>66.25</ele>
   </trkpt>
   <trkpt lat="51.40321" lon="-0.802">
    <ele>66.7</ele>
   </trkpt>
   <trkpt lat="51.403760000000005" lon="-0.80093">
    <ele>67.8</ele>
   </trkpt>
   <trkpt lat="51.40399000000001" lon="-0.7998500000000001">
    <ele>68.69</ele>
   </trkpt>
   <trkpt lat="51.404140000000005" lon="-0.79888">
    <ele>70.39</ele>
   </trkpt>
   <trkpt lat="51.40417000000001" lon="-0.79851">
    <ele>70.39</ele>
   </trkpt>
   <trkpt lat="51.404180000000004" lon="-0.79759">
    <ele>71.23</ele>
   </trkpt>
   <trkpt lat="51.40415" lon="-0.7972400000000001">
    <ele>71.9</ele>
   </trkpt>
   <trkpt lat="51.404230000000005" lon="-0.79693">
    <ele>72.25000000000001</ele>
   </trkpt>
   <trkpt lat="51.40437000000001" lon="-0.7961400000000001">
    <ele>74.25000000000001</ele>
   </trkpt>
   <trkpt lat="51.403756011182416" lon="-0.7953299565215329">
    <ele>73.9</ele>
   </trkpt>
   <trkpt lat="51.403142016781274" lon="-0.794519934793617">
    <ele>73.48</ele>
   </trkpt>
   <trkpt lat="51.40252801679685" lon="-0.793709934815388">
    <ele>72.29</ele>
   </trkpt>
   <trkpt lat="51.40191401122943" lon="-0.7928999565859816">
    <ele>70.22</ele>
   </trkpt>
   <trkpt lat="51.401300000000006" lon="-0.7920900000000001">
    <ele>69.07000000000001</ele>
   </trkpt>
   <trkpt lat="51.40185" lon="-0.79107">
    <ele>69.13000000000001</ele>
   </trkpt>
   <trkpt lat="51.401610000000005" lon="-0.7907500000000001">
    <ele>68.99000000000001</ele>
   </trkpt>
   <trkpt lat="51.401270000000004" lon="-0.7900900000000001">
    <ele>69.48</ele>
   </trkpt>
   <trkpt lat="51.40101000000001" lon="-0.78934">
    <ele>69.85000000000001</ele>
   </trkpt>
   <trkpt lat="51.400890000000004" lon="-0.7889">
    <ele>70.07000000000001</ele>
   </trkpt>
   <trkpt lat="51.40082" lon="-0.78815">
    <ele>70.09</ele>
   </trkpt>
   <trkpt lat="51.40077" lon="-0.78788">
    <ele>70.21000000000001</ele>
   </trkpt>
   <trkpt lat="51.40062" lon="-0.78741">
    <ele>70.22</ele>
   </trkpt>
   <trkpt lat="51.400310000000005" lon="-0.78678">
    <ele>70.44</ele>
   </trkpt>
   <trkpt lat="51.40008" lon="-0.7864200000000001">
    <ele>70.61</ele>
   </trkpt>
   <trkpt lat="51.400090000000006" lon="-0.7862800000000001">
    <ele>70.43</ele>
   </trkpt>
   <trkpt lat="51.399935004582694" lon="-0.7852399963454479">
    <ele>69.84</ele>
   </trkpt>
   <trkpt lat="51.39978000000001" lon="-0.7842000000000001">
    <ele>69.12</ele>
   </trkpt>
   <trkpt lat="51.399570000000004" lon="-0.78327">
    <ele>68.57000000000001</ele>
   </trkpt>
   <trkpt lat="51.39952" lon="-0.78315">
    <ele>68.57000000000001</ele>
   </trkpt>
   <trkpt lat="51.39951000000001" lon="-0.7831300000000001">
    <ele>68.56</ele>
   </trkpt>
   <trkpt lat="51.399440000000006" lon="-0.7830400000000001">
    <ele>68.48</ele>
   </trkpt>
   <trkpt lat="51.399060000837615" lon="-0.7826149965464374">
    <ele>68.02000000000001</ele>
   </trkpt>
   <trkpt lat="51.398680000000006" lon="-0.78219">
    <ele>67.5</ele>
   </trkpt>
   <trkpt lat="51.39856" lon="-0.7819200000000001">
    <ele>67.5</ele>
   </trkpt>
   <trkpt lat="51.39847" lon="-0.7815700000000001">
    <ele>67.37</ele>
   </trkpt>
   <trkpt lat="51.398450000000004" lon="-0.78158">
    <ele>67.37</ele>
   </trkpt>
   <trkpt lat="51.398390000000006" lon="-0.78156">
    <ele>67.37</ele>
   </trkpt>
   <trkpt lat="51.398340000000005" lon="-0.7814800000000001">
    <ele>67.29</ele>
   </trkpt>
   <trkpt lat="51.39833" lon="-0.7814200000000001">
    <ele>67.29</ele>
   </trkpt>
   <trkpt lat="51.39828000000001" lon="-0.7814300000000001">
    <ele>67.29</ele>
   </trkpt>
   <trkpt lat="51.39815" lon="-0.7815200000000001">
    <ele>67.26</ele>
   </trkpt>
   <trkpt lat="51.398010000000006" lon="-0.7814000000000001">
    <ele>67.25</ele>
   </trkpt>
   <trkpt lat="51.397470000000006" lon="-0.7808200000000001">
    <ele>67.59</ele>
   </trkpt>
   <trkpt lat="51.39697" lon="-0.78017">
    <ele>68.57000000000001</ele>
   </trkpt>
   <trkpt lat="51.39649000000001" lon="-0.7794200000000001">
    <ele>69.03</ele>
   </trkpt>
   <trkpt lat="51.396460000000005" lon="-0.77941">
    <ele>69.03</ele>
   </trkpt>
   <trkpt lat="51.39584333418578" lon="-0.7797266752047104">
    <ele>68.76</ele>
   </trkpt>
   <trkpt lat="51.39522666751815" lon="-0.7800433418717244">
    <ele>69.34</ele>
   </trkpt>
   <trkpt lat="51.39461000000001" lon="-0.78036">
    <ele>70.99000000000001</ele>
   </trkpt>
   <trkpt lat="51.39405000000001" lon="-0.78058">
    <ele>72.89000000000001</ele>
   </trkpt>
   <trkpt lat="51.39396000000001" lon="-0.7806700000000001">
    <ele>73.31</ele>
   </trkpt>
   <trkpt lat="51.39387000000001" lon="-0.78095">
    <ele>73.64000000000001</ele>
   </trkpt>
   <trkpt lat="51.39341" lon="-0.78058">
    <ele>75.44000000000001</ele>
   </trkpt>
   <trkpt lat="51.393330000000006" lon="-0.78034">
    <ele>76.27</ele>
   </trkpt>
   <trkpt lat="51.39338000000001" lon="-0.78032">
    <ele>75.97000000000001</ele>
   </trkpt>
   <trkpt lat="51.393440000000005" lon="-0.78002">
    <ele>75.74</ele>
   </trkpt>
   <trkpt lat="51.39343" lon="-0.7798200000000001">
    <ele>75.81</ele>
   </trkpt>
   <trkpt lat="51.393390000000004" lon="-0.7796500000000001">
    <ele>76.00000000000001</ele>
   </trkpt>
   <trkpt lat="51.39329000000001" lon="-0.77941">
    <ele>76.29</ele>
   </trkpt>
   <trkpt lat="51.393100000000004" lon="-0.77883">
    <ele>78.66000000000001</ele>
   </trkpt>
   <trkpt lat="51.39305" lon="-0.77873">
    <ele>79.08000000000001</ele>
   </trkpt>
   <trkpt lat="51.3928" lon="-0.77853">
    <ele>80.03</ele>
   </trkpt>
   <trkpt lat="51.39269" lon="-0.7783300000000001">
    <ele>80.57000000000001</ele>
   </trkpt>
   <trkpt lat="51.39233" lon="-0.77771">
    <ele>82.09</ele>
   </trkpt>
   <trkpt lat="51.39228000000001" lon="-0.7775900000000001">
    <ele>82.09</ele>
   </trkpt>
   <trkpt lat="51.39181000000001" lon="-0.77749">
    <ele>82.97</ele>
   </trkpt>
   <trkpt lat="51.39126000037895" lon="-0.7772899976716849">
    <ele>83.42</ele>
   </trkpt>
   <trkpt lat="51.390710000000006" lon="-0.7770900000000001">
    <ele>83.74000000000001</ele>
   </trkpt>
   <trkpt lat="51.39032" lon="-0.77688">
    <ele>84.15</ele>
   </trkpt>
   <trkpt lat="51.390190000000004" lon="-0.7768200000000001">
    <ele>84.32000000000001</ele>
   </trkpt>
   <trkpt lat="51.39002000000001" lon="-0.77658">
    <ele>84.71000000000001</ele>
   </trkpt>
   <trkpt lat="51.389900000000004" lon="-0.77607">
    <ele>84.88000000000001</ele>
   </trkpt>
   <trkpt lat="51.38998" lon="-0.77573">
    <ele>86.03</ele>
   </trkpt>
   <trkpt lat="51.39002000000001" lon="-0.77541">
    <ele>86.51</ele>
   </trkpt>
   <trkpt lat="51.38987" lon="-0.7745900000000001">
    <ele>87.21000000000001</ele>
   </trkpt>
   <trkpt lat="51.389790000000005" lon="-0.77427">
    <ele>87.3</ele>
   </trkpt>
   <trkpt lat="51.389810000000004" lon="-0.77407">
    <ele>87.29</ele>
   </trkpt>
   <trkpt lat="51.38947" lon="-0.7739900000000001">
    <ele>87.11</ele>
   </trkpt>
   <trkpt lat="51.389160000000004" lon="-0.7738700000000001">
    <ele>86.95000000000002</ele>
   </trkpt>
   <trkpt lat="51.38859" lon="-0.77356">
    <ele>87.33</ele>
   </trkpt>
   <trkpt lat="51.388510000000004" lon="-0.77349">
    <ele>87.65</ele>
   </trkpt>
   <trkpt lat="51.388070000000006" lon="-0.7731500000000001">
    <ele>88.83</ele>
   </trkpt>
   <trkpt lat="51.38749000000001" lon="-0.7725900000000001">
    <ele>90.66</ele>
   </trkpt>
   <trkpt lat="51.387370000000004" lon="-0.7723200000000001">
    <ele>91.01</ele>
   </trkpt>
   <trkpt lat="51.38740000000001" lon="-0.77214">
    <ele>91.28000000000002</ele>
   </trkpt>
   <trkpt lat="51.38745" lon="-0.7720100000000001">
    <ele>91.48</ele>
   </trkpt>
   <trkpt lat="51.38741" lon="-0.7719600000000001">
    <ele>91.6</ele>
   </trkpt>
   <trkpt lat="51.38738000000001" lon="-0.7719400000000001">
    <ele>91.65</ele>
   </trkpt>
   <trkpt lat="51.387350000000005" lon="-0.7718">
    <ele>91.88</ele>
   </trkpt>
   <trkpt lat="51.387440000000005" lon="-0.77175">
    <ele>91.93</ele>
   </trkpt>
   <trkpt lat="51.38739" lon="-0.77149">
    <ele>92.11000000000001</ele>
   </trkpt>
   <trkpt lat="51.387350000000005" lon="-0.77146">
    <ele>92.11000000000001</ele>
   </trkpt>
   <trkpt lat="51.3873" lon="-0.7713800000000001">
    <ele>92.11000000000001</ele>
   </trkpt>
   <trkpt lat="51.387260000000005" lon="-0.77124">
    <ele>92.76</ele>
   </trkpt>
   <trkpt lat="51.38723" lon="-0.7709900000000001">
    <ele>93.00000000000001</ele>
   </trkpt>
   <trkpt lat="51.38723" lon="-0.77056">
    <ele>93.23</ele>
   </trkpt>
   <trkpt lat="51.38732" lon="-0.7698600000000001">
    <ele>93.87</ele>
   </trkpt>
   <trkpt lat="51.38729000000001" lon="-0.7697400000000001">
    <ele>93.87</ele>
   </trkpt>
   <trkpt lat="51.38738000302872" lon="-0.7688950017529683">
    <ele>92.9</ele>
   </trkpt>
   <trkpt lat="51.38747000000001" lon="-0.76805">
    <ele>92.17</ele>
   </trkpt>
   <trkpt lat="51.38711000000001" lon="-0.76763">
    <ele>95.34</ele>
   </trkpt>
   <trkpt lat="51.38696" lon="-0.76758">
    <ele>96.29</ele>
   </trkpt>
   <trkpt lat="51.386680000000005" lon="-0.76751">
    <ele>96.78</ele>
   </trkpt>
   <trkpt lat="51.385994999978614" lon="-0.7674349988723699">
    <ele>98.27000000000001</ele>
   </trkpt>
   <trkpt lat="51.385310000000004" lon="-0.76736">
    <ele>102.71000000000001</ele>
   </trkpt>
   <trkpt lat="51.38505000000001" lon="-0.76736">
    <ele>103.18</ele>
   </trkpt>
   <trkpt lat="51.38494000000001" lon="-0.7673800000000001">
    <ele>104.52</ele>
   </trkpt>
   <trkpt lat="51.384820000000005" lon="-0.76746">
    <ele>104.52</ele>
   </trkpt>
   <trkpt lat="51.384710000000005" lon="-0.76758">
    <ele>105.28000000000002</ele>
   </trkpt>
   <trkpt lat="51.38436" lon="-0.7680300000000001">
    <ele>109.00000000000001</ele>
   </trkpt>
   <trkpt lat="51.38439000285903" lon="-0.7672100006006809">
    <ele>108.66000000000001</ele>
   </trkpt>
   <trkpt lat="51.384420000000006" lon="-0.76639">
    <ele>108.27</ele>
   </trkpt>
   <trkpt lat="51.38445" lon="-0.7661600000000001">
    <ele>108.80000000000001</ele>
   </trkpt>
   <trkpt lat="51.38447000000001" lon="-0.7658">
    <ele>109.94000000000001</ele>
   </trkpt>
   <trkpt lat="51.38447000000001" lon="-0.7652100000000001">
    <ele>108.66000000000001</ele>
   </trkpt>
   <trkpt lat="51.384460000000004" lon="-0.76509">
    <ele>108.44000000000001</ele>
   </trkpt>
   <trkpt lat="51.38440000000001" lon="-0.76492">
    <ele>108.05000000000001</ele>
   </trkpt>
   <trkpt lat="51.384220000000006" lon="-0.76463">
    <ele>108.00000000000001</ele>
   </trkpt>
   <trkpt lat="51.384150000000005" lon="-0.7646000000000001">
    <ele>108.13</ele>
   </trkpt>
   <trkpt lat="51.383860000000006" lon="-0.76456">
    <ele>109.04</ele>
   </trkpt>
   <trkpt lat="51.383430000000004" lon="-0.7646000000000001">
    <ele>109.22000000000001</ele>
   </trkpt>
   <trkpt lat="51.383340000000004" lon="-0.76443">
    <ele>109.22000000000001</ele>
   </trkpt>
   <trkpt lat="51.38331" lon="-0.76424">
    <ele>109.11000000000001</ele>
   </trkpt>
   <trkpt lat="51.383340000000004" lon="-0.7637400000000001">
    <ele>109.25000000000001</ele>
   </trkpt>
   <trkpt lat="51.38286999992032" lon="-0.7636349988934189">
    <ele>110.31</ele>
   </trkpt>
   <trkpt lat="51.382400000000004" lon="-0.76353">
    <ele>113.52000000000001</ele>
   </trkpt>
   <trkpt lat="51.381870000000006" lon="-0.76319">
    <ele>116.9</ele>
   </trkpt>
   <trkpt lat="51.38147000000001" lon="-0.7627600000000001">
    <ele>118.43</ele>
   </trkpt>
   <trkpt lat="51.380860000000006" lon="-0.7618900000000001">
    <ele>121.33</ele>
   </trkpt>
   <trkpt lat="51.38094" lon="-0.76165">
    <ele>123.12</ele>
   </trkpt>
   <trkpt lat="51.381243342622156" lon="-0.7606066804127195">
    <ele>127.14</ele>
   </trkpt>
   <trkpt lat="51.38154667597978" lon="-0.7595633469960681">
    <ele>127.78</ele>
   </trkpt>
   <trkpt lat="51.38185000000001" lon="-0.7585200000000001">
    <ele>127.94</ele>
   </trkpt>
   <trkpt lat="51.38134333608698" lon="-0.7579533208103976">
    <ele>127.96000000000002</ele>
   </trkpt>
   <trkpt lat="51.380836669440896" lon="-0.7573866541669466">
    <ele>128.02</ele>
   </trkpt>
   <trkpt lat="51.38033" lon="-0.75682">
    <ele>128.18</ele>
   </trkpt>
   <trkpt lat="51.379586679786186" lon="-0.7560349362668463">
    <ele>128.96</ele>
   </trkpt>
   <trkpt lat="51.3788433543269" lon="-0.7552498980316242">
    <ele>128.57000000000002</ele>
   </trkpt>
   <trkpt lat="51.37810002362244" lon="-0.7544648852930076">
    <ele>129.25</ele>
   </trkpt>
   <trkpt lat="51.37735668767315" lon="-0.7536798980496698">
    <ele>129.41</ele>
   </trkpt>
   <trkpt lat="51.37661334647931" lon="-0.7528949363002846">
    <ele>129.66</ele>
   </trkpt>
   <trkpt lat="51.375870000000006" lon="-0.7521100000000001">
    <ele>130.04000000000002</ele>
   </trkpt>
   <trkpt lat="51.37556000000001" lon="-0.75173">
    <ele>130.26000000000002</ele>
   </trkpt>
   <trkpt lat="51.374990000000004" lon="-0.7511800000000001">
    <ele>130.23000000000002</ele>
   </trkpt>
   <trkpt lat="51.37451000115715" lon="-0.7506449943226776">
    <ele>130.18</ele>
   </trkpt>
   <trkpt lat="51.374030000000005" lon="-0.75011">
    <ele>130.15</ele>
   </trkpt>
   <trkpt lat="51.373340000000006" lon="-0.74936">
    <ele>130.29999999999998</ele>
   </trkpt>
   <trkpt lat="51.37321000000001" lon="-0.7492800000000001">
    <ele>130.33</ele>
   </trkpt>
   <trkpt lat="51.373090000000005" lon="-0.74933">
    <ele>130.22</ele>
   </trkpt>
   <trkpt lat="51.37292000000001" lon="-0.7492800000000001">
    <ele>130.22</ele>
   </trkpt>
   <trkpt lat="51.37274000000001" lon="-0.74911">
    <ele>130.17000000000002</ele>
   </trkpt>
   <trkpt lat="51.37210334346229" lon="-0.7484199520231094">
    <ele>130.06</ele>
   </trkpt>
   <trkpt lat="51.37146668287171" lon="-0.7477299232370214">
    <ele>130.04999999999998</ele>
   </trkpt>
   <trkpt lat="51.37083001822848" lon="-0.747039913640887">
    <ele>129.97</ele>
   </trkpt>
   <trkpt lat="51.37019334953282" lon="-0.7463499232338576">
    <ele>129.60000000000002</ele>
   </trkpt>
   <trkpt lat="51.36955667678491" lon="-0.7456599520150846">
    <ele>129.16</ele>
   </trkpt>
   <trkpt lat="51.36892" lon="-0.74497">
    <ele>128.32000000000002</ele>
   </trkpt>
   <trkpt lat="51.36882000000001" lon="-0.7446400000000001">
    <ele>128.07000000000002</ele>
   </trkpt>
   <trkpt lat="51.368770000000005" lon="-0.74453">
    <ele>127.84</ele>
   </trkpt>
   <trkpt lat="51.36856" lon="-0.7442700000000001">
    <ele>127.2</ele>
   </trkpt>
   <trkpt lat="51.36847" lon="-0.74377">
    <ele>125.75</ele>
   </trkpt>
   <trkpt lat="51.368150006261274" lon="-0.7425549914276416">
    <ele>120.59000000000002</ele>
   </trkpt>
   <trkpt lat="51.367830000000005" lon="-0.7413400000000001">
    <ele>120.88000000000001</ele>
   </trkpt>
   <trkpt lat="51.367670000000004" lon="-0.74087">
    <ele>122.29</ele>
   </trkpt>
   <trkpt lat="51.36751000203146" lon="-0.7401949980310221">
    <ele>122.99000000000001</ele>
   </trkpt>
   <trkpt lat="51.36735" lon="-0.7395200000000001">
    <ele>121.71000000000001</ele>
   </trkpt>
   <trkpt lat="51.36713" lon="-0.73846">
    <ele>116.46000000000001</ele>
   </trkpt>
   <trkpt lat="51.36683668091194" lon="-0.7371666501287196">
    <ele>110.25000000000001</ele>
   </trkpt>
   <trkpt lat="51.36654334758557" lon="-0.735873316826411">
    <ele>106.79</ele>
   </trkpt>
   <trkpt lat="51.36625" lon="-0.73458">
    <ele>104.96000000000001</ele>
   </trkpt>
   <trkpt lat="51.36616" lon="-0.73462">
    <ele>104.3</ele>
   </trkpt>
   <trkpt lat="51.366020000000006" lon="-0.73472">
    <ele>104.22</ele>
   </trkpt>
   <trkpt lat="51.365770000000005" lon="-0.73506">
    <ele>103.98</ele>
   </trkpt>
   <trkpt lat="51.365480000000005" lon="-0.7353000000000001">
    <ele>103.66</ele>
   </trkpt>
   <trkpt lat="51.36533000000001" lon="-0.73538">
    <ele>103.63000000000001</ele>
   </trkpt>
   <trkpt lat="51.36527" lon="-0.73538">
    <ele>103.63000000000001</ele>
   </trkpt>
   <trkpt lat="51.365170000000006" lon="-0.73533">
    <ele>103.63000000000001</ele>
   </trkpt>
   <trkpt lat="51.365030000000004" lon="-0.7354700000000001">
    <ele>103.23</ele>
   </trkpt>
   <trkpt lat="51.36497000000001" lon="-0.7354400000000001">
    <ele>103.23</ele>
   </trkpt>
   <trkpt lat="51.36448000000001" lon="-0.7346">
    <ele>103.08</ele>
   </trkpt>
   <trkpt lat="51.36439334538024" lon="-0.7334099953971133">
    <ele>104.21000000000001</ele>
   </trkpt>
   <trkpt lat="51.36430667870633" lon="-0.7322199952978619">
    <ele>106.38</ele>
   </trkpt>
   <trkpt lat="51.36422" lon="-0.7310300000000001">
    <ele>108.03000000000002</ele>
   </trkpt>
   <trkpt lat="51.364180000000005" lon="-0.7307">
    <ele>108.41000000000001</ele>
   </trkpt>
   <trkpt lat="51.364110000000004" lon="-0.73038">
    <ele>108.7</ele>
   </trkpt>
   <trkpt lat="51.364020000000004" lon="-0.73011">
    <ele>109.31</ele>
   </trkpt>
   <trkpt lat="51.36395" lon="-0.72996">
    <ele>109.94000000000001</ele>
   </trkpt>
   <trkpt lat="51.363800000000005" lon="-0.72975">
    <ele>110.32000000000001</ele>
   </trkpt>
   <trkpt lat="51.36357" lon="-0.72953">
    <ele>111.78</ele>
   </trkpt>
   <trkpt lat="51.36307000000001" lon="-0.72918">
    <ele>115.09</ele>
   </trkpt>
   <trkpt lat="51.362820000000006" lon="-0.7290300000000001">
    <ele>116.13000000000001</ele>
   </trkpt>
   <trkpt lat="51.36195000000001" lon="-0.7287">
    <ele>119.64000000000001</ele>
   </trkpt>
   <trkpt lat="51.36124" lon="-0.7285">
    <ele>123.78000000000002</ele>
   </trkpt>
   <trkpt lat="51.360670000000006" lon="-0.72818">
    <ele>126.72</ele>
   </trkpt>
   <trkpt lat="51.36039" lon="-0.72799">
    <ele>127.15</ele>
   </trkpt>
   <trkpt lat="51.35999000058594" lon="-0.7276199967718634">
    <ele>127.56</ele>
   </trkpt>
   <trkpt lat="51.359590000000004" lon="-0.7272500000000001">
    <ele>127.56</ele>
   </trkpt>
   <trkpt lat="51.35917500072963" lon="-0.7268299961733447">
    <ele>127.66000000000003</ele>
   </trkpt>
   <trkpt lat="51.358760000000004" lon="-0.7264100000000001">
    <ele>127.88000000000002</ele>
   </trkpt>
   <trkpt lat="51.35811250660498" lon="-0.72569246960868">
    <ele>127.99000000000002</ele>
   </trkpt>
   <trkpt lat="51.35746500882736" lon="-0.724974959501978">
    <ele>128.01000000000002</ele>
   </trkpt>
   <trkpt lat="51.35681750666738" lon="-0.724257469678988">
    <ele>128.06</ele>
   </trkpt>
   <trkpt lat="51.356170000000006" lon="-0.7235400000000001">
    <ele>127.76</ele>
   </trkpt>
   <trkpt lat="51.355900000000005" lon="-0.7232200000000001">
    <ele>127.65</ele>
   </trkpt>
   <trkpt lat="51.35564000190035" lon="-0.7225499961708017">
    <ele>127.32000000000001</ele>
   </trkpt>
   <trkpt lat="51.355380000000004" lon="-0.7218800000000001">
    <ele>126.66000000000003</ele>
   </trkpt>
   <trkpt lat="51.35504000442635" lon="-0.7208549922555904">
    <ele>124.11000000000001</ele>
   </trkpt>
   <trkpt lat="51.3547" lon="-0.7198300000000001">
    <ele>124.82000000000001</ele>
   </trkpt>
   <trkpt lat="51.35444000142094" lon="-0.7192249962476742">
    <ele>125.80000000000003</ele>
   </trkpt>
   <trkpt lat="51.35418000000001" lon="-0.71862">
    <ele>126.32000000000001</ele>
   </trkpt>
   <trkpt lat="51.35381" lon="-0.7178500000000001">
    <ele>126.66000000000003</ele>
   </trkpt>
   <trkpt lat="51.35380000000001" lon="-0.71757">
    <ele>126.74000000000002</ele>
   </trkpt>
   <trkpt lat="51.353750000000005" lon="-0.7174400000000001">
    <ele>126.73</ele>
   </trkpt>
   <trkpt lat="51.35367" lon="-0.7173900000000001">
    <ele>126.73</ele>
   </trkpt>
   <trkpt lat="51.35303250510791" lon="-0.7167574735968018">
    <ele>126.83</ele>
   </trkpt>
   <trkpt lat="51.35239500681" lon="-0.7161249647958217">
    <ele>126.30000000000003</ele>
   </trkpt>
   <trkpt lat="51.35175750510639" lon="-0.7154924735962623">
    <ele>125.7</ele>
   </trkpt>
   <trkpt lat="51.35112" lon="-0.71486">
    <ele>125.22</ele>
   </trkpt>
   <trkpt lat="51.35066000078629" lon="-0.7144499959469239">
    <ele>123.47000000000001</ele>
   </trkpt>
   <trkpt lat="51.3502" lon="-0.71404">
    <ele>122.26</ele>
   </trkpt>
   <trkpt lat="51.349700000000006" lon="-0.71352">
    <ele>118.94</ele>
   </trkpt>
   <trkpt lat="51.34935" lon="-0.7129700000000001">
    <ele>116.01000000000002</ele>
   </trkpt>
   <trkpt lat="51.349250000000005" lon="-0.71284">
    <ele>114.67</ele>
   </trkpt>
   <trkpt lat="51.34917" lon="-0.71281">
    <ele>115.38000000000001</ele>
   </trkpt>
   <trkpt lat="51.34893" lon="-0.7131000000000001">
    <ele>116.75</ele>
   </trkpt>
   <trkpt lat="51.348780000000005" lon="-0.71296">
    <ele>116.75</ele>
   </trkpt>
   <trkpt lat="51.34879" lon="-0.7129700000000001">
    <ele>116.71000000000001</ele>
   </trkpt>
   <trkpt lat="51.34875" lon="-0.71286">
    <ele>116.98000000000002</ele>
   </trkpt>
   <trkpt lat="51.34868" lon="-0.7122700000000001">
    <ele>119.0</ele>
   </trkpt>
   <trkpt lat="51.34857" lon="-0.7116800000000001">
    <ele>121.41</ele>
   </trkpt>
   <trkpt lat="51.34827000000001" lon="-0.71099">
    <ele>123.03000000000002</ele>
   </trkpt>
   <trkpt lat="51.347860000000004" lon="-0.7100900000000001">
    <ele>123.85000000000001</ele>
   </trkpt>
   <trkpt lat="51.347620000000006" lon="-0.70962">
    <ele>124.30000000000001</ele>
   </trkpt>
   <trkpt lat="51.34743" lon="-0.7093600000000001">
    <ele>124.42000000000002</ele>
   </trkpt>
   <trkpt lat="51.34774" lon="-0.7082700000000001">
    <ele>125.60000000000001</ele>
   </trkpt>
   <trkpt lat="51.347750000000005" lon="-0.7081900000000001">
    <ele>125.67</ele>
   </trkpt>
   <trkpt lat="51.347710000000006" lon="-0.7074900000000001">
    <ele>126.0</ele>
   </trkpt>
   <trkpt lat="51.34772" lon="-0.7063900000000001">
    <ele>126.47</ele>
   </trkpt>
   <trkpt lat="51.347210000000004" lon="-0.70615">
    <ele>123.76</ele>
   </trkpt>
   <trkpt lat="51.34698" lon="-0.70584">
    <ele>119.08</ele>
   </trkpt>
   <trkpt lat="51.346830000000004" lon="-0.7053900000000001">
    <ele>117.02000000000001</ele>
   </trkpt>
   <trkpt lat="51.346810000000005" lon="-0.70459">
    <ele>112.22000000000001</ele>
   </trkpt>
   <trkpt lat="51.346720000000005" lon="-0.70408">
    <ele>109.26</ele>
   </trkpt>
   <trkpt lat="51.34667" lon="-0.70294">
    <ele>101.11</ele>
   </trkpt>
   <trkpt lat="51.346540000000005" lon="-0.7023400000000001">
    <ele>99.25</ele>
   </trkpt>
   <trkpt lat="51.34626" lon="-0.70164">
    <ele>96.69000000000001</ele>
   </trkpt>
   <trkpt lat="51.346180000000004" lon="-0.7014100000000001">
    <ele>96.63000000000001</ele>
   </trkpt>
   <trkpt lat="51.34626" lon="-0.7010500000000001">
    <ele>96.80000000000001</ele>
   </trkpt>
   <trkpt lat="51.34658000259499" lon="-0.7002650055504783">
    <ele>97.13000000000001</ele>
   </trkpt>
   <trkpt lat="51.346900000000005" lon="-0.6994800000000001">
    <ele>96.38000000000001</ele>
   </trkpt>
   <trkpt lat="51.34702000000001" lon="-0.6990000000000001">
    <ele>96.42</ele>
   </trkpt>
   <trkpt lat="51.346940000000004" lon="-0.69864">
    <ele>95.65</ele>
   </trkpt>
   <trkpt lat="51.34693000000001" lon="-0.6986500000000001">
    <ele>95.71000000000001</ele>
   </trkpt>
   <trkpt lat="51.346450000000004" lon="-0.6992600000000001">
    <ele>97.97</ele>
   </trkpt>
   <trkpt lat="51.34619000000001" lon="-0.69971">
    <ele>100.22</ele>
   </trkpt>
   <trkpt lat="51.34606" lon="-0.70008">
    <ele>102.87</ele>
   </trkpt>
   <trkpt lat="51.345960000000005" lon="-0.70071">
    <ele>101.33</ele>
   </trkpt>
   <trkpt lat="51.34561000000001" lon="-0.70108">
    <ele>105.08</ele>
   </trkpt>
   <trkpt lat="51.345040000000004" lon="-0.7012700000000001">
    <ele>108.27</ele>
   </trkpt>
   <trkpt lat="51.34496000000001" lon="-0.70152">
    <ele>106.2</ele>
   </trkpt>
   <trkpt lat="51.34496000000001" lon="-0.70184">
    <ele>105.44</ele>
   </trkpt>
   <trkpt lat="51.344860000000004" lon="-0.7021700000000001">
    <ele>107.02</ele>
   </trkpt>
   <trkpt lat="51.34454" lon="-0.7027800000000001">
    <ele>109.92</ele>
   </trkpt>
   <trkpt lat="51.34432" lon="-0.70296">
    <ele>112.45</ele>
   </trkpt>
   <trkpt lat="51.34391" lon="-0.7032">
    <ele>122.48</ele>
   </trkpt>
   <trkpt lat="51.3436" lon="-0.7033">
    <ele>124.05000000000001</ele>
   </trkpt>
   <trkpt lat="51.34319000000001" lon="-0.70301">
    <ele>124.77000000000001</ele>
   </trkpt>
   <trkpt lat="51.342980000000004" lon="-0.70279">
    <ele>124.93</ele>
   </trkpt>
   <trkpt lat="51.342690000000005" lon="-0.7026600000000001">
    <ele>124.60000000000001</ele>
   </trkpt>
   <trkpt lat="51.34243000000001" lon="-0.70259">
    <ele>124.57000000000001</ele>
   </trkpt>
   <trkpt lat="51.342330000000004" lon="-0.70252">
    <ele>124.57000000000001</ele>
   </trkpt>
   <trkpt lat="51.34223" lon="-0.70279">
    <ele>124.41000000000001</ele>
   </trkpt>
   <trkpt lat="51.34203" lon="-0.70284">
    <ele>124.26</ele>
   </trkpt>
   <trkpt lat="51.341860000000004" lon="-0.7027100000000001">
    <ele>123.66</ele>
   </trkpt>
   <trkpt lat="51.341710000000006" lon="-0.70235">
    <ele>123.29</ele>
   </trkpt>
   <trkpt lat="51.34152" lon="-0.70208">
    <ele>123.16</ele>
   </trkpt>
   <trkpt lat="51.34125" lon="-0.70177">
    <ele>122.69</ele>
   </trkpt>
   <trkpt lat="51.341" lon="-0.70155">
    <ele>122.33000000000001</ele>
   </trkpt>
   <trkpt lat="51.340790000000005" lon="-0.70142">
    <ele>122.32000000000001</ele>
   </trkpt>
   <trkpt lat="51.340430000000005" lon="-0.70145">
    <ele>122.65</ele>
   </trkpt>
   <trkpt lat="51.339760000000005" lon="-0.70137">
    <ele>123.3</ele>
   </trkpt>
   <trkpt lat="51.33944" lon="-0.7012200000000001">
    <ele>123.49000000000001</ele>
   </trkpt>
   <trkpt lat="51.33919" lon="-0.7010500000000001">
    <ele>123.51</ele>
   </trkpt>
   <trkpt lat="51.33901" lon="-0.70081">
    <ele>123.60000000000001</ele>
   </trkpt>
   <trkpt lat="51.33897" lon="-0.7005600000000001">
    <ele>123.79</ele>
   </trkpt>
   <trkpt lat="51.33898000000001" lon="-0.7003">
    <ele>123.97000000000001</ele>
   </trkpt>
   <trkpt lat="51.33903" lon="-0.70008">
    <ele>124.14000000000001</ele>
   </trkpt>
   <trkpt lat="51.33898000000001" lon="-0.6999500000000001">
    <ele>124.15</ele>
   </trkpt>
   <trkpt lat="51.33898000000001" lon="-0.6999000000000001">
    <ele>124.15</ele>
   </trkpt>
   <trkpt lat="51.33829000000001" lon="-0.6998700000000001">
    <ele>122.57000000000001</ele>
   </trkpt>
   <trkpt lat="51.33827" lon="-0.7001000000000001">
    <ele>122.51</ele>
   </trkpt>
   <trkpt lat="51.338190000000004" lon="-0.7004">
    <ele>122.60000000000001</ele>
   </trkpt>
   <trkpt lat="51.338100000000004" lon="-0.70055">
    <ele>122.72000000000001</ele>
   </trkpt>
   <trkpt lat="51.33764000000001" lon="-0.7000500000000001">
    <ele>122.68</ele>
   </trkpt>
   <trkpt lat="51.33747" lon="-0.6998200000000001">
    <ele>122.7</ele>
   </trkpt>
   <trkpt lat="51.33746000000001" lon="-0.69972">
    <ele>122.72000000000001</ele>
   </trkpt>
   <trkpt lat="51.33735" lon="-0.6996100000000001">
    <ele>122.65</ele>
   </trkpt>
   <trkpt lat="51.337270000000004" lon="-0.6996500000000001">
    <ele>122.65</ele>
   </trkpt>
   <trkpt lat="51.33713" lon="-0.6996300000000001">
    <ele>122.61000000000001</ele>
   </trkpt>
   <trkpt lat="51.33686" lon="-0.6996600000000001">
    <ele>122.42000000000002</ele>
   </trkpt>
   <trkpt lat="51.33653" lon="-0.69964">
    <ele>122.37</ele>
   </trkpt>
   <trkpt lat="51.33655" lon="-0.69947">
    <ele>122.32000000000001</ele>
   </trkpt>
   <trkpt lat="51.33594" lon="-0.69911">
    <ele>122.35000000000001</ele>
   </trkpt>
   <trkpt lat="51.336200000000005" lon="-0.6983800000000001">
    <ele>122.68</ele>
   </trkpt>
   <trkpt lat="51.33603" lon="-0.6984">
    <ele>122.67000000000002</ele>
   </trkpt>
   <trkpt lat="51.335175000358" lon="-0.6980799940028816">
    <ele>122.82000000000001</ele>
   </trkpt>
   <trkpt lat="51.334320000000005" lon="-0.69776">
    <ele>123.04</ele>
   </trkpt>
   <trkpt lat="51.33386500005837" lon="-0.6976199986028792">
    <ele>122.65</ele>
   </trkpt>
   <trkpt lat="51.33341" lon="-0.6974800000000001">
    <ele>122.31000000000002</ele>
   </trkpt>
   <trkpt lat="51.33308" lon="-0.6973400000000001">
    <ele>121.44</ele>
   </trkpt>
   <trkpt lat="51.33224500076462" lon="-0.6969399927553129">
    <ele>119.84000000000002</ele>
   </trkpt>
   <trkpt lat="51.331410000000005" lon="-0.69654">
    <ele>120.09000000000002</ele>
   </trkpt>
   <trkpt lat="51.330560000000006" lon="-0.6963">
    <ele>120.43</ele>
   </trkpt>
   <trkpt lat="51.32988000006494" lon="-0.6961199973113109">
    <ele>119.56000000000002</ele>
   </trkpt>
   <trkpt lat="51.32920000000001" lon="-0.69594">
    <ele>118.94</ele>
   </trkpt>
   <trkpt lat="51.328610000000005" lon="-0.6958300000000001">
    <ele>118.93</ele>
   </trkpt>
   <trkpt lat="51.32796500033602" lon="-0.6956499975234762">
    <ele>119.05</ele>
   </trkpt>
   <trkpt lat="51.32732000000001" lon="-0.69547">
    <ele>118.15</ele>
   </trkpt>
   <trkpt lat="51.32699" lon="-0.6954">
    <ele>117.94</ele>
   </trkpt>
   <trkpt lat="51.32686" lon="-0.6953900000000001">
    <ele>117.94</ele>
   </trkpt>
   <trkpt lat="51.32668" lon="-0.69542">
    <ele>117.84000000000002</ele>
   </trkpt>
   <trkpt lat="51.326170000000005" lon="-0.69537">
    <ele>117.49000000000001</ele>
   </trkpt>
   <trkpt lat="51.32549" lon="-0.6954400000000001">
    <ele>117.43</ele>
   </trkpt>
   <trkpt lat="51.324975000122706" lon="-0.6953599991164733">
    <ele>117.67</ele>
   </trkpt>
   <trkpt lat="51.32446" lon="-0.69528">
    <ele>117.92</ele>
   </trkpt>
   <trkpt lat="51.324380000000005" lon="-0.69525">
    <ele>117.92</ele>
   </trkpt>
   <trkpt lat="51.32426" lon="-0.6951700000000001">
    <ele>118.10000000000001</ele>
   </trkpt>
   <trkpt lat="51.324110000000005" lon="-0.69511">
    <ele>118.17</ele>
   </trkpt>
   <trkpt lat="51.32397" lon="-0.6951">
    <ele>118.21000000000001</ele>
   </trkpt>
   <trkpt lat="51.323300000221025" lon="-0.6951600008580774">
    <ele>117.98000000000002</ele>
   </trkpt>
   <trkpt lat="51.322630000000004" lon="-0.6952200000000001">
    <ele>117.36</ele>
   </trkpt>
   <trkpt lat="51.32231" lon="-0.6953900000000001">
    <ele>116.84000000000002</ele>
   </trkpt>
   <trkpt lat="51.322140000000005" lon="-0.69545">
    <ele>116.84000000000002</ele>
   </trkpt>
   <trkpt lat="51.32188000000001" lon="-0.69559">
    <ele>116.57000000000001</ele>
   </trkpt>
   <trkpt lat="51.32168000000001" lon="-0.69574">
    <ele>116.43</ele>
   </trkpt>
   <trkpt lat="51.32137" lon="-0.69591">
    <ele>116.35000000000001</ele>
   </trkpt>
   <trkpt lat="51.32128" lon="-0.69591">
    <ele>116.35000000000001</ele>
   </trkpt>
   <trkpt lat="51.32119" lon="-0.69586">
    <ele>116.28</ele>
   </trkpt>
   <trkpt lat="51.32097" lon="-0.6958300000000001">
    <ele>116.24000000000001</ele>
   </trkpt>
   <trkpt lat="51.32095" lon="-0.6958300000000001">
    <ele>116.24000000000001</ele>
   </trkpt>
   <trkpt lat="51.320890000000006" lon="-0.6958300000000001">
    <ele>116.24000000000001</ele>
   </trkpt>
   <trkpt lat="51.320780000000006" lon="-0.69564">
    <ele>115.0</ele>
   </trkpt>
   <trkpt lat="51.32101" lon="-0.69532">
    <ele>114.61</ele>
   </trkpt>
   <trkpt lat="51.321070000000006" lon="-0.69513">
    <ele>114.57000000000001</ele>
   </trkpt>
   <trkpt lat="51.32108" lon="-0.69474">
    <ele>115.37000000000002</ele>
   </trkpt>
   <trkpt lat="51.32106" lon="-0.69459">
    <ele>115.46000000000001</ele>
   </trkpt>
   <trkpt lat="51.321090000000005" lon="-0.69484">
    <ele>115.27000000000001</ele>
   </trkpt>
   <trkpt lat="51.32108" lon="-0.69501">
    <ele>114.86</ele>
   </trkpt>
   <trkpt lat="51.32097" lon="-0.6954">
    <ele>114.73</ele>
   </trkpt>
   <trkpt lat="51.32096000000001" lon="-0.6958300000000001">
    <ele>115.04</ele>
   </trkpt>
   <trkpt lat="51.32094000000001" lon="-0.6958300000000001">
    <ele>116.24000000000001</ele>
   </trkpt>
   <trkpt lat="51.320890000000006" lon="-0.6958300000000001">
    <ele>116.24000000000001</ele>
   </trkpt>
   <trkpt lat="51.3205750014641" lon="-0.6952349958323312">
    <ele>116.88000000000001</ele>
   </trkpt>
   <trkpt lat="51.320260000000005" lon="-0.69464">
    <ele>117.63000000000001</ele>
   </trkpt>
   <trkpt lat="51.32003" lon="-0.69415">
    <ele>117.79</ele>
   </trkpt>
   <trkpt lat="51.32003" lon="-0.6937800000000001">
    <ele>117.79</ele>
   </trkpt>
   <trkpt lat="51.32000000000001" lon="-0.69364">
    <ele>117.66000000000001</ele>
   </trkpt>
   <trkpt lat="51.319810000000004" lon="-0.6932">
    <ele>117.62000000000002</ele>
   </trkpt>
   <trkpt lat="51.319720000000004" lon="-0.69288">
    <ele>117.65</ele>
   </trkpt>
   <trkpt lat="51.31956" lon="-0.69264">
    <ele>117.84000000000002</ele>
   </trkpt>
   <trkpt lat="51.31944000000001" lon="-0.69264">
    <ele>117.75</ele>
   </trkpt>
   <trkpt lat="51.319280000000006" lon="-0.6925600000000001">
    <ele>117.56</ele>
   </trkpt>
   <trkpt lat="51.3192" lon="-0.6922900000000001">
    <ele>117.08</ele>
   </trkpt>
   <trkpt lat="51.319010000000006" lon="-0.6920000000000001">
    <ele>116.9</ele>
   </trkpt>
   <trkpt lat="51.318920000000006" lon="-0.6919000000000001">
    <ele>116.94000000000001</ele>
   </trkpt>
   <trkpt lat="51.31866" lon="-0.69179">
    <ele>117.09000000000002</ele>
   </trkpt>
   <trkpt lat="51.31846" lon="-0.6917300000000001">
    <ele>117.07000000000001</ele>
   </trkpt>
   <trkpt lat="51.318310000000004" lon="-0.69166">
    <ele>116.97</ele>
   </trkpt>
   <trkpt lat="51.31814000000001" lon="-0.69144">
    <ele>117.08</ele>
   </trkpt>
   <trkpt lat="51.31806" lon="-0.69125">
    <ele>117.37000000000002</ele>
   </trkpt>
   <trkpt lat="51.317820000000005" lon="-0.6912">
    <ele>116.76</ele>
   </trkpt>
   <trkpt lat="51.31767000000001" lon="-0.6912">
    <ele>116.37000000000002</ele>
   </trkpt>
   <trkpt lat="51.31758000000001" lon="-0.69135">
    <ele>116.08</ele>
   </trkpt>
   <trkpt lat="51.317460000000004" lon="-0.69145">
    <ele>115.73</ele>
   </trkpt>
   <trkpt lat="51.31729000000001" lon="-0.69169">
    <ele>116.35000000000001</ele>
   </trkpt>
   <trkpt lat="51.31716" lon="-0.6917800000000001">
    <ele>116.66000000000001</ele>
   </trkpt>
   <trkpt lat="51.31702000000001" lon="-0.6917700000000001">
    <ele>116.85000000000001</ele>
   </trkpt>
   <trkpt lat="51.31680000000001" lon="-0.6915600000000001">
    <ele>116.84000000000002</ele>
   </trkpt>
   <trkpt lat="51.31665" lon="-0.6913400000000001">
    <ele>116.84000000000002</ele>
   </trkpt>
   <trkpt lat="51.31608000000001" lon="-0.6910000000000001">
    <ele>116.98000000000002</ele>
   </trkpt>
   <trkpt lat="51.315990000000006" lon="-0.69088">
    <ele>116.98000000000002</ele>
   </trkpt>
   <trkpt lat="51.31555" lon="-0.68991">
    <ele>117.10000000000001</ele>
   </trkpt>
   <trkpt lat="51.31542" lon="-0.6897300000000001">
    <ele>117.03</ele>
   </trkpt>
   <trkpt lat="51.314820000000005" lon="-0.68915">
    <ele>116.7</ele>
   </trkpt>
   <trkpt lat="51.314410000849186" lon="-0.6886849957634595">
    <ele>115.88000000000001</ele>
   </trkpt>
   <trkpt lat="51.31400000000001" lon="-0.68822">
    <ele>115.66000000000001</ele>
   </trkpt>
   <trkpt lat="51.31389" lon="-0.6881200000000001">
    <ele>115.66000000000001</ele>
   </trkpt>
   <trkpt lat="51.313790000000004" lon="-0.6881">
    <ele>115.57000000000001</ele>
   </trkpt>
   <trkpt lat="51.31351" lon="-0.68815">
    <ele>115.56</ele>
   </trkpt>
   <trkpt lat="51.31333000000001" lon="-0.6881200000000001">
    <ele>115.67</ele>
   </trkpt>
   <trkpt lat="51.312470000000005" lon="-0.68789">
    <ele>116.05000000000001</ele>
   </trkpt>
   <trkpt lat="51.311960000000006" lon="-0.6876800000000001">
    <ele>115.78</ele>
   </trkpt>
   <trkpt lat="51.31159" lon="-0.6871200000000001">
    <ele>115.7</ele>
   </trkpt>
   <trkpt lat="51.31120000000001" lon="-0.68696">
    <ele>115.79</ele>
   </trkpt>
   <trkpt lat="51.31096" lon="-0.68693">
    <ele>115.11</ele>
   </trkpt>
   <trkpt lat="51.31069" lon="-0.68698">
    <ele>112.91000000000001</ele>
   </trkpt>
   <trkpt lat="51.31013" lon="-0.68727">
    <ele>111.93</ele>
   </trkpt>
   <trkpt lat="51.31006000000001" lon="-0.68727">
    <ele>111.92</ele>
   </trkpt>
   <trkpt lat="51.309900000000006" lon="-0.68745">
    <ele>113.4</ele>
   </trkpt>
   <trkpt lat="51.309650000000005" lon="-0.68764">
    <ele>114.91000000000001</ele>
   </trkpt>
   <trkpt lat="51.30912000000001" lon="-0.6875600000000001">
    <ele>115.87000000000002</ele>
   </trkpt>
   <trkpt lat="51.308580000000006" lon="-0.68705">
    <ele>113.69000000000001</ele>
   </trkpt>
   <trkpt lat="51.30843" lon="-0.68676">
    <ele>111.08000000000001</ele>
   </trkpt>
   <trkpt lat="51.30836000000001" lon="-0.6865600000000001">
    <ele>109.38000000000001</ele>
   </trkpt>
   <trkpt lat="51.30803" lon="-0.68625">
    <ele>101.61</ele>
   </trkpt>
   <trkpt lat="51.307930000000006" lon="-0.68605">
    <ele>99.85000000000001</ele>
   </trkpt>
   <trkpt lat="51.307700000000004" lon="-0.6858200000000001">
    <ele>98.05000000000001</ele>
   </trkpt>
   <trkpt lat="51.30706000000001" lon="-0.68523">
    <ele>98.31</ele>
   </trkpt>
   <trkpt lat="51.30631000045172" lon="-0.6849049946894828">
    <ele>99.45</ele>
   </trkpt>
   <trkpt lat="51.30556000000001" lon="-0.6845800000000001">
    <ele>96.25</ele>
   </trkpt>
   <trkpt lat="51.305490000000006" lon="-0.6845600000000001">
    <ele>95.96000000000001</ele>
   </trkpt>
   <trkpt lat="51.304970000000004" lon="-0.68381">
    <ele>96.33000000000001</ele>
   </trkpt>
   <trkpt lat="51.304700000000004" lon="-0.68371">
    <ele>97.69000000000001</ele>
   </trkpt>
   <trkpt lat="51.304300000000005" lon="-0.68349">
    <ele>98.18</ele>
   </trkpt>
   <trkpt lat="51.30398" lon="-0.68342">
    <ele>96.47000000000001</ele>
   </trkpt>
   <trkpt lat="51.30382" lon="-0.6832900000000001">
    <ele>95.13000000000001</ele>
   </trkpt>
   <trkpt lat="51.303470000000004" lon="-0.68332">
    <ele>92.24</ele>
   </trkpt>
   <trkpt lat="51.30337" lon="-0.68344">
    <ele>91.61000000000001</ele>
   </trkpt>
   <trkpt lat="51.303110000000004" lon="-0.68362">
    <ele>89.66</ele>
   </trkpt>
   <trkpt lat="51.30295" lon="-0.68361">
    <ele>88.31000000000002</ele>
   </trkpt>
   <trkpt lat="51.30236000000001" lon="-0.68296">
    <ele>84.7</ele>
   </trkpt>
   <trkpt lat="51.3024600108708" lon="-0.6840899950345485">
    <ele>84.52000000000001</ele>
   </trkpt>
   <trkpt lat="51.30256001086716" lon="-0.6852199949932577">
    <ele>85.31</ele>
   </trkpt>
   <trkpt lat="51.30266" lon="-0.68635">
    <ele>87.45000000000002</ele>
   </trkpt>
   <trkpt lat="51.30297" lon="-0.6875500000000001">
    <ele>87.41</ele>
   </trkpt>
   <trkpt lat="51.302980000000005" lon="-0.68783">
    <ele>87.58</ele>
   </trkpt>
   <trkpt lat="51.30297" lon="-0.68806">
    <ele>87.20000000000002</ele>
   </trkpt>
   <trkpt lat="51.30263500409414" lon="-0.6890500074600153">
    <ele>86.55</ele>
   </trkpt>
   <trkpt lat="51.3023" lon="-0.6900400000000001">
    <ele>85.69</ele>
   </trkpt>
   <trkpt lat="51.30227000000001" lon="-0.69032">
    <ele>85.72</ele>
   </trkpt>
   <trkpt lat="51.302240000000005" lon="-0.69105">
    <ele>86.0</ele>
   </trkpt>
   <trkpt lat="51.3023" lon="-0.69164">
    <ele>85.78</ele>
   </trkpt>
   <trkpt lat="51.302220000000005" lon="-0.6918300000000001">
    <ele>85.08</ele>
   </trkpt>
   <trkpt lat="51.30214" lon="-0.6924">
    <ele>83.73</ele>
   </trkpt>
   <trkpt lat="51.301840000000006" lon="-0.6933100000000001">
    <ele>82.38000000000001</ele>
   </trkpt>
   <trkpt lat="51.301770000000005" lon="-0.69325">
    <ele>81.93</ele>
   </trkpt>
   <trkpt lat="51.30171000000001" lon="-0.6933">
    <ele>81.44000000000001</ele>
   </trkpt>
   <trkpt lat="51.30154" lon="-0.69372">
    <ele>79.42999999999999</ele>
   </trkpt>
   <trkpt lat="51.301390000000005" lon="-0.69398">
    <ele>78.81</ele>
   </trkpt>
   <trkpt lat="51.30125" lon="-0.6941">
    <ele>77.71</ele>
   </trkpt>
   <trkpt lat="51.30115000000001" lon="-0.6941200000000001">
    <ele>77.29</ele>
   </trkpt>
   <trkpt lat="51.30102" lon="-0.69406">
    <ele>77.29</ele>
   </trkpt>
   <trkpt lat="51.30086000000001" lon="-0.69391">
    <ele>77.09</ele>
   </trkpt>
   <trkpt lat="51.3008" lon="-0.69389">
    <ele>77.09</ele>
   </trkpt>
   <trkpt lat="51.300740000000005" lon="-0.69389">
    <ele>77.01</ele>
   </trkpt>
   <trkpt lat="51.300580000000004" lon="-0.69393">
    <ele>76.65</ele>
   </trkpt>
   <trkpt lat="51.300650000000005" lon="-0.6944400000000001">
    <ele>77.14</ele>
   </trkpt>
   <trkpt lat="51.30066000000001" lon="-0.69506">
    <ele>77.12</ele>
   </trkpt>
   <trkpt lat="51.300630000000005" lon="-0.6955800000000001">
    <ele>77.07</ele>
   </trkpt>
   <trkpt lat="51.300630000000005" lon="-0.69601">
    <ele>77.16000000000001</ele>
   </trkpt>
   <trkpt lat="51.30064" lon="-0.69647">
    <ele>77.12</ele>
   </trkpt>
   <trkpt lat="51.300700000000006" lon="-0.69735">
    <ele>77.21</ele>
   </trkpt>
   <trkpt lat="51.30083500782335" lon="-0.6987049960665787">
    <ele>77.49</ele>
   </trkpt>
   <trkpt lat="51.30097000000001" lon="-0.70006">
    <ele>77.57</ele>
   </trkpt>
   <trkpt lat="51.30110667472674" lon="-0.7010333274790281">
    <ele>77.54</ele>
   </trkpt>
   <trkpt lat="51.30124334138527" lon="-0.702006660754289">
    <ele>77.63000000000001</ele>
   </trkpt>
   <trkpt lat="51.30138" lon="-0.70298">
    <ele>77.82</ele>
   </trkpt>
   <trkpt lat="51.30153001139477" lon="-0.7041366591137174">
    <ele>77.77000000000001</ele>
   </trkpt>
   <trkpt lat="51.30168001139573" lon="-0.7052933257875995">
    <ele>77.91000000000001</ele>
   </trkpt>
   <trkpt lat="51.30183" lon="-0.70645">
    <ele>77.78</ele>
   </trkpt>
   <trkpt lat="51.301993345533866" lon="-0.7076466581869585">
    <ele>77.65</ele>
   </trkpt>
   <trkpt lat="51.302156678872315" lon="-0.7088433248909165">
    <ele>77.76</ele>
   </trkpt>
   <trkpt lat="51.30232" lon="-0.71004">
    <ele>77.83000000000001</ele>
   </trkpt>
   <trkpt lat="51.30245000933144" lon="-0.7110866607516221">
    <ele>77.44000000000001</ele>
   </trkpt>
   <trkpt lat="51.30258000933322" lon="-0.712133327432458">
    <ele>77.35</ele>
   </trkpt>
   <trkpt lat="51.302710000000005" lon="-0.71318">
    <ele>77.17</ele>
   </trkpt>
   <trkpt lat="51.30281" lon="-0.71425">
    <ele>77.17</ele>
   </trkpt>
   <trkpt lat="51.302820000000004" lon="-0.71469">
    <ele>77.09</ele>
   </trkpt>
   <trkpt lat="51.302870000000006" lon="-0.71518">
    <ele>76.87</ele>
   </trkpt>
   <trkpt lat="51.30295" lon="-0.71657">
    <ele>76.73</ele>
   </trkpt>
   <trkpt lat="51.302960000000006" lon="-0.71794">
    <ele>76.4</ele>
   </trkpt>
   <trkpt lat="51.302890000000005" lon="-0.71828">
    <ele>76.45</ele>
   </trkpt>
   <trkpt lat="51.30266" lon="-0.71852">
    <ele>76.48</ele>
   </trkpt>
   <trkpt lat="51.30252" lon="-0.7189300000000001">
    <ele>76.38</ele>
   </trkpt>
   <trkpt lat="51.302330000000005" lon="-0.7192000000000001">
    <ele>76.45</ele>
   </trkpt>
   <trkpt lat="51.301880000000004" lon="-0.7197">
    <ele>76.41000000000001</ele>
   </trkpt>
   <trkpt lat="51.30125" lon="-0.7205">
    <ele>76.39</ele>
   </trkpt>
   <trkpt lat="51.30102" lon="-0.7207500000000001">
    <ele>76.42</ele>
   </trkpt>
   <trkpt lat="51.30098" lon="-0.7207600000000001">
    <ele>76.42</ele>
   </trkpt>
   <trkpt lat="51.30087" lon="-0.72096">
    <ele>76.46</ele>
   </trkpt>
   <trkpt lat="51.30041000068834" lon="-0.7213450038103935">
    <ele>76.62</ele>
   </trkpt>
   <trkpt lat="51.29995" lon="-0.7217300000000001">
    <ele>76.85</ele>
   </trkpt>
   <trkpt lat="51.299670000000006" lon="-0.7219800000000001">
    <ele>77.56</ele>
   </trkpt>
   <trkpt lat="51.29984" lon="-0.72265">
    <ele>76.76</ele>
   </trkpt>
   <trkpt lat="51.2999" lon="-0.72301">
    <ele>74.24</ele>
   </trkpt>
   <trkpt lat="51.299850000000006" lon="-0.72304">
    <ele>74.24</ele>
   </trkpt>
   <trkpt lat="51.29975" lon="-0.7225400000000001">
    <ele>75.08000000000001</ele>
   </trkpt>
   <trkpt lat="51.29972" lon="-0.7225">
    <ele>75.08000000000001</ele>
   </trkpt>
   <trkpt lat="51.29923" lon="-0.72267">
    <ele>75.15</ele>
   </trkpt>
   <trkpt lat="51.29885" lon="-0.72265">
    <ele>75.08000000000001</ele>
   </trkpt>
   <trkpt lat="51.298860000000005" lon="-0.7228100000000001">
    <ele>73.97000000000001</ele>
   </trkpt>
   <trkpt lat="51.298930000000006" lon="-0.72328">
    <ele>72.11</ele>
   </trkpt>
   <trkpt lat="51.29889000000001" lon="-0.72367">
    <ele>71.33</ele>
   </trkpt>
   <trkpt lat="51.29866000372006" lon="-0.724610004883743">
    <ele>69.03</ele>
   </trkpt>
   <trkpt lat="51.29843" lon="-0.72555">
    <ele>67.28</ele>
   </trkpt>
   <trkpt lat="51.29866000380521" lon="-0.7246100045357575">
    <ele>69.03</ele>
   </trkpt>
   <trkpt lat="51.29889000000001" lon="-0.72367">
    <ele>71.33</ele>
   </trkpt>
   <trkpt lat="51.298930000000006" lon="-0.72328">
    <ele>72.11</ele>
   </trkpt>
   <trkpt lat="51.298860000000005" lon="-0.7228100000000001">
    <ele>74.31</ele>
   </trkpt>
   <trkpt lat="51.29885" lon="-0.72265">
    <ele>75.08000000000001</ele>
   </trkpt>
   <trkpt lat="51.29923" lon="-0.72267">
    <ele>75.15</ele>
   </trkpt>
   <trkpt lat="51.29972" lon="-0.7225">
    <ele>75.08000000000001</ele>
   </trkpt>
   <trkpt lat="51.29975" lon="-0.7225400000000001">
    <ele>74.91</ele>
   </trkpt>
   <trkpt lat="51.299850000000006" lon="-0.72304">
    <ele>74.24</ele>
   </trkpt>
   <trkpt lat="51.2999" lon="-0.72301">
    <ele>74.12</ele>
   </trkpt>
   <trkpt lat="51.30001500412509" lon="-0.7239949974777197">
    <ele>71.47</ele>
   </trkpt>
   <trkpt lat="51.30013" lon="-0.7249800000000001">
    <ele>71.61</ele>
   </trkpt>
   <trkpt lat="51.30019000000001" lon="-0.72514">
    <ele>72.23</ele>
   </trkpt>
   <trkpt lat="51.30059000087237" lon="-0.725614995755737">
    <ele>72.43</ele>
   </trkpt>
   <trkpt lat="51.300990000000006" lon="-0.72609">
    <ele>69.22</ele>
   </trkpt>
   <trkpt lat="51.30163" lon="-0.72675">
    <ele>68.96000000000001</ele>
   </trkpt>
   <trkpt lat="51.30189000000001" lon="-0.72706">
    <ele>68.95</ele>
   </trkpt>
   <trkpt lat="51.30191000000001" lon="-0.7273400000000001">
    <ele>68.85000000000001</ele>
   </trkpt>
   <trkpt lat="51.30165" lon="-0.72753">
    <ele>68.42</ele>
   </trkpt>
   <trkpt lat="51.301680000000005" lon="-0.7276900000000001">
    <ele>68.32000000000001</ele>
   </trkpt>
   <trkpt lat="51.30218000000001" lon="-0.72862">
    <ele>67.66000000000001</ele>
   </trkpt>
   <trkpt lat="51.302220000000005" lon="-0.72874">
    <ele>67.54</ele>
   </trkpt>
   <trkpt lat="51.302240000000005" lon="-0.7289300000000001">
    <ele>67.05000000000001</ele>
   </trkpt>
   <trkpt lat="51.302200000000006" lon="-0.7296400000000001">
    <ele>66.91000000000001</ele>
   </trkpt>
   <trkpt lat="51.302200000000006" lon="-0.7300800000000001">
    <ele>66.30000000000001</ele>
   </trkpt>
   <trkpt lat="51.302240000000005" lon="-0.73035">
    <ele>66.17</ele>
   </trkpt>
   <trkpt lat="51.30239" lon="-0.7306800000000001">
    <ele>65.50999999999999</ele>
   </trkpt>
   <trkpt lat="51.302730000000004" lon="-0.73116">
    <ele>65.32000000000001</ele>
   </trkpt>
   <trkpt lat="51.30288" lon="-0.7313000000000001">
    <ele>64.97</ele>
   </trkpt>
   <trkpt lat="51.302890000000005" lon="-0.73136">
    <ele>64.97</ele>
   </trkpt>
   <trkpt lat="51.30301000000001" lon="-0.7316600000000001">
    <ele>64.97</ele>
   </trkpt>
   <trkpt lat="51.303070000000005" lon="-0.7323500000000001">
    <ele>64.80000000000001</ele>
   </trkpt>
   <trkpt lat="51.30308" lon="-0.7327800000000001">
    <ele>64.86</ele>
   </trkpt>
   <trkpt lat="51.303050000000006" lon="-0.73358">
    <ele>64.74000000000001</ele>
   </trkpt>
   <trkpt lat="51.30308" lon="-0.73362">
    <ele>64.74000000000001</ele>
   </trkpt>
   <trkpt lat="51.303000000000004" lon="-0.7340800000000001">
    <ele>64.09</ele>
   </trkpt>
   <trkpt lat="51.303000000000004" lon="-0.7346900000000001">
    <ele>63.75</ele>
   </trkpt>
   <trkpt lat="51.303020000000004" lon="-0.73497">
    <ele>63.56</ele>
   </trkpt>
   <trkpt lat="51.303160000000005" lon="-0.7355">
    <ele>63.42</ele>
   </trkpt>
   <trkpt lat="51.30319" lon="-0.73584">
    <ele>63.27</ele>
   </trkpt>
   <trkpt lat="51.30319" lon="-0.73604">
    <ele>63.21</ele>
   </trkpt>
   <trkpt lat="51.303083343582344" lon="-0.7371366716954415">
    <ele>63.26000000000001</ele>
   </trkpt>
   <trkpt lat="51.30297667692232" lon="-0.7382333382937692">
    <ele>63.11</ele>
   </trkpt>
   <trkpt lat="51.302870000000006" lon="-0.73933">
    <ele>63.19000000000001</ele>
   </trkpt>
   <trkpt lat="51.30281" lon="-0.73975">
    <ele>63.27</ele>
   </trkpt>
   <trkpt lat="51.30274000000001" lon="-0.7399500000000001">
    <ele>63.26000000000001</ele>
   </trkpt>
   <trkpt lat="51.302820000000004" lon="-0.7400100000000001">
    <ele>63.07</ele>
   </trkpt>
   <trkpt lat="51.30285000000001" lon="-0.7400800000000001">
    <ele>63.07</ele>
   </trkpt>
   <trkpt lat="51.30274000000001" lon="-0.7404700000000001">
    <ele>62.910000000000004</ele>
   </trkpt>
   <trkpt lat="51.30285000000001" lon="-0.7406900000000001">
    <ele>62.89</ele>
   </trkpt>
   <trkpt lat="51.30303000000001" lon="-0.74089">
    <ele>63.13</ele>
   </trkpt>
   <trkpt lat="51.30322" lon="-0.7410100000000001">
    <ele>63.25</ele>
   </trkpt>
   <trkpt lat="51.30357000000001" lon="-0.7411800000000001">
    <ele>63.230000000000004</ele>
   </trkpt>
   <trkpt lat="51.303740000000005" lon="-0.7413000000000001">
    <ele>63.09</ele>
   </trkpt>
   <trkpt lat="51.30389" lon="-0.74136">
    <ele>63.03</ele>
   </trkpt>
   <trkpt lat="51.304230000000004" lon="-0.74145">
    <ele>63.03</ele>
   </trkpt>
   <trkpt lat="51.3046" lon="-0.74158">
    <ele>62.980000000000004</ele>
   </trkpt>
   <trkpt lat="51.30492" lon="-0.7416200000000001">
    <ele>62.730000000000004</ele>
   </trkpt>
   <trkpt lat="51.30509000000001" lon="-0.74182">
    <ele>62.56</ele>
   </trkpt>
   <trkpt lat="51.30525" lon="-0.7422300000000001">
    <ele>62.53</ele>
   </trkpt>
   <trkpt lat="51.305510000000005" lon="-0.7424700000000001">
    <ele>62.64</ele>
   </trkpt>
   <trkpt lat="51.306050000000006" lon="-0.7431800000000001">
    <ele>62.54</ele>
   </trkpt>
   <trkpt lat="51.30621000000001" lon="-0.74331">
    <ele>62.54</ele>
   </trkpt>
   <trkpt lat="51.30679000000001" lon="-0.7438600000000001">
    <ele>62.42</ele>
   </trkpt>
   <trkpt lat="51.307190000000006" lon="-0.7441300000000001">
    <ele>62.44</ele>
   </trkpt>
   <trkpt lat="51.30785500156908" lon="-0.7447449910495725">
    <ele>62.45</ele>
   </trkpt>
   <trkpt lat="51.30852" lon="-0.74536">
    <ele>62.52</ele>
   </trkpt>
   <trkpt lat="51.30901" lon="-0.7458400000000001">
    <ele>62.470000000000006</ele>
   </trkpt>
   <trkpt lat="51.309070000000006" lon="-0.7459">
    <ele>62.470000000000006</ele>
   </trkpt>
   <trkpt lat="51.309160000000006" lon="-0.74609">
    <ele>62.72000000000001</ele>
   </trkpt>
   <trkpt lat="51.309470000000005" lon="-0.74624">
    <ele>63.15000000000001</ele>
   </trkpt>
   <trkpt lat="51.30968000000001" lon="-0.74629">
    <ele>63.53</ele>
   </trkpt>
   <trkpt lat="51.309920000000005" lon="-0.74631">
    <ele>64.64</ele>
   </trkpt>
   <trkpt lat="51.31013" lon="-0.74621">
    <ele>64.85000000000001</ele>
   </trkpt>
   <trkpt lat="51.31064000000001" lon="-0.74616">
    <ele>64.78</ele>
   </trkpt>
   <trkpt lat="51.310810000000004" lon="-0.7462300000000001">
    <ele>64.45</ele>
   </trkpt>
   <trkpt lat="51.31119" lon="-0.7467900000000001">
    <ele>63.13</ele>
   </trkpt>
   <trkpt lat="51.311280000000004" lon="-0.7470000000000001">
    <ele>63.02</ele>
   </trkpt>
   <trkpt lat="51.31136000000001" lon="-0.74736">
    <ele>63.77</ele>
   </trkpt>
   <trkpt lat="51.31163" lon="-0.74816">
    <ele>65.79</ele>
   </trkpt>
   <trkpt lat="51.31168" lon="-0.7482300000000001">
    <ele>66.32000000000001</ele>
   </trkpt>
   <trkpt lat="51.31183000000001" lon="-0.74826">
    <ele>67.18</ele>
   </trkpt>
   <trkpt lat="51.311870000000006" lon="-0.7485400000000001">
    <ele>67.49000000000001</ele>
   </trkpt>
   <trkpt lat="51.3119" lon="-0.7485900000000001">
    <ele>67.49000000000001</ele>
   </trkpt>
   <trkpt lat="51.311780000000006" lon="-0.7487800000000001">
    <ele>67.79</ele>
   </trkpt>
   <trkpt lat="51.31203000000001" lon="-0.7490600000000001">
    <ele>68.07000000000001</ele>
   </trkpt>
   <trkpt lat="51.31217" lon="-0.7491700000000001">
    <ele>68.37</ele>
   </trkpt>
   <trkpt lat="51.31223000000001" lon="-0.7491800000000001">
    <ele>68.43</ele>
   </trkpt>
   <trkpt lat="51.312250000000006" lon="-0.7492300000000001">
    <ele>68.43</ele>
   </trkpt>
   <trkpt lat="51.31223000000001" lon="-0.74926">
    <ele>68.43</ele>
   </trkpt>
   <trkpt lat="51.31192000000001" lon="-0.74943">
    <ele>68.36</ele>
   </trkpt>
   <trkpt lat="51.311600000000006" lon="-0.7495600000000001">
    <ele>67.97</ele>
   </trkpt>
   <trkpt lat="51.310950000000005" lon="-0.74977">
    <ele>67.36</ele>
   </trkpt>
   <trkpt lat="51.310900000000004" lon="-0.7496400000000001">
    <ele>66.94</ele>
   </trkpt>
   <trkpt lat="51.31082000000001" lon="-0.7495700000000001">
    <ele>65.27000000000001</ele>
   </trkpt>
   <trkpt lat="51.310680000000005" lon="-0.74953">
    <ele>64.25</ele>
   </trkpt>
   <trkpt lat="51.31054" lon="-0.7494400000000001">
    <ele>62.52</ele>
   </trkpt>
   <trkpt lat="51.310520000000004" lon="-0.74933">
    <ele>62.290000000000006</ele>
   </trkpt>
   <trkpt lat="51.31054" lon="-0.74926">
    <ele>62.14000000000001</ele>
   </trkpt>
   <trkpt lat="51.310770000000005" lon="-0.74904">
    <ele>62.25000000000001</ele>
   </trkpt>
   <trkpt lat="51.310790000000004" lon="-0.74892">
    <ele>62.470000000000006</ele>
   </trkpt>
   <trkpt lat="51.31076" lon="-0.7487900000000001">
    <ele>62.5</ele>
   </trkpt>
   <trkpt lat="51.310810000000004" lon="-0.74868">
    <ele>62.26</ele>
   </trkpt>
   <trkpt lat="51.31085" lon="-0.7486700000000001">
    <ele>62.26</ele>
   </trkpt>
   <trkpt lat="51.311350000000004" lon="-0.74904">
    <ele>62.120000000000005</ele>
   </trkpt>
   <trkpt lat="51.31167000000001" lon="-0.7493200000000001">
    <ele>63.230000000000004</ele>
   </trkpt>
   <trkpt lat="51.31206" lon="-0.7496900000000001">
    <ele>63.72</ele>
   </trkpt>
   <trkpt lat="51.31204" lon="-0.74999">
    <ele>63.25</ele>
   </trkpt>
   <trkpt lat="51.31212000000001" lon="-0.75041">
    <ele>62.17</ele>
   </trkpt>
   <trkpt lat="51.31219" lon="-0.7506">
    <ele>61.980000000000004</ele>
   </trkpt>
   <trkpt lat="51.31237" lon="-0.75087">
    <ele>61.89000000000001</ele>
   </trkpt>
   <trkpt lat="51.31251" lon="-0.7512700000000001">
    <ele>61.83</ele>
   </trkpt>
   <trkpt lat="51.31253" lon="-0.7516200000000001">
    <ele>60.64000000000001</ele>
   </trkpt>
   <trkpt lat="51.312780000000004" lon="-0.7526100000000001">
    <ele>60.77</ele>
   </trkpt>
   <trkpt lat="51.312830000000005" lon="-0.75316">
    <ele>60.24</ele>
   </trkpt>
   <trkpt lat="51.31286000000001" lon="-0.75336">
    <ele>60.43000000000001</ele>
   </trkpt>
   <trkpt lat="51.31289" lon="-0.75341">
    <ele>60.58</ele>
   </trkpt>
   <trkpt lat="51.31295" lon="-0.75346">
    <ele>60.58</ele>
   </trkpt>
   <trkpt lat="51.313140000000004" lon="-0.75358">
    <ele>61.69</ele>
   </trkpt>
   <trkpt lat="51.31317000000001" lon="-0.7536">
    <ele>61.69</ele>
   </trkpt>
   <trkpt lat="51.313280000000006" lon="-0.75375">
    <ele>61.620000000000005</ele>
   </trkpt>
   <trkpt lat="51.31349" lon="-0.75421">
    <ele>61.2</ele>
   </trkpt>
   <trkpt lat="51.31351" lon="-0.7544500000000001">
    <ele>61.18000000000001</ele>
   </trkpt>
   <trkpt lat="51.313480000000006" lon="-0.75463">
    <ele>61.2</ele>
   </trkpt>
   <trkpt lat="51.31344000000001" lon="-0.7547200000000001">
    <ele>61.2</ele>
   </trkpt>
   <trkpt lat="51.31344000000001" lon="-0.75487">
    <ele>61.18000000000001</ele>
   </trkpt>
   <trkpt lat="51.313550000000006" lon="-0.7554000000000001">
    <ele>60.870000000000005</ele>
   </trkpt>
   <trkpt lat="51.31379000230758" lon="-0.7561399960550483">
    <ele>61.00000000000001</ele>
   </trkpt>
   <trkpt lat="51.31403" lon="-0.7568800000000001">
    <ele>60.63</ele>
   </trkpt>
   <trkpt lat="51.31448" lon="-0.758">
    <ele>60.06</ele>
   </trkpt>
   <trkpt lat="51.31505000000001" lon="-0.75907">
    <ele>60.58</ele>
   </trkpt>
   <trkpt lat="51.31519" lon="-0.75939">
    <ele>60.58</ele>
   </trkpt>
   <trkpt lat="51.315560001400314" lon="-0.7599699952721325">
    <ele>60.49</ele>
   </trkpt>
   <trkpt lat="51.31593" lon="-0.7605500000000001">
    <ele>60.22</ele>
   </trkpt>
   <trkpt lat="51.316140000000004" lon="-0.7607700000000001">
    <ele>60.22</ele>
   </trkpt>
   <trkpt lat="51.316300000000005" lon="-0.7608600000000001">
    <ele>60.08</ele>
   </trkpt>
   <trkpt lat="51.31633" lon="-0.7608900000000001">
    <ele>60.08</ele>
   </trkpt>
   <trkpt lat="51.316390000000006" lon="-0.7610600000000001">
    <ele>60.0</ele>
   </trkpt>
   <trkpt lat="51.316810000000004" lon="-0.76151">
    <ele>59.89000000000001</ele>
   </trkpt>
   <trkpt lat="51.31709000000001" lon="-0.76183">
    <ele>59.68</ele>
   </trkpt>
   <trkpt lat="51.3173" lon="-0.76202">
    <ele>59.64000000000001</ele>
   </trkpt>
   <trkpt lat="51.31743" lon="-0.7620800000000001">
    <ele>59.7</ele>
   </trkpt>
   <trkpt lat="51.317600000000006" lon="-0.76209">
    <ele>59.690000000000005</ele>
   </trkpt>
   <trkpt lat="51.317800000000005" lon="-0.76224">
    <ele>59.53000000000001</ele>
   </trkpt>
   <trkpt lat="51.3179" lon="-0.7623300000000001">
    <ele>59.42000000000001</ele>
   </trkpt>
   <trkpt lat="51.31848500025492" lon="-0.7626399959648896">
    <ele>59.370000000000005</ele>
   </trkpt>
   <trkpt lat="51.31907" lon="-0.76295">
    <ele>59.730000000000004</ele>
   </trkpt>
   <trkpt lat="51.319030000000005" lon="-0.7631600000000001">
    <ele>59.82000000000001</ele>
   </trkpt>
   <trkpt lat="51.3194" lon="-0.7633800000000001">
    <ele>59.31</ele>
   </trkpt>
   <trkpt lat="51.319660000000006" lon="-0.7633800000000001">
    <ele>59.10000000000001</ele>
   </trkpt>
   <trkpt lat="51.31991000000001" lon="-0.76346">
    <ele>59.04</ele>
   </trkpt>
   <trkpt lat="51.320080000000004" lon="-0.7636700000000001">
    <ele>59.04</ele>
   </trkpt>
   <trkpt lat="51.32014" lon="-0.7638900000000001">
    <ele>58.93</ele>
   </trkpt>
   <trkpt lat="51.32038000000001" lon="-0.76409">
    <ele>58.97</ele>
   </trkpt>
   <trkpt lat="51.320600000000006" lon="-0.76441">
    <ele>58.82</ele>
   </trkpt>
   <trkpt lat="51.32108" lon="-0.7648900000000001">
    <ele>58.89</ele>
   </trkpt>
   <trkpt lat="51.321470000000005" lon="-0.7653200000000001">
    <ele>59.17000000000001</ele>
   </trkpt>
   <trkpt lat="51.321490000000004" lon="-0.76546">
    <ele>59.21000000000001</ele>
   </trkpt>
   <trkpt lat="51.32146" lon="-0.7656000000000001">
    <ele>59.18</ele>
   </trkpt>
   <trkpt lat="51.32146" lon="-0.76568">
    <ele>59.18</ele>
   </trkpt>
   <trkpt lat="51.32150000000001" lon="-0.76575">
    <ele>59.02</ele>
   </trkpt>
   <trkpt lat="51.32193" lon="-0.7659900000000001">
    <ele>58.830000000000005</ele>
   </trkpt>
   <trkpt lat="51.32236" lon="-0.76619">
    <ele>58.74000000000001</ele>
   </trkpt>
   <trkpt lat="51.32244000000001" lon="-0.76619">
    <ele>58.74000000000001</ele>
   </trkpt>
   <trkpt lat="51.32274" lon="-0.76631">
    <ele>58.690000000000005</ele>
   </trkpt>
   <trkpt lat="51.322990000000004" lon="-0.76617">
    <ele>58.660000000000004</ele>
   </trkpt>
   <trkpt lat="51.32320000000001" lon="-0.76614">
    <ele>58.550000000000004</ele>
   </trkpt>
   <trkpt lat="51.323310000000006" lon="-0.76617">
    <ele>58.550000000000004</ele>
   </trkpt>
   <trkpt lat="51.323460000000004" lon="-0.76626">
    <ele>58.5</ele>
   </trkpt>
   <trkpt lat="51.32389000034893" lon="-0.7665799969350101">
    <ele>58.56000000000001</ele>
   </trkpt>
   <trkpt lat="51.32432000000001" lon="-0.7669">
    <ele>58.64</ele>
   </trkpt>
   <trkpt lat="51.324540000000006" lon="-0.76775">
    <ele>58.7</ele>
   </trkpt>
   <trkpt lat="51.32459000000001" lon="-0.76802">
    <ele>58.7</ele>
   </trkpt>
   <trkpt lat="51.32461000000001" lon="-0.76839">
    <ele>58.730000000000004</ele>
   </trkpt>
   <trkpt lat="51.324920000000006" lon="-0.76909">
    <ele>59.830000000000005</ele>
   </trkpt>
   <trkpt lat="51.32497000000001" lon="-0.76927">
    <ele>60.09</ele>
   </trkpt>
   <trkpt lat="51.325070000000004" lon="-0.76936">
    <ele>60.56</ele>
   </trkpt>
   <trkpt lat="51.325520000000004" lon="-0.7699400000000001">
    <ele>60.7</ele>
   </trkpt>
   <trkpt lat="51.325700000000005" lon="-0.77024">
    <ele>60.59</ele>
   </trkpt>
   <trkpt lat="51.326040000000006" lon="-0.77056">
    <ele>60.06</ele>
   </trkpt>
   <trkpt lat="51.326220000000006" lon="-0.7706500000000001">
    <ele>59.82000000000001</ele>
   </trkpt>
   <trkpt lat="51.326730000000005" lon="-0.77068">
    <ele>58.870000000000005</ele>
   </trkpt>
   <trkpt lat="51.32735" lon="-0.7703200000000001">
    <ele>58.60000000000001</ele>
   </trkpt>
   <trkpt lat="51.327380000000005" lon="-0.7704500000000001">
    <ele>58.60000000000001</ele>
   </trkpt>
   <trkpt lat="51.32744" lon="-0.7709900000000001">
    <ele>58.46</ele>
   </trkpt>
   <trkpt lat="51.327490000000004" lon="-0.77129">
    <ele>58.730000000000004</ele>
   </trkpt>
   <trkpt lat="51.327580000000005" lon="-0.7716500000000001">
    <ele>58.980000000000004</ele>
   </trkpt>
   <trkpt lat="51.327650000000006" lon="-0.7718">
    <ele>58.99000000000001</ele>
   </trkpt>
   <trkpt lat="51.32797000000001" lon="-0.77207">
    <ele>59.10000000000001</ele>
   </trkpt>
   <trkpt lat="51.32831" lon="-0.77229">
    <ele>59.11</ele>
   </trkpt>
   <trkpt lat="51.32887" lon="-0.77283">
    <ele>59.17000000000001</ele>
   </trkpt>
   <trkpt lat="51.32905" lon="-0.77314">
    <ele>58.97</ele>
   </trkpt>
   <trkpt lat="51.329350000000005" lon="-0.77358">
    <ele>59.25</ele>
   </trkpt>
   <trkpt lat="51.329480000000004" lon="-0.7737">
    <ele>59.25</ele>
   </trkpt>
   <trkpt lat="51.32961" lon="-0.7737700000000001">
    <ele>59.28000000000001</ele>
   </trkpt>
   <trkpt lat="51.329730000000005" lon="-0.77397">
    <ele>58.900000000000006</ele>
   </trkpt>
   <trkpt lat="51.330090000000006" lon="-0.77431">
    <ele>58.85000000000001</ele>
   </trkpt>
   <trkpt lat="51.33068" lon="-0.77497">
    <ele>59.0</ele>
   </trkpt>
   <trkpt lat="51.33077" lon="-0.7750400000000001">
    <ele>59.0</ele>
   </trkpt>
   <trkpt lat="51.33115" lon="-0.7751600000000001">
    <ele>59.29</ele>
   </trkpt>
   <trkpt lat="51.33122" lon="-0.77512">
    <ele>59.29</ele>
   </trkpt>
   <trkpt lat="51.331300000000006" lon="-0.77497">
    <ele>59.410000000000004</ele>
   </trkpt>
   <trkpt lat="51.331340000000004" lon="-0.77495">
    <ele>59.39</ele>
   </trkpt>
   <trkpt lat="51.33149" lon="-0.77497">
    <ele>59.57</ele>
   </trkpt>
   <trkpt lat="51.33164000000001" lon="-0.7748200000000001">
    <ele>60.43000000000001</ele>
   </trkpt>
   <trkpt lat="51.33176" lon="-0.7748100000000001">
    <ele>60.260000000000005</ele>
   </trkpt>
   <trkpt lat="51.33184000000001" lon="-0.77458">
    <ele>60.11</ele>
   </trkpt>
   <trkpt lat="51.33185" lon="-0.77441">
    <ele>60.08</ele>
   </trkpt>
   <trkpt lat="51.33193000000001" lon="-0.77441">
    <ele>60.34</ele>
   </trkpt>
   <trkpt lat="51.332010000000004" lon="-0.77458">
    <ele>60.25000000000001</ele>
   </trkpt>
   <trkpt lat="51.33205" lon="-0.7745200000000001">
    <ele>60.25000000000001</ele>
   </trkpt>
   <trkpt lat="51.332150000000006" lon="-0.7746000000000001">
    <ele>60.08</ele>
   </trkpt>
   <trkpt lat="51.33218" lon="-0.7748400000000001">
    <ele>60.0</ele>
   </trkpt>
   <trkpt lat="51.33216" lon="-0.77466">
    <ele>60.08</ele>
   </trkpt>
   <trkpt lat="51.332420000000006" lon="-0.7749400000000001">
    <ele>59.86</ele>
   </trkpt>
   <trkpt lat="51.332420000000006" lon="-0.7751100000000001">
    <ele>59.86</ele>
   </trkpt>
   <trkpt lat="51.332370000000004" lon="-0.7752600000000001">
    <ele>59.800000000000004</ele>
   </trkpt>
   <trkpt lat="51.332280000000004" lon="-0.77534">
    <ele>59.800000000000004</ele>
   </trkpt>
   <trkpt lat="51.33240000000001" lon="-0.77558">
    <ele>59.54</ele>
   </trkpt>
   <trkpt lat="51.332460000000005" lon="-0.7756500000000001">
    <ele>59.330000000000005</ele>
   </trkpt>
   <trkpt lat="51.33249000000001" lon="-0.7758400000000001">
    <ele>58.800000000000004</ele>
   </trkpt>
   <trkpt lat="51.33259" lon="-0.7760400000000001">
    <ele>58.730000000000004</ele>
   </trkpt>
   <trkpt lat="51.33317" lon="-0.77656">
    <ele>58.29</ele>
   </trkpt>
   <trkpt lat="51.33325000000001" lon="-0.77678">
    <ele>58.260000000000005</ele>
   </trkpt>
   <trkpt lat="51.33321" lon="-0.77707">
    <ele>58.28</ele>
   </trkpt>
   <trkpt lat="51.333400000000005" lon="-0.77766">
    <ele>58.35</ele>
   </trkpt>
   <trkpt lat="51.33343000000001" lon="-0.7779200000000001">
    <ele>58.36</ele>
   </trkpt>
   <trkpt lat="51.33348" lon="-0.77802">
    <ele>58.300000000000004</ele>
   </trkpt>
   <trkpt lat="51.33357" lon="-0.77805">
    <ele>58.300000000000004</ele>
   </trkpt>
   <trkpt lat="51.33390000000001" lon="-0.7784300000000001">
    <ele>57.910000000000004</ele>
   </trkpt>
   <trkpt lat="51.334450000000004" lon="-0.7793800000000001">
    <ele>58.35</ele>
   </trkpt>
   <trkpt lat="51.33431" lon="-0.77963">
    <ele>58.160000000000004</ele>
   </trkpt>
   <trkpt lat="51.33447" lon="-0.78027">
    <ele>57.720000000000006</ele>
   </trkpt>
   <trkpt lat="51.33462" lon="-0.78063">
    <ele>57.580000000000005</ele>
   </trkpt>
   <trkpt lat="51.33493000000001" lon="-0.78095">
    <ele>57.660000000000004</ele>
   </trkpt>
   <trkpt lat="51.335170000000005" lon="-0.78168">
    <ele>57.540000000000006</ele>
   </trkpt>
   <trkpt lat="51.33545" lon="-0.7822100000000001">
    <ele>57.580000000000005</ele>
   </trkpt>
   <trkpt lat="51.33556" lon="-0.7828200000000001">
    <ele>57.540000000000006</ele>
   </trkpt>
   <trkpt lat="51.33581" lon="-0.78307">
    <ele>57.410000000000004</ele>
   </trkpt>
   <trkpt lat="51.33606" lon="-0.78329">
    <ele>57.440000000000005</ele>
   </trkpt>
   <trkpt lat="51.336270000000006" lon="-0.78341">
    <ele>57.330000000000005</ele>
   </trkpt>
   <trkpt lat="51.33637" lon="-0.78344">
    <ele>57.330000000000005</ele>
   </trkpt>
   <trkpt lat="51.336650000000006" lon="-0.7833600000000001">
    <ele>57.370000000000005</ele>
   </trkpt>
   <trkpt lat="51.33682" lon="-0.78339">
    <ele>57.260000000000005</ele>
   </trkpt>
   <trkpt lat="51.336980000000004" lon="-0.78346">
    <ele>57.230000000000004</ele>
   </trkpt>
   <trkpt lat="51.33711" lon="-0.78346">
    <ele>57.230000000000004</ele>
   </trkpt>
   <trkpt lat="51.33722" lon="-0.7834800000000001">
    <ele>57.230000000000004</ele>
   </trkpt>
   <trkpt lat="51.3376" lon="-0.7839200000000001">
    <ele>57.34</ele>
   </trkpt>
   <trkpt lat="51.337650000000004" lon="-0.78429">
    <ele>57.24</ele>
   </trkpt>
   <trkpt lat="51.33796" lon="-0.78459">
    <ele>57.06</ele>
   </trkpt>
   <trkpt lat="51.33825" lon="-0.785">
    <ele>56.980000000000004</ele>
   </trkpt>
   <trkpt lat="51.33840000000001" lon="-0.7853100000000001">
    <ele>56.980000000000004</ele>
   </trkpt>
   <trkpt lat="51.338480000000004" lon="-0.78561">
    <ele>56.970000000000006</ele>
   </trkpt>
   <trkpt lat="51.33849000000001" lon="-0.7859">
    <ele>56.970000000000006</ele>
   </trkpt>
   <trkpt lat="51.33847" lon="-0.7862600000000001">
    <ele>57.06</ele>
   </trkpt>
   <trkpt lat="51.338910000000006" lon="-0.78724">
    <ele>56.77000000000001</ele>
   </trkpt>
   <trkpt lat="51.339000000000006" lon="-0.78822">
    <ele>56.75</ele>
   </trkpt>
   <trkpt lat="51.339040000000004" lon="-0.7884800000000001">
    <ele>56.75</ele>
   </trkpt>
   <trkpt lat="51.33905000000001" lon="-0.7887000000000001">
    <ele>56.71</ele>
   </trkpt>
   <trkpt lat="51.339040000000004" lon="-0.7888700000000001">
    <ele>56.71</ele>
   </trkpt>
   <trkpt lat="51.339150000000004" lon="-0.78924">
    <ele>56.790000000000006</ele>
   </trkpt>
   <trkpt lat="51.33939" lon="-0.78956">
    <ele>56.71</ele>
   </trkpt>
   <trkpt lat="51.33961000000001" lon="-0.7899700000000001">
    <ele>56.75</ele>
   </trkpt>
   <trkpt lat="51.33968" lon="-0.7903600000000001">
    <ele>56.980000000000004</ele>
   </trkpt>
   <trkpt lat="51.33981000000001" lon="-0.79085">
    <ele>57.400000000000006</ele>
   </trkpt>
   <trkpt lat="51.33982" lon="-0.79085">
    <ele>57.42</ele>
   </trkpt>
   <trkpt lat="51.33988" lon="-0.79088">
    <ele>57.57</ele>
   </trkpt>
   <trkpt lat="51.34031" lon="-0.79076">
    <ele>56.85</ele>
   </trkpt>
   <trkpt lat="51.34048000000001" lon="-0.79076">
    <ele>56.790000000000006</ele>
   </trkpt>
   <trkpt lat="51.340720000000005" lon="-0.7908000000000001">
    <ele>56.86000000000001</ele>
   </trkpt>
   <trkpt lat="51.340920000000004" lon="-0.79088">
    <ele>57.25</ele>
   </trkpt>
   <trkpt lat="51.341" lon="-0.7911400000000001">
    <ele>57.49</ele>
   </trkpt>
   <trkpt lat="51.34105" lon="-0.79149">
    <ele>57.5</ele>
   </trkpt>
   <trkpt lat="51.34116" lon="-0.79166">
    <ele>57.480000000000004</ele>
   </trkpt>
   <trkpt lat="51.341370000000005" lon="-0.7918000000000001">
    <ele>57.580000000000005</ele>
   </trkpt>
   <trkpt lat="51.341750000000005" lon="-0.79198">
    <ele>57.42</ele>
   </trkpt>
   <trkpt lat="51.341840000000005" lon="-0.79195">
    <ele>57.49</ele>
   </trkpt>
   <trkpt lat="51.341950000000004" lon="-0.79188">
    <ele>57.49</ele>
   </trkpt>
   <trkpt lat="51.3421" lon="-0.79164">
    <ele>57.660000000000004</ele>
   </trkpt>
   <trkpt lat="51.342310000000005" lon="-0.79159">
    <ele>57.620000000000005</ele>
   </trkpt>
   <trkpt lat="51.34272000000001" lon="-0.79159">
    <ele>57.660000000000004</ele>
   </trkpt>
   <trkpt lat="51.34304" lon="-0.79156">
    <ele>57.620000000000005</ele>
   </trkpt>
   <trkpt lat="51.343300000000006" lon="-0.79159">
    <ele>57.650000000000006</ele>
   </trkpt>
   <trkpt lat="51.343630000000005" lon="-0.79168">
    <ele>57.7</ele>
   </trkpt>
   <trkpt lat="51.344100000000005" lon="-0.79173">
    <ele>57.89</ele>
   </trkpt>
   <trkpt lat="51.344150000000006" lon="-0.79181">
    <ele>57.95</ele>
   </trkpt>
   <trkpt lat="51.344280000000005" lon="-0.7919600000000001">
    <ele>57.95</ele>
   </trkpt>
   <trkpt lat="51.344440000000006" lon="-0.7922100000000001">
    <ele>58.07</ele>
   </trkpt>
   <trkpt lat="51.344550000000005" lon="-0.7924700000000001">
    <ele>58.300000000000004</ele>
   </trkpt>
   <trkpt lat="51.34474" lon="-0.7926900000000001">
    <ele>58.480000000000004</ele>
   </trkpt>
   <trkpt lat="51.345020000000005" lon="-0.7928700000000001">
    <ele>59.09</ele>
   </trkpt>
   <trkpt lat="51.3451" lon="-0.7925500000000001">
    <ele>59.18</ele>
   </trkpt>
   <trkpt lat="51.345420000000004" lon="-0.79268">
    <ele>59.49000000000001</ele>
   </trkpt>
   <trkpt lat="51.34568" lon="-0.7927000000000001">
    <ele>59.64000000000001</ele>
   </trkpt>
   <trkpt lat="51.34648000000001" lon="-0.79244">
    <ele>60.120000000000005</ele>
   </trkpt>
   <trkpt lat="51.34664" lon="-0.7923500000000001">
    <ele>60.120000000000005</ele>
   </trkpt>
   <trkpt lat="51.347185000605826" lon="-0.791955004740021">
    <ele>60.730000000000004</ele>
   </trkpt>
   <trkpt lat="51.347730000000006" lon="-0.79156">
    <ele>61.58</ele>
   </trkpt>
   <trkpt lat="51.34779" lon="-0.7914800000000001">
    <ele>61.58</ele>
   </trkpt>
   <trkpt lat="51.34725" lon="-0.7907700000000001">
    <ele>61.06</ele>
   </trkpt>
   <trkpt lat="51.34743" lon="-0.79056">
    <ele>61.31</ele>
   </trkpt>
   <trkpt lat="51.34763" lon="-0.7904300000000001">
    <ele>61.84</ele>
   </trkpt>
   <trkpt lat="51.347950000000004" lon="-0.79039">
    <ele>62.76000000000001</ele>
   </trkpt>
   <trkpt lat="51.348220000000005" lon="-0.7904800000000001">
    <ele>63.09</ele>
   </trkpt>
   <trkpt lat="51.348530000000004" lon="-0.79054">
    <ele>63.11</ele>
   </trkpt>
   <trkpt lat="51.34883000000001" lon="-0.7905000000000001">
    <ele>63.33000000000001</ele>
   </trkpt>
   <trkpt lat="51.34922" lon="-0.7903600000000001">
    <ele>64.02000000000001</ele>
   </trkpt>
   <trkpt lat="51.349720000000005" lon="-0.7901300000000001">
    <ele>64.85000000000001</ele>
   </trkpt>
   <trkpt lat="51.35011" lon="-0.7900200000000001">
    <ele>65.11</ele>
   </trkpt>
   <trkpt lat="51.35033000000001" lon="-0.7898700000000001">
    <ele>65.61</ele>
   </trkpt>
   <trkpt lat="51.350500000000004" lon="-0.78966">
    <ele>66.91000000000001</ele>
   </trkpt>
   <trkpt lat="51.35067" lon="-0.78934">
    <ele>67.75</ele>
   </trkpt>
   <trkpt lat="51.3507" lon="-0.7892300000000001">
    <ele>68.08</ele>
   </trkpt>
   <trkpt lat="51.35067" lon="-0.78895">
    <ele>68.61</ele>
   </trkpt>
   <trkpt lat="51.35056" lon="-0.7886900000000001">
    <ele>68.74000000000001</ele>
   </trkpt>
   <trkpt lat="51.35049000000001" lon="-0.7883000000000001">
    <ele>68.62</ele>
   </trkpt>
   <trkpt lat="51.35080000000001" lon="-0.7882600000000001">
    <ele>68.55</ele>
   </trkpt>
   <trkpt lat="51.351020000000005" lon="-0.7881900000000001">
    <ele>68.34</ele>
   </trkpt>
   <trkpt lat="51.35117" lon="-0.7881900000000001">
    <ele>68.34</ele>
   </trkpt>
   <trkpt lat="51.35127000000001" lon="-0.78822">
    <ele>67.82000000000001</ele>
   </trkpt>
   <trkpt lat="51.351350000000004" lon="-0.78832">
    <ele>67.82000000000001</ele>
   </trkpt>
   <trkpt lat="51.351530000000004" lon="-0.78871">
    <ele>67.5</ele>
   </trkpt>
   <trkpt lat="51.35166" lon="-0.7888000000000001">
    <ele>67.45</ele>
   </trkpt>
   <trkpt lat="51.352090000000004" lon="-0.7887700000000001">
    <ele>67.63000000000001</ele>
   </trkpt>
   <trkpt lat="51.352090000000004" lon="-0.78856">
    <ele>67.98</ele>
   </trkpt>
   <trkpt lat="51.35221000000001" lon="-0.78807">
    <ele>69.11</ele>
   </trkpt>
   <trkpt lat="51.35233" lon="-0.7881900000000001">
    <ele>68.97</ele>
   </trkpt>
   <trkpt lat="51.352630000000005" lon="-0.78834">
    <ele>68.16000000000001</ele>
   </trkpt>
   <trkpt lat="51.352880000000006" lon="-0.7887400000000001">
    <ele>68.09</ele>
   </trkpt>
   <trkpt lat="51.35322000000001" lon="-0.78868">
    <ele>68.97</ele>
   </trkpt>
   <trkpt lat="51.35324000000001" lon="-0.7887000000000001">
    <ele>68.97</ele>
   </trkpt>
   <trkpt lat="51.353260000000006" lon="-0.78871">
    <ele>68.99000000000001</ele>
   </trkpt>
   <trkpt lat="51.35334" lon="-0.7887500000000001">
    <ele>68.26</ele>
   </trkpt>
   <trkpt lat="51.35327" lon="-0.7892">
    <ele>68.24000000000001</ele>
   </trkpt>
   <trkpt lat="51.35334" lon="-0.79005">
    <ele>68.64</ele>
   </trkpt>
   <trkpt lat="51.353320000000004" lon="-0.79022">
    <ele>68.94</ele>
   </trkpt>
   <trkpt lat="51.35340000000001" lon="-0.7903100000000001">
    <ele>68.60000000000001</ele>
   </trkpt>
   <trkpt lat="51.35374" lon="-0.7905300000000001">
    <ele>73.49</ele>
   </trkpt>
   <trkpt lat="51.35398000000001" lon="-0.79029">
    <ele>71.69</ele>
   </trkpt>
   <trkpt lat="51.35418000000001" lon="-0.79005">
    <ele>71.38</ele>
   </trkpt>
   <trkpt lat="51.35427000000001" lon="-0.7900900000000001">
    <ele>71.85000000000001</ele>
   </trkpt>
   <trkpt lat="51.35441" lon="-0.7903100000000001">
    <ele>71.42000000000002</ele>
   </trkpt>
   <trkpt lat="51.354400000000005" lon="-0.7903300000000001">
    <ele>72.27</ele>
   </trkpt>
   <trkpt lat="51.35454000000001" lon="-0.7900600000000001">
    <ele>72.35000000000001</ele>
   </trkpt>
   <trkpt lat="51.354670000000006" lon="-0.7901900000000001">
    <ele>72.29</ele>
   </trkpt>
   <trkpt lat="51.35473" lon="-0.79029">
    <ele>72.29</ele>
   </trkpt>
   <trkpt lat="51.354980000000005" lon="-0.79051">
    <ele>71.92000000000002</ele>
   </trkpt>
   <trkpt lat="51.355405001252876" lon="-0.7910599948526992">
    <ele>72.27</ele>
   </trkpt>
   <trkpt lat="51.355830000000005" lon="-0.79161">
    <ele>73.32000000000001</ele>
   </trkpt>
   <trkpt lat="51.356100000000005" lon="-0.79207">
    <ele>74.02</ele>
   </trkpt>
   <trkpt lat="51.35654" lon="-0.79261">
    <ele>75.26</ele>
   </trkpt>
   <trkpt lat="51.35671000000001" lon="-0.79276">
    <ele>75.84</ele>
   </trkpt>
   <trkpt lat="51.35719" lon="-0.7934300000000001">
    <ele>77.76</ele>
   </trkpt>
   <trkpt lat="51.357490000000006" lon="-0.79461">
    <ele>80.49000000000001</ele>
   </trkpt>
   <trkpt lat="51.35776000612422" lon="-0.7958099929053059">
    <ele>83.66000000000001</ele>
   </trkpt>
   <trkpt lat="51.35803000000001" lon="-0.7970100000000001">
    <ele>85.85000000000001</ele>
   </trkpt>
   <trkpt lat="51.35853" lon="-0.7969100000000001">
    <ele>86.06000000000002</ele>
   </trkpt>
   <trkpt lat="51.358830000000005" lon="-0.79734">
    <ele>87.04</ele>
   </trkpt>
   <trkpt lat="51.35911" lon="-0.7975800000000001">
    <ele>87.37</ele>
   </trkpt>
   <trkpt lat="51.359440000000006" lon="-0.79773">
    <ele>86.84</ele>
   </trkpt>
   <trkpt lat="51.35965" lon="-0.79761">
    <ele>86.0</ele>
   </trkpt>
   <trkpt lat="51.35983" lon="-0.79766">
    <ele>85.87</ele>
   </trkpt>
   <trkpt lat="51.35992" lon="-0.79783">
    <ele>86.0</ele>
   </trkpt>
   <trkpt lat="51.360240000000005" lon="-0.79783">
    <ele>86.47</ele>
   </trkpt>
   <trkpt lat="51.360260000000004" lon="-0.7983600000000001">
    <ele>86.61</ele>
   </trkpt>
   <trkpt lat="51.36025000000001" lon="-0.79844">
    <ele>86.44</ele>
   </trkpt>
   <trkpt lat="51.36023" lon="-0.79886">
    <ele>86.14</ele>
   </trkpt>
   <trkpt lat="51.36028" lon="-0.79993">
    <ele>87.84</ele>
   </trkpt>
   <trkpt lat="51.36046" lon="-0.80022">
    <ele>87.42000000000002</ele>
   </trkpt>
   <trkpt lat="51.360440000000004" lon="-0.80025">
    <ele>88.27</ele>
   </trkpt>
   <trkpt lat="51.360330000000005" lon="-0.80047">
    <ele>88.36</ele>
   </trkpt>
   <trkpt lat="51.36027000000001" lon="-0.80054">
    <ele>88.36</ele>
   </trkpt>
   <trkpt lat="51.36009000000001" lon="-0.80083">
    <ele>89.07000000000001</ele>
   </trkpt>
   <trkpt lat="51.359820000000006" lon="-0.80139">
    <ele>89.94</ele>
   </trkpt>
   <trkpt lat="51.359230000000004" lon="-0.80234">
    <ele>89.07000000000001</ele>
   </trkpt>
   <trkpt lat="51.35850000000001" lon="-0.80315">
    <ele>86.11</ele>
   </trkpt>
   <trkpt lat="51.35785000700931" lon="-0.8040566923813077">
    <ele>81.14999999999999</ele>
   </trkpt>
   <trkpt lat="51.357200007020666" lon="-0.8049633590316193">
    <ele>78.89</ele>
   </trkpt>
   <trkpt lat="51.356550000000006" lon="-0.8058700000000001">
    <ele>83.94</ele>
   </trkpt>
   <trkpt lat="51.35614000318236" lon="-0.8067200073853369">
    <ele>80.7</ele>
   </trkpt>
   <trkpt lat="51.35573" lon="-0.8075700000000001">
    <ele>82.55000000000001</ele>
   </trkpt>
   <trkpt lat="51.35544500171787" lon="-0.8082050039469274">
    <ele>82.35000000000001</ele>
   </trkpt>
   <trkpt lat="51.355160000000005" lon="-0.8088400000000001">
    <ele>78.07</ele>
   </trkpt>
   <trkpt lat="51.35474000000001" lon="-0.80969">
    <ele>72.84</ele>
   </trkpt>
   <trkpt lat="51.354510000000005" lon="-0.81022">
    <ele>72.58</ele>
   </trkpt>
   <trkpt lat="51.35446" lon="-0.8102600000000001">
    <ele>72.58</ele>
   </trkpt>
   <trkpt lat="51.354470000000006" lon="-0.81035">
    <ele>72.57000000000001</ele>
   </trkpt>
   <trkpt lat="51.354380000000006" lon="-0.8107500000000001">
    <ele>72.84</ele>
   </trkpt>
   <trkpt lat="51.354200000000006" lon="-0.8113400000000001">
    <ele>74.52</ele>
   </trkpt>
   <trkpt lat="51.35378500232503" lon="-0.8120900069188085">
    <ele>75.66</ele>
   </trkpt>
   <trkpt lat="51.353370000000005" lon="-0.8128400000000001">
    <ele>71.76</ele>
   </trkpt>
   <trkpt lat="51.352920003023065" lon="-0.8136850083299031">
    <ele>71.28000000000002</ele>
   </trkpt>
   <trkpt lat="51.352470000000004" lon="-0.8145300000000001">
    <ele>71.19</ele>
   </trkpt>
   <trkpt lat="51.352270000000004" lon="-0.81449">
    <ele>72.07000000000001</ele>
   </trkpt>
   <trkpt lat="51.35146000007624" lon="-0.8144199987672847">
    <ele>73.87</ele>
   </trkpt>
   <trkpt lat="51.35065" lon="-0.81435">
    <ele>72.02</ele>
   </trkpt>
   <trkpt lat="51.35033000000001" lon="-0.8143">
    <ele>69.71000000000001</ele>
   </trkpt>
   <trkpt lat="51.34982" lon="-0.81386">
    <ele>65.30000000000001</ele>
   </trkpt>
   <trkpt lat="51.349560000000004" lon="-0.8137800000000001">
    <ele>63.78</ele>
   </trkpt>
   <trkpt lat="51.349180000000004" lon="-0.8137000000000001">
    <ele>61.61000000000001</ele>
   </trkpt>
   <trkpt lat="51.349120000000006" lon="-0.8144">
    <ele>61.46000000000001</ele>
   </trkpt>
   <trkpt lat="51.34913" lon="-0.81437">
    <ele>61.46000000000001</ele>
   </trkpt>
   <trkpt lat="51.349120000000006" lon="-0.81469">
    <ele>61.540000000000006</ele>
   </trkpt>
   <trkpt lat="51.34915" lon="-0.81486">
    <ele>61.69</ele>
   </trkpt>
   <trkpt lat="51.3495700083936" lon="-0.8158533151082408">
    <ele>61.870000000000005</ele>
   </trkpt>
   <trkpt lat="51.34999000838732" lon="-0.8168466484263899">
    <ele>60.10000000000001</ele>
   </trkpt>
   <trkpt lat="51.350410000000004" lon="-0.81784">
    <ele>59.480000000000004</ele>
   </trkpt>
   <trkpt lat="51.350840000000005" lon="-0.81891">
    <ele>57.77</ele>
   </trkpt>
   <trkpt lat="51.35104500212153" lon="-0.8196149968661197">
    <ele>56.92</ele>
   </trkpt>
   <trkpt lat="51.35125000000001" lon="-0.82032">
    <ele>56.440000000000005</ele>
   </trkpt>
   <trkpt lat="51.35149500224925" lon="-0.8210549959190756">
    <ele>55.900000000000006</ele>
   </trkpt>
   <trkpt lat="51.35174000000001" lon="-0.82179">
    <ele>55.82</ele>
   </trkpt>
   <trkpt lat="51.352000000000004" lon="-0.82162">
    <ele>55.84</ele>
   </trkpt>
   <trkpt lat="51.352270000000004" lon="-0.82149">
    <ele>56.02</ele>
   </trkpt>
   <trkpt lat="51.352790000000006" lon="-0.8215600000000001">
    <ele>56.690000000000005</ele>
   </trkpt>
   <trkpt lat="51.353280000000005" lon="-0.82149">
    <ele>57.59</ele>
   </trkpt>
   <trkpt lat="51.35347" lon="-0.82169">
    <ele>57.59</ele>
   </trkpt>
   <trkpt lat="51.35378000000001" lon="-0.82206">
    <ele>57.93</ele>
   </trkpt>
   <trkpt lat="51.35417" lon="-0.82264">
    <ele>58.18</ele>
   </trkpt>
   <trkpt lat="51.35432" lon="-0.8233400000000001">
    <ele>58.080000000000005</ele>
   </trkpt>
   <trkpt lat="51.354490000000006" lon="-0.82445">
    <ele>57.46</ele>
   </trkpt>
   <trkpt lat="51.35459" lon="-0.8248300000000001">
    <ele>57.43</ele>
   </trkpt>
   <trkpt lat="51.354760000000006" lon="-0.82513">
    <ele>57.61</ele>
   </trkpt>
   <trkpt lat="51.35521000000001" lon="-0.82571">
    <ele>58.650000000000006</ele>
   </trkpt>
   <trkpt lat="51.355380000000004" lon="-0.8261700000000001">
    <ele>59.47</ele>
   </trkpt>
   <trkpt lat="51.355650000000004" lon="-0.8266600000000001">
    <ele>59.24000000000001</ele>
   </trkpt>
   <trkpt lat="51.35593" lon="-0.8267800000000001">
    <ele>59.56</ele>
   </trkpt>
   <trkpt lat="51.356010000000005" lon="-0.8267800000000001">
    <ele>59.730000000000004</ele>
   </trkpt>
   <trkpt lat="51.35634500702021" lon="-0.8280649905723533">
    <ele>60.120000000000005</ele>
   </trkpt>
   <trkpt lat="51.356680000000004" lon="-0.82935">
    <ele>60.89000000000001</ele>
   </trkpt>
   <trkpt lat="51.356750000000005" lon="-0.8300000000000001">
    <ele>60.06</ele>
   </trkpt>
   <trkpt lat="51.356700000000004" lon="-0.83025">
    <ele>59.42000000000001</ele>
   </trkpt>
   <trkpt lat="51.35649" lon="-0.83057">
    <ele>58.660000000000004</ele>
   </trkpt>
   <trkpt lat="51.35616" lon="-0.83115">
    <ele>57.980000000000004</ele>
   </trkpt>
   <trkpt lat="51.35611" lon="-0.83152">
    <ele>57.85</ele>
   </trkpt>
   <trkpt lat="51.35613000000001" lon="-0.83181">
    <ele>57.580000000000005</ele>
   </trkpt>
   <trkpt lat="51.35618" lon="-0.83218">
    <ele>57.510000000000005</ele>
   </trkpt>
   <trkpt lat="51.356390000000005" lon="-0.8332200000000001">
    <ele>57.0</ele>
   </trkpt>
   <trkpt lat="51.35654" lon="-0.8338300000000001">
    <ele>57.050000000000004</ele>
   </trkpt>
   <trkpt lat="51.35667" lon="-0.83523">
    <ele>57.480000000000004</ele>
   </trkpt>
   <trkpt lat="51.35689000000001" lon="-0.8361000000000001">
    <ele>59.24000000000001</ele>
   </trkpt>
   <trkpt lat="51.35733500184333" lon="-0.8367499937514415">
    <ele>61.15</ele>
   </trkpt>
   <trkpt lat="51.357780000000005" lon="-0.8374">
    <ele>62.83000000000001</ele>
   </trkpt>
   <trkpt lat="51.35786" lon="-0.83769">
    <ele>63.09</ele>
   </trkpt>
   <trkpt lat="51.35803000000001" lon="-0.8387500000000001">
    <ele>63.12000000000001</ele>
   </trkpt>
   <trkpt lat="51.35887" lon="-0.8384">
    <ele>68.88000000000001</ele>
   </trkpt>
   <trkpt lat="51.35949" lon="-0.8383700000000001">
    <ele>72.06</ele>
   </trkpt>
   <trkpt lat="51.35972" lon="-0.8383700000000001">
    <ele>73.29</ele>
   </trkpt>
   <trkpt lat="51.360380000000006" lon="-0.83794">
    <ele>77.00000000000001</ele>
   </trkpt>
   <trkpt lat="51.360670000000006" lon="-0.83762">
    <ele>79.23</ele>
   </trkpt>
   <trkpt lat="51.36072000000001" lon="-0.83747">
    <ele>80.17</ele>
   </trkpt>
   <trkpt lat="51.360640000000004" lon="-0.83701">
    <ele>82.14</ele>
   </trkpt>
   <trkpt lat="51.36064000356341" lon="-0.836094999756706">
    <ele>85.22</ele>
   </trkpt>
   <trkpt lat="51.360640000000004" lon="-0.83518">
    <ele>87.32000000000001</ele>
   </trkpt>
   <trkpt lat="51.360670000000006" lon="-0.83498">
    <ele>88.03000000000002</ele>
   </trkpt>
   <trkpt lat="51.36074000000001" lon="-0.8348300000000001">
    <ele>88.03000000000002</ele>
   </trkpt>
   <trkpt lat="51.36106" lon="-0.8343200000000001">
    <ele>85.75</ele>
   </trkpt>
   <trkpt lat="51.36141000000001" lon="-0.83391">
    <ele>86.51</ele>
   </trkpt>
   <trkpt lat="51.36151" lon="-0.83374">
    <ele>87.07000000000001</ele>
   </trkpt>
   <trkpt lat="51.36169" lon="-0.83301">
    <ele>91.09</ele>
   </trkpt>
   <trkpt lat="51.36171" lon="-0.8327100000000001">
    <ele>95.79</ele>
   </trkpt>
   <trkpt lat="51.36177000000001" lon="-0.83252">
    <ele>95.79</ele>
   </trkpt>
   <trkpt lat="51.36189" lon="-0.8323">
    <ele>97.79</ele>
   </trkpt>
   <trkpt lat="51.362230000000004" lon="-0.83208">
    <ele>101.30000000000001</ele>
   </trkpt>
   <trkpt lat="51.36307000000001" lon="-0.8316600000000001">
    <ele>98.34</ele>
   </trkpt>
   <trkpt lat="51.36394000000001" lon="-0.83137">
    <ele>91.9</ele>
   </trkpt>
   <trkpt lat="51.36446500004" lon="-0.8312900009151504">
    <ele>89.25000000000001</ele>
   </trkpt>
   <trkpt lat="51.364990000000006" lon="-0.8312100000000001">
    <ele>87.8</ele>
   </trkpt>
   <trkpt lat="51.36556" lon="-0.83172">
    <ele>87.24000000000001</ele>
   </trkpt>
   <trkpt lat="51.365700000000004" lon="-0.83181">
    <ele>87.33</ele>
   </trkpt>
   <trkpt lat="51.366110000000006" lon="-0.83237">
    <ele>88.04</ele>
   </trkpt>
   <trkpt lat="51.36663000155094" lon="-0.8329599933790807">
    <ele>90.26</ele>
   </trkpt>
   <trkpt lat="51.36715" lon="-0.83355">
    <ele>90.10000000000001</ele>
   </trkpt>
   <trkpt lat="51.36715" lon="-0.83403">
    <ele>90.17000000000002</ele>
   </trkpt>
   <trkpt lat="51.36722" lon="-0.83481">
    <ele>86.39</ele>
   </trkpt>
   <trkpt lat="51.36807" lon="-0.8345800000000001">
    <ele>83.21000000000001</ele>
   </trkpt>
   <trkpt lat="51.368460000000006" lon="-0.8344">
    <ele>82.41000000000001</ele>
   </trkpt>
   <trkpt lat="51.368700000000004" lon="-0.8343200000000001">
    <ele>82.13000000000001</ele>
   </trkpt>
   <trkpt lat="51.36939" lon="-0.83418">
    <ele>81.38000000000001</ele>
   </trkpt>
   <trkpt lat="51.36977" lon="-0.83401">
    <ele>81.13000000000001</ele>
   </trkpt>
   <trkpt lat="51.37030000000001" lon="-0.83394">
    <ele>78.99000000000001</ele>
   </trkpt>
   <trkpt lat="51.37095000000001" lon="-0.8337000000000001">
    <ele>76.7</ele>
   </trkpt>
   <trkpt lat="51.37104" lon="-0.83369">
    <ele>76.53</ele>
   </trkpt>
   <trkpt lat="51.371190000000006" lon="-0.8335600000000001">
    <ele>76.05000000000001</ele>
   </trkpt>
   <trkpt lat="51.372044001145476" lon="-0.8333020192460191">
    <ele>74.65</ele>
   </trkpt>
   <trkpt lat="51.37289800172443" lon="-0.8330440288678057">
    <ele>72.74</ele>
   </trkpt>
   <trkpt lat="51.373752001736854" lon="-0.8327860288647132">
    <ele>71.73</ele>
   </trkpt>
   <trkpt lat="51.37460600118268" lon="-0.8325280192360947">
    <ele>70.23</ele>
   </trkpt>
   <trkpt lat="51.375460000000004" lon="-0.8322700000000001">
    <ele>68.33</ele>
   </trkpt>
   <trkpt lat="51.37577" lon="-0.83213">
    <ele>66.71000000000001</ele>
   </trkpt>
   <trkpt lat="51.376345000088186" lon="-0.8319600021456264">
    <ele>65.81</ele>
   </trkpt>
   <trkpt lat="51.376920000000005" lon="-0.83179">
    <ele>64.51</ele>
   </trkpt>
   <trkpt lat="51.377775000394266" lon="-0.8315250049201804">
    <ele>64.58</ele>
   </trkpt>
   <trkpt lat="51.37863" lon="-0.8312600000000001">
    <ele>64.35000000000001</ele>
   </trkpt>
   <trkpt lat="51.379090000000005" lon="-0.83115">
    <ele>64.55000000000001</ele>
   </trkpt>
   <trkpt lat="51.37937" lon="-0.83091">
    <ele>64.22</ele>
   </trkpt>
   <trkpt lat="51.37939" lon="-0.8307800000000001">
    <ele>64.36</ele>
   </trkpt>
   <trkpt lat="51.37944" lon="-0.8308000000000001">
    <ele>64.35000000000001</ele>
   </trkpt>
   <trkpt lat="51.379470000000005" lon="-0.83079">
    <ele>64.35000000000001</ele>
   </trkpt>
   <trkpt lat="51.379490000000004" lon="-0.8307100000000001">
    <ele>64.2</ele>
   </trkpt>
   <trkpt lat="51.379630000000006" lon="-0.8300500000000001">
    <ele>62.58000000000001</ele>
   </trkpt>
   <trkpt lat="51.37970000000001" lon="-0.82947">
    <ele>62.690000000000005</ele>
   </trkpt>
   <trkpt lat="51.37982" lon="-0.82823">
    <ele>66.87</ele>
   </trkpt>
   <trkpt lat="51.38011000737085" lon="-0.8269150082771463">
    <ele>68.69</ele>
   </trkpt>
   <trkpt lat="51.3804" lon="-0.8256000000000001">
    <ele>67.94</ele>
   </trkpt>
   <trkpt lat="51.3804" lon="-0.82557">
    <ele>67.93</ele>
   </trkpt>
   <trkpt lat="51.38067" lon="-0.82567">
    <ele>67.66000000000001</ele>
   </trkpt>
   <trkpt lat="51.380970000000005" lon="-0.8258000000000001">
    <ele>67.37</ele>
   </trkpt>
   <trkpt lat="51.381280000000004" lon="-0.8258800000000001">
    <ele>66.9</ele>
   </trkpt>
   <trkpt lat="51.38177500000376" lon="-0.8260399982355534">
    <ele>66.52000000000001</ele>
   </trkpt>
   <trkpt lat="51.382270000000005" lon="-0.8262">
    <ele>66.39</ele>
   </trkpt>
   <trkpt lat="51.382810000000006" lon="-0.82645">
    <ele>66.03</ele>
   </trkpt>
   <trkpt lat="51.3831750037004" lon="-0.8273849924922679">
    <ele>65.64</ele>
   </trkpt>
   <trkpt lat="51.38354" lon="-0.8283200000000001">
    <ele>65.14999999999999</ele>
   </trkpt>
   <trkpt lat="51.38432800000776" lon="-0.8282860023422791">
    <ele>62.82</ele>
   </trkpt>
   <trkpt lat="51.385116000005674" lon="-0.8282520035137493">
    <ele>59.160000000000004</ele>
   </trkpt>
   <trkpt lat="51.38590399999374" lon="-0.8282180035143373">
    <ele>59.89000000000001</ele>
   </trkpt>
   <trkpt lat="51.386691999971966" lon="-0.8281840023439696">
    <ele>62.76000000000001</ele>
   </trkpt>
   <trkpt lat="51.387480000000004" lon="-0.82815">
    <ele>63.69000000000001</ele>
   </trkpt>
   <trkpt lat="51.38835" lon="-0.82818">
    <ele>62.5</ele>
   </trkpt>
   <trkpt lat="51.388980000000004" lon="-0.8282200000000001">
    <ele>61.01</ele>
   </trkpt>
   <trkpt lat="51.389390000000006" lon="-0.8282">
    <ele>60.510000000000005</ele>
   </trkpt>
   <trkpt lat="51.39009" lon="-0.8282100000000001">
    <ele>58.49000000000001</ele>
   </trkpt>
   <trkpt lat="51.39017500652599" lon="-0.8294499974506852">
    <ele>58.72</ele>
   </trkpt>
   <trkpt lat="51.390260000000005" lon="-0.83069">
    <ele>56.330000000000005</ele>
   </trkpt>
   <trkpt lat="51.39038000000001" lon="-0.83142">
    <ele>56.21</ele>
   </trkpt>
   <trkpt lat="51.39086" lon="-0.8324400000000001">
    <ele>58.35</ele>
   </trkpt>
   <trkpt lat="51.39144" lon="-0.83279">
    <ele>59.5</ele>
   </trkpt>
   <trkpt lat="51.39221800231641" lon="-0.8331599748258922">
    <ele>59.86</ele>
   </trkpt>
   <trkpt lat="51.392996003467886" lon="-0.8335299622348391">
    <ele>59.46000000000001</ele>
   </trkpt>
   <trkpt lat="51.393774003454325" lon="-0.8338999622276004">
    <ele>59.14</ele>
   </trkpt>
   <trkpt lat="51.394552002275695" lon="-0.8342699748049356">
    <ele>58.97</ele>
   </trkpt>
   <trkpt lat="51.39533" lon="-0.83464">
    <ele>58.53</ele>
   </trkpt>
   <trkpt lat="51.396175000842454" lon="-0.8348974857290566">
    <ele>57.78</ele>
   </trkpt>
   <trkpt lat="51.397020001120666" lon="-0.835154980970854">
    <ele>56.61000000000001</ele>
   </trkpt>
   <trkpt lat="51.39786500083461" lon="-0.835412485726025">
    <ele>55.800000000000004</ele>
   </trkpt>
   <trkpt lat="51.39871" lon="-0.83567">
    <ele>54.830000000000005</ele>
   </trkpt>
   <trkpt lat="51.399060000000006" lon="-0.83584">
    <ele>54.46</ele>
   </trkpt>
   <trkpt lat="51.398920000000004" lon="-0.8368800000000001">
    <ele>53.7</ele>
   </trkpt>
   <trkpt lat="51.39888000713632" lon="-0.8381750011103667">
    <ele>55.32</ele>
   </trkpt>
   <trkpt lat="51.39884000000001" lon="-0.83947">
    <ele>55.95</ele>
   </trkpt>
   <trkpt lat="51.399530000000006" lon="-0.83964">
    <ele>56.13</ele>
   </trkpt>
   <trkpt lat="51.39976000000001" lon="-0.8396300000000001">
    <ele>56.220000000000006</ele>
   </trkpt>
   <trkpt lat="51.40023000000001" lon="-0.83957">
    <ele>56.42</ele>
   </trkpt>
   <trkpt lat="51.40039" lon="-0.8395">
    <ele>56.42</ele>
   </trkpt>
   <trkpt lat="51.400830000000006" lon="-0.8392700000000001">
    <ele>56.36000000000001</ele>
   </trkpt>
   <trkpt lat="51.401030000000006" lon="-0.83918">
    <ele>55.77</ele>
   </trkpt>
   <trkpt lat="51.4012" lon="-0.83913">
    <ele>55.77</ele>
   </trkpt>
   <trkpt lat="51.401390000000006" lon="-0.83911">
    <ele>55.77</ele>
   </trkpt>
   <trkpt lat="51.40176" lon="-0.83913">
    <ele>55.43000000000001</ele>
   </trkpt>
   <trkpt lat="51.401970000000006" lon="-0.83918">
    <ele>55.43000000000001</ele>
   </trkpt>
   <trkpt lat="51.40214" lon="-0.8393">
    <ele>55.46</ele>
   </trkpt>
   <trkpt lat="51.402240000000006" lon="-0.83942">
    <ele>55.510000000000005</ele>
   </trkpt>
   <trkpt lat="51.40231000000001" lon="-0.83955">
    <ele>55.510000000000005</ele>
   </trkpt>
   <trkpt lat="51.402530000000006" lon="-0.8401700000000001">
    <ele>55.89</ele>
   </trkpt>
   <trkpt lat="51.40303" lon="-0.8397800000000001">
    <ele>54.85</ele>
   </trkpt>
   <trkpt lat="51.403310000000005" lon="-0.83952">
    <ele>53.56</ele>
   </trkpt>
   <trkpt lat="51.40341" lon="-0.83947">
    <ele>53.56</ele>
   </trkpt>
   <trkpt lat="51.403560000000006" lon="-0.8399300000000001">
    <ele>53.44</ele>
   </trkpt>
   <trkpt lat="51.40341" lon="-0.83947">
    <ele>53.56</ele>
   </trkpt>
   <trkpt lat="51.403490000000005" lon="-0.83933">
    <ele>52.94</ele>
   </trkpt>
   <trkpt lat="51.40382" lon="-0.8389300000000001">
    <ele>51.2</ele>
   </trkpt>
   <trkpt lat="51.40411" lon="-0.8384600000000001">
    <ele>50.43</ele>
   </trkpt>
   <trkpt lat="51.40422" lon="-0.8383900000000001">
    <ele>50.29</ele>
   </trkpt>
   <trkpt lat="51.40426" lon="-0.8384">
    <ele>50.29</ele>
   </trkpt>
   <trkpt lat="51.404300000000006" lon="-0.83838">
    <ele>50.06000000000001</ele>
   </trkpt>
   <trkpt lat="51.40433" lon="-0.8383200000000001">
    <ele>50.06000000000001</ele>
   </trkpt>
   <trkpt lat="51.40447" lon="-0.83825">
    <ele>50.0</ele>
   </trkpt>
   <trkpt lat="51.40457000000001" lon="-0.83813">
    <ele>50.0</ele>
   </trkpt>
   <trkpt lat="51.40504000000001" lon="-0.83779">
    <ele>50.160000000000004</ele>
   </trkpt>
   <trkpt lat="51.4052" lon="-0.8377300000000001">
    <ele>50.260000000000005</ele>
   </trkpt>
   <trkpt lat="51.40588" lon="-0.8375400000000001">
    <ele>52.18</ele>
   </trkpt>
   <trkpt lat="51.40648" lon="-0.83747">
    <ele>55.66</ele>
   </trkpt>
   <trkpt lat="51.407000000000004" lon="-0.83742">
    <ele>58.42000000000001</ele>
   </trkpt>
   <trkpt lat="51.40729" lon="-0.8373200000000001">
    <ele>60.11</ele>
   </trkpt>
   <trkpt lat="51.407410000000006" lon="-0.8373100000000001">
    <ele>60.11</ele>
   </trkpt>
   <trkpt lat="51.407450000000004" lon="-0.8373600000000001">
    <ele>60.59</ele>
   </trkpt>
   <trkpt lat="51.407520000000005" lon="-0.83738">
    <ele>60.83</ele>
   </trkpt>
   <trkpt lat="51.407560000000004" lon="-0.8373600000000001">
    <ele>61.050000000000004</ele>
   </trkpt>
   <trkpt lat="51.40778" lon="-0.8375100000000001">
    <ele>61.39000000000001</ele>
   </trkpt>
   <trkpt lat="51.407990000000005" lon="-0.83767">
    <ele>61.4</ele>
   </trkpt>
   <trkpt lat="51.408100000000005" lon="-0.83774">
    <ele>61.35</ele>
   </trkpt>
   <trkpt lat="51.40814" lon="-0.8378800000000001">
    <ele>61.35</ele>
   </trkpt>
   <trkpt lat="51.40836" lon="-0.8382100000000001">
    <ele>60.93000000000001</ele>
   </trkpt>
   <trkpt lat="51.40840000000001" lon="-0.83816">
    <ele>60.93000000000001</ele>
   </trkpt>
   <trkpt lat="51.40847" lon="-0.83813">
    <ele>60.93000000000001</ele>
   </trkpt>
   <trkpt lat="51.408590000000004" lon="-0.83801">
    <ele>62.71</ele>
   </trkpt>
   <trkpt lat="51.408950000000004" lon="-0.83742">
    <ele>63.660000000000004</ele>
   </trkpt>
   <trkpt lat="51.40925000000001" lon="-0.8369700000000001">
    <ele>65.50999999999999</ele>
   </trkpt>
   <trkpt lat="51.40957" lon="-0.8368200000000001">
    <ele>66.38000000000001</ele>
   </trkpt>
   <trkpt lat="51.40984" lon="-0.8367100000000001">
    <ele>67.96000000000001</ele>
   </trkpt>
   <trkpt lat="51.41010000000001" lon="-0.8365600000000001">
    <ele>68.58</ele>
   </trkpt>
   <trkpt lat="51.410210000000006" lon="-0.8364900000000001">
    <ele>69.44</ele>
   </trkpt>
   <trkpt lat="51.410430000000005" lon="-0.83625">
    <ele>69.44</ele>
   </trkpt>
   <trkpt lat="51.41053" lon="-0.83618">
    <ele>69.44</ele>
   </trkpt>
   <trkpt lat="51.41096" lon="-0.83606">
    <ele>70.73</ele>
   </trkpt>
   <trkpt lat="51.411300000000004" lon="-0.8357500000000001">
    <ele>71.67000000000002</ele>
   </trkpt>
  </trkseg>
 </trk>
</gpx>
