<?xml version="1.0" encoding="UTF-8"?>
<gpx creator="StravaGPX" version="1.1" xmlns="http://www.topografix.com/GPX/1/1" xmlns:xsi="http://www.w3.org/2001/XMLSchema-instance" xsi:schemaLocation="http://www.topografix.com/GPX/1/1 http://www.topografix.com/GPX/1/1/gpx.xsd">
 <metadata>
  <name>WCC Cotwolds Gravel Adventurer</name>
  <author>
   <name>Andy Gundry</name>
   <link href="https://www.strava.com/athletes/25556211"/>
  </author>
  <copyright author="OpenStreetMap contributors">
   <year>2020</year>
   <license>https://www.openstreetmap.org/copyright</license>
  </copyright>
  <link href="https://www.strava.com/routes/3511672718000018194"/>
 </metadata>
 <wpt lat="51.823158264160156" lon="-1.8891936540603638">
  <name>Spilt Point</name>
  <desc></desc>
  <sym>Generic</sym>
  <type>Generic</type>
 </wpt>
 <wpt lat="51.83432" lon="-1.84042">
  <name>Cafe Stop!</name>
  <desc>The Old Prison Cafe</desc>
  <sym>Generic</sym>
  <type>Generic</type>
 </wpt>
 <trk>
  <name>WCC Cotwolds Gravel Adventurer</name>
  <link href="https://www.strava.com/routes/3511672718000018194"/>
  <type>gravel_biking</type>
  <trkseg>
   <trkpt lat="51.719480000000004" lon="-1.9702800000000003">
    <ele>110.88000000000001</ele>
   </trkpt>
   <trkpt lat="51.71969000000001" lon="-1.97046">
    <ele>110.91000000000001</ele>
   </trkpt>
   <trkpt lat="51.72014000000001" lon="-1.96968">
    <ele>110.84</ele>
   </trkpt>
   <trkpt lat="51.7203" lon="-1.96947">
    <ele>110.61000000000001</ele>
   </trkpt>
   <trkpt lat="51.72061000000001" lon="-1.96917">
    <ele>110.57000000000001</ele>
   </trkpt>
   <trkpt lat="51.72086500183493" lon="-1.9698199964410912">
    <ele>110.54</ele>
   </trkpt>
   <trkpt lat="51.721120000000006" lon="-1.9704700000000002">
    <ele>110.67</ele>
   </trkpt>
   <trkpt lat="51.7212" lon="-1.9707200000000002">
    <ele>110.73</ele>
   </trkpt>
   <trkpt lat="51.72117" lon="-1.9708">
    <ele>110.73</ele>
   </trkpt>
   <trkpt lat="51.721000000000004" lon="-1.971">
    <ele>110.75000000000001</ele>
   </trkpt>
   <trkpt lat="51.720980000000004" lon="-1.9710900000000002">
    <ele>110.81</ele>
   </trkpt>
   <trkpt lat="51.721000000000004" lon="-1.97117">
    <ele>110.81</ele>
   </trkpt>
   <trkpt lat="51.72138" lon="-1.97164">
    <ele>110.75000000000001</ele>
   </trkpt>
   <trkpt lat="51.72162" lon="-1.9720700000000002">
    <ele>111.36000000000001</ele>
   </trkpt>
   <trkpt lat="51.722280000000005" lon="-1.9715500000000001">
    <ele>111.53</ele>
   </trkpt>
   <trkpt lat="51.722590000000004" lon="-1.9715200000000002">
    <ele>112.15</ele>
   </trkpt>
   <trkpt lat="51.72272" lon="-1.97141">
    <ele>112.55000000000001</ele>
   </trkpt>
   <trkpt lat="51.722910000000006" lon="-1.97134">
    <ele>113.11000000000001</ele>
   </trkpt>
   <trkpt lat="51.72352000000001" lon="-1.9712600000000002">
    <ele>114.69000000000001</ele>
   </trkpt>
   <trkpt lat="51.72428500002666" lon="-1.9712150007603833">
    <ele>114.07000000000001</ele>
   </trkpt>
   <trkpt lat="51.72505" lon="-1.97117">
    <ele>114.15000000000002</ele>
   </trkpt>
   <trkpt lat="51.725460000000005" lon="-1.9711100000000001">
    <ele>114.15000000000002</ele>
   </trkpt>
   <trkpt lat="51.72580000000001" lon="-1.971">
    <ele>114.25</ele>
   </trkpt>
   <trkpt lat="51.725950000000005" lon="-1.9709400000000001">
    <ele>114.37</ele>
   </trkpt>
   <trkpt lat="51.726220000000005" lon="-1.97073">
    <ele>114.36</ele>
   </trkpt>
   <trkpt lat="51.726400000000005" lon="-1.97066">
    <ele>114.31</ele>
   </trkpt>
   <trkpt lat="51.72659" lon="-1.9705400000000002">
    <ele>114.13000000000001</ele>
   </trkpt>
   <trkpt lat="51.72674000000001" lon="-1.9704300000000001">
    <ele>114.05000000000001</ele>
   </trkpt>
   <trkpt lat="51.72712500110767" lon="-1.9699200043383152">
    <ele>114.01</ele>
   </trkpt>
   <trkpt lat="51.72751" lon="-1.96941">
    <ele>114.29</ele>
   </trkpt>
   <trkpt lat="51.728" lon="-1.9685100000000002">
    <ele>115.54</ele>
   </trkpt>
   <trkpt lat="51.728170000000006" lon="-1.9682700000000002">
    <ele>115.93</ele>
   </trkpt>
   <trkpt lat="51.72822000000001" lon="-1.96812">
    <ele>116.16000000000001</ele>
   </trkpt>
   <trkpt lat="51.72856" lon="-1.96785">
    <ele>116.36</ele>
   </trkpt>
   <trkpt lat="51.728970000000004" lon="-1.96758">
    <ele>117.0</ele>
   </trkpt>
   <trkpt lat="51.72959" lon="-1.96737">
    <ele>117.06</ele>
   </trkpt>
   <trkpt lat="51.730270000000004" lon="-1.96737">
    <ele>117.06</ele>
   </trkpt>
   <trkpt lat="51.730470000000004" lon="-1.9673300000000002">
    <ele>117.16000000000001</ele>
   </trkpt>
   <trkpt lat="51.730880000000006" lon="-1.9673100000000001">
    <ele>117.91000000000001</ele>
   </trkpt>
   <trkpt lat="51.73138999999463" lon="-1.9673749992635978">
    <ele>120.41</ele>
   </trkpt>
   <trkpt lat="51.7319" lon="-1.96744">
    <ele>123.31000000000002</ele>
   </trkpt>
   <trkpt lat="51.73239" lon="-1.96741">
    <ele>125.43</ele>
   </trkpt>
   <trkpt lat="51.73261" lon="-1.96734">
    <ele>125.95</ele>
   </trkpt>
   <trkpt lat="51.732800000000005" lon="-1.96724">
    <ele>126.65</ele>
   </trkpt>
   <trkpt lat="51.73315" lon="-1.96697">
    <ele>127.34</ele>
   </trkpt>
   <trkpt lat="51.73344" lon="-1.9668700000000001">
    <ele>129.66</ele>
   </trkpt>
   <trkpt lat="51.73368000000001" lon="-1.9669">
    <ele>130.94</ele>
   </trkpt>
   <trkpt lat="51.73375000000001" lon="-1.9668700000000001">
    <ele>131.46</ele>
   </trkpt>
   <trkpt lat="51.73402" lon="-1.9666700000000001">
    <ele>132.20000000000002</ele>
   </trkpt>
   <trkpt lat="51.734190000000005" lon="-1.96649">
    <ele>132.68</ele>
   </trkpt>
   <trkpt lat="51.73438" lon="-1.96615">
    <ele>132.32000000000002</ele>
   </trkpt>
   <trkpt lat="51.73452" lon="-1.96595">
    <ele>131.94</ele>
   </trkpt>
   <trkpt lat="51.73487" lon="-1.9653100000000001">
    <ele>131.43</ele>
   </trkpt>
   <trkpt lat="51.73499" lon="-1.96514">
    <ele>131.16</ele>
   </trkpt>
   <trkpt lat="51.73527000000001" lon="-1.9648400000000001">
    <ele>130.28</ele>
   </trkpt>
   <trkpt lat="51.73546" lon="-1.9646700000000001">
    <ele>129.35000000000002</ele>
   </trkpt>
   <trkpt lat="51.73565000000001" lon="-1.96453">
    <ele>128.95000000000002</ele>
   </trkpt>
   <trkpt lat="51.73619000000001" lon="-1.96422">
    <ele>128.51000000000002</ele>
   </trkpt>
   <trkpt lat="51.73655" lon="-1.9640900000000001">
    <ele>128.13000000000002</ele>
   </trkpt>
   <trkpt lat="51.73691" lon="-1.96398">
    <ele>127.28</ele>
   </trkpt>
   <trkpt lat="51.73709" lon="-1.96398">
    <ele>126.71000000000001</ele>
   </trkpt>
   <trkpt lat="51.73729" lon="-1.9640100000000003">
    <ele>126.42</ele>
   </trkpt>
   <trkpt lat="51.73787" lon="-1.96422">
    <ele>126.57000000000001</ele>
   </trkpt>
   <trkpt lat="51.738170000000004" lon="-1.96436">
    <ele>128.07999999999998</ele>
   </trkpt>
   <trkpt lat="51.738910000000004" lon="-1.96483">
    <ele>130.14000000000001</ele>
   </trkpt>
   <trkpt lat="51.739000000000004" lon="-1.9647900000000003">
    <ele>130.09</ele>
   </trkpt>
   <trkpt lat="51.739230000000006" lon="-1.96534">
    <ele>126.92</ele>
   </trkpt>
   <trkpt lat="51.73928" lon="-1.9655900000000002">
    <ele>125.09</ele>
   </trkpt>
   <trkpt lat="51.73926" lon="-1.96571">
    <ele>125.09</ele>
   </trkpt>
   <trkpt lat="51.739180000000005" lon="-1.96588">
    <ele>122.63000000000001</ele>
   </trkpt>
   <trkpt lat="51.73897" lon="-1.96619">
    <ele>120.91</ele>
   </trkpt>
   <trkpt lat="51.73888" lon="-1.96629">
    <ele>120.49000000000001</ele>
   </trkpt>
   <trkpt lat="51.73886" lon="-1.9663400000000002">
    <ele>120.67000000000002</ele>
   </trkpt>
   <trkpt lat="51.73906" lon="-1.96673">
    <ele>120.99000000000001</ele>
   </trkpt>
   <trkpt lat="51.739180000000005" lon="-1.9668900000000002">
    <ele>122.11000000000001</ele>
   </trkpt>
   <trkpt lat="51.739470000000004" lon="-1.9673800000000001">
    <ele>122.87</ele>
   </trkpt>
   <trkpt lat="51.73955" lon="-1.96758">
    <ele>122.84</ele>
   </trkpt>
   <trkpt lat="51.73959000000001" lon="-1.96781">
    <ele>122.61000000000001</ele>
   </trkpt>
   <trkpt lat="51.73982" lon="-1.9683300000000001">
    <ele>123.23</ele>
   </trkpt>
   <trkpt lat="51.739900000000006" lon="-1.96839">
    <ele>123.76</ele>
   </trkpt>
   <trkpt lat="51.739940000000004" lon="-1.9683700000000002">
    <ele>123.76</ele>
   </trkpt>
   <trkpt lat="51.74002" lon="-1.96866">
    <ele>124.55000000000001</ele>
   </trkpt>
   <trkpt lat="51.740370000000006" lon="-1.9690200000000002">
    <ele>125.09</ele>
   </trkpt>
   <trkpt lat="51.74076" lon="-1.9694500000000001">
    <ele>125.71000000000001</ele>
   </trkpt>
   <trkpt lat="51.74085" lon="-1.9696300000000002">
    <ele>125.71000000000001</ele>
   </trkpt>
   <trkpt lat="51.74121" lon="-1.9705800000000002">
    <ele>124.97000000000001</ele>
   </trkpt>
   <trkpt lat="51.741670000000006" lon="-1.9713100000000001">
    <ele>122.02</ele>
   </trkpt>
   <trkpt lat="51.74177" lon="-1.97141">
    <ele>121.46000000000001</ele>
   </trkpt>
   <trkpt lat="51.741870000000006" lon="-1.97141">
    <ele>121.23</ele>
   </trkpt>
   <trkpt lat="51.742020000000004" lon="-1.9713900000000002">
    <ele>121.03000000000002</ele>
   </trkpt>
   <trkpt lat="51.74248000000001" lon="-1.97117">
    <ele>120.94</ele>
   </trkpt>
   <trkpt lat="51.743100000000005" lon="-1.97063">
    <ele>121.37</ele>
   </trkpt>
   <trkpt lat="51.74368500172728" lon="-1.970000008111055">
    <ele>121.78000000000002</ele>
   </trkpt>
   <trkpt lat="51.74427000000001" lon="-1.96937">
    <ele>121.89000000000001</ele>
   </trkpt>
   <trkpt lat="51.744530000000005" lon="-1.9691">
    <ele>121.59</ele>
   </trkpt>
   <trkpt lat="51.744890000000005" lon="-1.96883">
    <ele>120.41</ele>
   </trkpt>
   <trkpt lat="51.74542" lon="-1.9679200000000001">
    <ele>120.38000000000001</ele>
   </trkpt>
   <trkpt lat="51.74557" lon="-1.96778">
    <ele>120.43</ele>
   </trkpt>
   <trkpt lat="51.746080000000006" lon="-1.96758">
    <ele>120.69</ele>
   </trkpt>
   <trkpt lat="51.74647" lon="-1.96737">
    <ele>121.03000000000002</ele>
   </trkpt>
   <trkpt lat="51.746750000000006" lon="-1.96727">
    <ele>120.85000000000001</ele>
   </trkpt>
   <trkpt lat="51.74719" lon="-1.96724">
    <ele>120.94</ele>
   </trkpt>
   <trkpt lat="51.747780000000006" lon="-1.9672800000000001">
    <ele>120.97</ele>
   </trkpt>
   <trkpt lat="51.748450000000005" lon="-1.96741">
    <ele>122.06000000000002</ele>
   </trkpt>
   <trkpt lat="51.74862" lon="-1.96751">
    <ele>122.69</ele>
   </trkpt>
   <trkpt lat="51.748940000000005" lon="-1.96788">
    <ele>122.76</ele>
   </trkpt>
   <trkpt lat="51.74915000000001" lon="-1.96822">
    <ele>122.34</ele>
   </trkpt>
   <trkpt lat="51.74938" lon="-1.96846">
    <ele>122.47000000000001</ele>
   </trkpt>
   <trkpt lat="51.7496" lon="-1.96856">
    <ele>123.80000000000001</ele>
   </trkpt>
   <trkpt lat="51.75027000000001" lon="-1.96873">
    <ele>129.20000000000002</ele>
   </trkpt>
   <trkpt lat="51.750640000000004" lon="-1.96893">
    <ele>130.28</ele>
   </trkpt>
   <trkpt lat="51.751380000000005" lon="-1.96964">
    <ele>130.61</ele>
   </trkpt>
   <trkpt lat="51.75180000120998" lon="-1.9701349955977545">
    <ele>130.0</ele>
   </trkpt>
   <trkpt lat="51.75222" lon="-1.97063">
    <ele>127.81</ele>
   </trkpt>
   <trkpt lat="51.752460000000006" lon="-1.97083">
    <ele>127.52000000000002</ele>
   </trkpt>
   <trkpt lat="51.75292" lon="-1.9711">
    <ele>124.71000000000001</ele>
   </trkpt>
   <trkpt lat="51.75316" lon="-1.97147">
    <ele>123.76</ele>
   </trkpt>
   <trkpt lat="51.75323" lon="-1.97141">
    <ele>123.76</ele>
   </trkpt>
   <trkpt lat="51.75358000000001" lon="-1.97107">
    <ele>124.65</ele>
   </trkpt>
   <trkpt lat="51.75405000000001" lon="-1.97042">
    <ele>125.4</ele>
   </trkpt>
   <trkpt lat="51.75451" lon="-1.9692">
    <ele>127.53</ele>
   </trkpt>
   <trkpt lat="51.754900002895546" lon="-1.9683700072256252">
    <ele>129.63000000000002</ele>
   </trkpt>
   <trkpt lat="51.75529" lon="-1.96754">
    <ele>131.21</ele>
   </trkpt>
   <trkpt lat="51.755500000000005" lon="-1.9670400000000001">
    <ele>131.57000000000002</ele>
   </trkpt>
   <trkpt lat="51.75578" lon="-1.96693">
    <ele>130.68</ele>
   </trkpt>
   <trkpt lat="51.75656000000001" lon="-1.9665000000000001">
    <ele>129.77</ele>
   </trkpt>
   <trkpt lat="51.757035000383496" lon="-1.9662250028564159">
    <ele>129.77</ele>
   </trkpt>
   <trkpt lat="51.75751" lon="-1.96595">
    <ele>129.24</ele>
   </trkpt>
   <trkpt lat="51.75777" lon="-1.9658200000000001">
    <ele>129.15</ele>
   </trkpt>
   <trkpt lat="51.75795" lon="-1.96564">
    <ele>129.52</ele>
   </trkpt>
   <trkpt lat="51.75818" lon="-1.96551">
    <ele>129.70000000000002</ele>
   </trkpt>
   <trkpt lat="51.758210000000005" lon="-1.96541">
    <ele>129.70000000000002</ele>
   </trkpt>
   <trkpt lat="51.75831" lon="-1.9653100000000001">
    <ele>129.70000000000002</ele>
   </trkpt>
   <trkpt lat="51.7584" lon="-1.96527">
    <ele>129.77</ele>
   </trkpt>
   <trkpt lat="51.75846000000001" lon="-1.9652">
    <ele>129.77</ele>
   </trkpt>
   <trkpt lat="51.75887" lon="-1.9649800000000002">
    <ele>129.67000000000002</ele>
   </trkpt>
   <trkpt lat="51.759550000000004" lon="-1.96483">
    <ele>129.41</ele>
   </trkpt>
   <trkpt lat="51.760070000000006" lon="-1.965">
    <ele>129.32999999999998</ele>
   </trkpt>
   <trkpt lat="51.760510000000004" lon="-1.96547">
    <ele>129.13000000000002</ele>
   </trkpt>
   <trkpt lat="51.76084" lon="-1.96595">
    <ele>129.12</ele>
   </trkpt>
   <trkpt lat="51.761190000000006" lon="-1.96666">
    <ele>129.32999999999998</ele>
   </trkpt>
   <trkpt lat="51.76137000000001" lon="-1.9671">
    <ele>129.04000000000002</ele>
   </trkpt>
   <trkpt lat="51.761630000000004" lon="-1.96798">
    <ele>129.16</ele>
   </trkpt>
   <trkpt lat="51.76194" lon="-1.96856">
    <ele>129.04999999999998</ele>
   </trkpt>
   <trkpt lat="51.762280000000004" lon="-1.969">
    <ele>129.0</ele>
   </trkpt>
   <trkpt lat="51.76277" lon="-1.96934">
    <ele>128.78</ele>
   </trkpt>
   <trkpt lat="51.76299" lon="-1.9694500000000001">
    <ele>128.71</ele>
   </trkpt>
   <trkpt lat="51.76353500024687" lon="-1.9696499976139517">
    <ele>128.73000000000002</ele>
   </trkpt>
   <trkpt lat="51.76408000000001" lon="-1.96985">
    <ele>129.04000000000002</ele>
   </trkpt>
   <trkpt lat="51.764570000000006" lon="-1.97008">
    <ele>128.95000000000002</ele>
   </trkpt>
   <trkpt lat="51.76491000000001" lon="-1.9703600000000001">
    <ele>129.13000000000002</ele>
   </trkpt>
   <trkpt lat="51.765010000000004" lon="-1.97046">
    <ele>129.22</ele>
   </trkpt>
   <trkpt lat="51.765640000000005" lon="-1.9709800000000002">
    <ele>129.4</ele>
   </trkpt>
   <trkpt lat="51.76648499999324" lon="-1.9709899998127265">
    <ele>129.31</ele>
   </trkpt>
   <trkpt lat="51.76733" lon="-1.971">
    <ele>130.39000000000001</ele>
   </trkpt>
   <trkpt lat="51.767630000000004" lon="-1.9710400000000001">
    <ele>131.04000000000002</ele>
   </trkpt>
   <trkpt lat="51.76822000000001" lon="-1.9708200000000002">
    <ele>135.59</ele>
   </trkpt>
   <trkpt lat="51.769040000000004" lon="-1.97066">
    <ele>140.63</ele>
   </trkpt>
   <trkpt lat="51.769650000000006" lon="-1.97093">
    <ele>143.58</ele>
   </trkpt>
   <trkpt lat="51.770210000000006" lon="-1.9708">
    <ele>146.00000000000003</ele>
   </trkpt>
   <trkpt lat="51.770340000000004" lon="-1.97086">
    <ele>144.4</ele>
   </trkpt>
   <trkpt lat="51.770430000000005" lon="-1.9709200000000002">
    <ele>144.4</ele>
   </trkpt>
   <trkpt lat="51.770500000000006" lon="-1.9711400000000001">
    <ele>141.16</ele>
   </trkpt>
   <trkpt lat="51.77055000000001" lon="-1.97158">
    <ele>138.83</ele>
   </trkpt>
   <trkpt lat="51.77062" lon="-1.97161">
    <ele>138.73000000000002</ele>
   </trkpt>
   <trkpt lat="51.77075000000001" lon="-1.9718300000000002">
    <ele>138.69</ele>
   </trkpt>
   <trkpt lat="51.77075000000001" lon="-1.9718400000000003">
    <ele>138.69</ele>
   </trkpt>
   <trkpt lat="51.770880000000005" lon="-1.97171">
    <ele>139.37</ele>
   </trkpt>
   <trkpt lat="51.770950000000006" lon="-1.97161">
    <ele>139.37</ele>
   </trkpt>
   <trkpt lat="51.771010000000004" lon="-1.97147">
    <ele>140.8</ele>
   </trkpt>
   <trkpt lat="51.771260000000005" lon="-1.97066">
    <ele>145.35</ele>
   </trkpt>
   <trkpt lat="51.771390000000004" lon="-1.97032">
    <ele>145.35</ele>
   </trkpt>
   <trkpt lat="51.77161" lon="-1.97005">
    <ele>148.17000000000002</ele>
   </trkpt>
   <trkpt lat="51.77179" lon="-1.96968">
    <ele>151.46</ele>
   </trkpt>
   <trkpt lat="51.77187000000001" lon="-1.9696900000000002">
    <ele>151.60000000000002</ele>
   </trkpt>
   <trkpt lat="51.77208" lon="-1.9699200000000001">
    <ele>153.77</ele>
   </trkpt>
   <trkpt lat="51.77214000000001" lon="-1.9699000000000002">
    <ele>154.88000000000002</ele>
   </trkpt>
   <trkpt lat="51.772180000000006" lon="-1.96988">
    <ele>154.88000000000002</ele>
   </trkpt>
   <trkpt lat="51.77225000000001" lon="-1.9697500000000001">
    <ele>157.02</ele>
   </trkpt>
   <trkpt lat="51.77253" lon="-1.9689800000000002">
    <ele>162.96</ele>
   </trkpt>
   <trkpt lat="51.772810003697906" lon="-1.9680400060007006">
    <ele>170.54000000000002</ele>
   </trkpt>
   <trkpt lat="51.77309" lon="-1.9671">
    <ele>175.35</ele>
   </trkpt>
   <trkpt lat="51.773270000000004" lon="-1.9667000000000001">
    <ele>179.58</ele>
   </trkpt>
   <trkpt lat="51.77357500183842" lon="-1.9660550042032716">
    <ele>185.35000000000002</ele>
   </trkpt>
   <trkpt lat="51.773880000000005" lon="-1.96541">
    <ele>188.44000000000003</ele>
   </trkpt>
   <trkpt lat="51.77429500219013" lon="-1.9647000064404705">
    <ele>191.19000000000003</ele>
   </trkpt>
   <trkpt lat="51.774710000000006" lon="-1.9639900000000001">
    <ele>193.05</ele>
   </trkpt>
   <trkpt lat="51.775305023684886" lon="-1.9629334029867211">
    <ele>195.55</ele>
   </trkpt>
   <trkpt lat="51.7759000378983" lon="-1.9618767781099065">
    <ele>197.72</ele>
   </trkpt>
   <trkpt lat="51.776495042639816" lon="-1.9608201253686695">
    <ele>199.9</ele>
   </trkpt>
   <trkpt lat="51.77709003790899" lon="-1.9597634447621244">
    <ele>201.98000000000002</ele>
   </trkpt>
   <trkpt lat="51.77768502370533" lon="-1.9587067362893829">
    <ele>202.86</ele>
   </trkpt>
   <trkpt lat="51.77828" lon="-1.9576500000000001">
    <ele>204.45000000000002</ele>
   </trkpt>
   <trkpt lat="51.77832" lon="-1.9575000000000002">
    <ele>204.45000000000002</ele>
   </trkpt>
   <trkpt lat="51.77899000000287" lon="-1.9575133329373904">
    <ele>204.93000000000004</ele>
   </trkpt>
   <trkpt lat="51.77966000000426" lon="-1.9575266662707436">
    <ele>205.39000000000001</ele>
   </trkpt>
   <trkpt lat="51.780330000000006" lon="-1.95754">
    <ele>205.83</ele>
   </trkpt>
   <trkpt lat="51.780680000000004" lon="-1.9574900000000002">
    <ele>205.87000000000003</ele>
   </trkpt>
   <trkpt lat="51.78111502345034" lon="-1.9585416159548628">
    <ele>206.16</ele>
   </trkpt>
   <trkpt lat="51.78155003751882" lon="-1.9595932521888995">
    <ele>206.53</ele>
   </trkpt>
   <trkpt lat="51.78198504220515" lon="-1.960644908702381">
    <ele>207.15000000000003</ele>
   </trkpt>
   <trkpt lat="51.78242003750897" lon="-1.961696585495578">
    <ele>206.71</ele>
   </trkpt>
   <trkpt lat="51.78285502342997" lon="-1.9627482825687597">
    <ele>207.79000000000002</ele>
   </trkpt>
   <trkpt lat="51.78329" lon="-1.9638000000000002">
    <ele>208.75000000000003</ele>
   </trkpt>
   <trkpt lat="51.783630015542826" lon="-1.9649049750352063">
    <ele>204.83</ele>
   </trkpt>
   <trkpt lat="51.783970020727864" lon="-1.9660099667263098">
    <ele>188.09</ele>
   </trkpt>
   <trkpt lat="51.7843100155548" lon="-1.9671149750732577">
    <ele>174.69</ele>
   </trkpt>
   <trkpt lat="51.784650000000006" lon="-1.96822">
    <ele>165.44</ele>
   </trkpt>
   <trkpt lat="51.785240000260714" lon="-1.968459996867764">
    <ele>160.13000000000002</ele>
   </trkpt>
   <trkpt lat="51.785830000000004" lon="-1.9687000000000001">
    <ele>146.19</ele>
   </trkpt>
   <trkpt lat="51.786080000000005" lon="-1.96842">
    <ele>147.1</ele>
   </trkpt>
   <trkpt lat="51.78660000000001" lon="-1.96768">
    <ele>154.15</ele>
   </trkpt>
   <trkpt lat="51.786680000000004" lon="-1.9674800000000001">
    <ele>156.65</ele>
   </trkpt>
   <trkpt lat="51.786680000000004" lon="-1.96717">
    <ele>159.82000000000002</ele>
   </trkpt>
   <trkpt lat="51.786620000000006" lon="-1.96697">
    <ele>163.59</ele>
   </trkpt>
   <trkpt lat="51.786640000000006" lon="-1.96673">
    <ele>165.15</ele>
   </trkpt>
   <trkpt lat="51.78683" lon="-1.9658900000000001">
    <ele>174.54</ele>
   </trkpt>
   <trkpt lat="51.78725000000001" lon="-1.96486">
    <ele>182.61</ele>
   </trkpt>
   <trkpt lat="51.78753000340758" lon="-1.9639650055233768">
    <ele>189.20000000000002</ele>
   </trkpt>
   <trkpt lat="51.78781000000001" lon="-1.96307">
    <ele>197.56</ele>
   </trkpt>
   <trkpt lat="51.788160000000005" lon="-1.96175">
    <ele>207.88</ele>
   </trkpt>
   <trkpt lat="51.78837000000001" lon="-1.9608">
    <ele>211.67000000000002</ele>
   </trkpt>
   <trkpt lat="51.78843500235761" lon="-1.960055001033119">
    <ele>212.28000000000003</ele>
   </trkpt>
   <trkpt lat="51.788500000000006" lon="-1.95931">
    <ele>211.75000000000003</ele>
   </trkpt>
   <trkpt lat="51.788610002837274" lon="-1.9584950018390712">
    <ele>211.1</ele>
   </trkpt>
   <trkpt lat="51.788720000000005" lon="-1.95768">
    <ele>210.05</ele>
   </trkpt>
   <trkpt lat="51.789010000000005" lon="-1.95676">
    <ele>208.77</ele>
   </trkpt>
   <trkpt lat="51.78942000000001" lon="-1.95588">
    <ele>208.96</ele>
   </trkpt>
   <trkpt lat="51.78943" lon="-1.9558100000000003">
    <ele>208.96</ele>
   </trkpt>
   <trkpt lat="51.789570000000005" lon="-1.95575">
    <ele>208.96</ele>
   </trkpt>
   <trkpt lat="51.78976" lon="-1.9550400000000001">
    <ele>207.58</ele>
   </trkpt>
   <trkpt lat="51.78999334267929" lon="-1.953990010891734">
    <ele>206.02</ele>
   </trkpt>
   <trkpt lat="51.790226676006505" lon="-1.9529400109194142">
    <ele>204.25</ele>
   </trkpt>
   <trkpt lat="51.79046" lon="-1.9518900000000001">
    <ele>202.85000000000002</ele>
   </trkpt>
   <trkpt lat="51.79071000915295" lon="-1.9508500116201997">
    <ele>201.16</ele>
   </trkpt>
   <trkpt lat="51.79096000913119" lon="-1.949810011710928">
    <ele>199.32000000000002</ele>
   </trkpt>
   <trkpt lat="51.79121000000001" lon="-1.9487700000000001">
    <ele>195.76000000000002</ele>
   </trkpt>
   <trkpt lat="51.79149500344093" lon="-1.947875005518855">
    <ele>191.07000000000002</ele>
   </trkpt>
   <trkpt lat="51.79178" lon="-1.9469800000000002">
    <ele>190.55</ele>
   </trkpt>
   <trkpt lat="51.791940000000004" lon="-1.9463000000000001">
    <ele>195.27</ele>
   </trkpt>
   <trkpt lat="51.79204000000001" lon="-1.9456900000000001">
    <ele>198.56</ele>
   </trkpt>
   <trkpt lat="51.79227334507171" lon="-1.9445133455391093">
    <ele>200.08</ele>
   </trkpt>
   <trkpt lat="51.79250667839913" lon="-1.9433366789025213">
    <ele>197.9</ele>
   </trkpt>
   <trkpt lat="51.79274" lon="-1.94216">
    <ele>202.96000000000004</ele>
   </trkpt>
   <trkpt lat="51.79302751932689" lon="-1.9409275235755492">
    <ele>205.79000000000002</ele>
   </trkpt>
   <trkpt lat="51.793315025768784" lon="-1.9396950314364225">
    <ele>207.51000000000002</ele>
   </trkpt>
   <trkpt lat="51.79360251932539" lon="-1.938462523582963">
    <ele>208.23000000000002</ele>
   </trkpt>
   <trkpt lat="51.793890000000005" lon="-1.9372300000000002">
    <ele>208.92000000000002</ele>
   </trkpt>
   <trkpt lat="51.7937" lon="-1.9368">
    <ele>208.72</ele>
   </trkpt>
   <trkpt lat="51.79337" lon="-1.93578">
    <ele>209.98000000000002</ele>
   </trkpt>
   <trkpt lat="51.79324000261935" lon="-1.9349849973339697">
    <ele>210.41</ele>
   </trkpt>
   <trkpt lat="51.793110000000006" lon="-1.93419">
    <ele>210.13</ele>
   </trkpt>
   <trkpt lat="51.79285500708046" lon="-1.9328949925142498">
    <ele>209.74</ele>
   </trkpt>
   <trkpt lat="51.79260000000001" lon="-1.9316000000000002">
    <ele>208.94</ele>
   </trkpt>
   <trkpt lat="51.793105000164466" lon="-1.9315100009846031">
    <ele>209.54</ele>
   </trkpt>
   <trkpt lat="51.79361" lon="-1.9314200000000001">
    <ele>210.41</ele>
   </trkpt>
   <trkpt lat="51.794360000133565" lon="-1.931230003164842">
    <ele>211.47000000000003</ele>
   </trkpt>
   <trkpt lat="51.79511" lon="-1.93104">
    <ele>211.79</ele>
   </trkpt>
   <trkpt lat="51.79561500035359" lon="-1.9307700029999104">
    <ele>211.49</ele>
   </trkpt>
   <trkpt lat="51.79612" lon="-1.9305">
    <ele>211.00000000000003</ele>
   </trkpt>
   <trkpt lat="51.79654500042778" lon="-1.9301950028507595">
    <ele>210.19</ele>
   </trkpt>
   <trkpt lat="51.79697" lon="-1.92989">
    <ele>208.92000000000002</ele>
   </trkpt>
   <trkpt lat="51.797450000000005" lon="-1.92928">
    <ele>206.45000000000002</ele>
   </trkpt>
   <trkpt lat="51.797630000000005" lon="-1.92904">
    <ele>206.22</ele>
   </trkpt>
   <trkpt lat="51.79773" lon="-1.92884">
    <ele>206.21</ele>
   </trkpt>
   <trkpt lat="51.798030000000004" lon="-1.9281800000000002">
    <ele>206.93000000000004</ele>
   </trkpt>
   <trkpt lat="51.79849" lon="-1.9270100000000001">
    <ele>213.76</ele>
   </trkpt>
   <trkpt lat="51.79891000000001" lon="-1.92602">
    <ele>216.22000000000003</ele>
   </trkpt>
   <trkpt lat="51.79940500316841" lon="-1.9251550095047902">
    <ele>217.24</ele>
   </trkpt>
   <trkpt lat="51.7999" lon="-1.92429">
    <ele>217.07000000000002</ele>
   </trkpt>
   <trkpt lat="51.80044" lon="-1.9235200000000001">
    <ele>217.14000000000001</ele>
   </trkpt>
   <trkpt lat="51.800720000000005" lon="-1.92324">
    <ele>216.72000000000003</ele>
   </trkpt>
   <trkpt lat="51.80104000000001" lon="-1.9230800000000001">
    <ele>216.58</ele>
   </trkpt>
   <trkpt lat="51.80153500012973" lon="-1.9229550013563852">
    <ele>214.97000000000003</ele>
   </trkpt>
   <trkpt lat="51.80203" lon="-1.9228300000000003">
    <ele>212.51</ele>
   </trkpt>
   <trkpt lat="51.80203" lon="-1.92165">
    <ele>204.39000000000001</ele>
   </trkpt>
   <trkpt lat="51.80207000000001" lon="-1.92118">
    <ele>201.75</ele>
   </trkpt>
   <trkpt lat="51.8025" lon="-1.92006">
    <ele>191.60000000000002</ele>
   </trkpt>
   <trkpt lat="51.802440000000004" lon="-1.92002">
    <ele>191.55</ele>
   </trkpt>
   <trkpt lat="51.802400000000006" lon="-1.91992">
    <ele>190.28</ele>
   </trkpt>
   <trkpt lat="51.802150000000005" lon="-1.9196600000000001">
    <ele>187.53</ele>
   </trkpt>
   <trkpt lat="51.80232" lon="-1.91887">
    <ele>180.13</ele>
   </trkpt>
   <trkpt lat="51.802350000000004" lon="-1.9186">
    <ele>176.86</ele>
   </trkpt>
   <trkpt lat="51.80245000000001" lon="-1.9184">
    <ele>173.8</ele>
   </trkpt>
   <trkpt lat="51.8027" lon="-1.9180400000000002">
    <ele>169.63</ele>
   </trkpt>
   <trkpt lat="51.802960000000006" lon="-1.91779">
    <ele>166.22</ele>
   </trkpt>
   <trkpt lat="51.803020000000004" lon="-1.9176900000000001">
    <ele>165.37</ele>
   </trkpt>
   <trkpt lat="51.80308" lon="-1.9175200000000001">
    <ele>165.33</ele>
   </trkpt>
   <trkpt lat="51.80328" lon="-1.9168100000000001">
    <ele>169.13</ele>
   </trkpt>
   <trkpt lat="51.80332000000001" lon="-1.9167300000000003">
    <ele>169.26000000000002</ele>
   </trkpt>
   <trkpt lat="51.80366" lon="-1.9166400000000001">
    <ele>177.86</ele>
   </trkpt>
   <trkpt lat="51.803830000000005" lon="-1.91663">
    <ele>183.34</ele>
   </trkpt>
   <trkpt lat="51.804" lon="-1.9165400000000001">
    <ele>185.44000000000003</ele>
   </trkpt>
   <trkpt lat="51.80425" lon="-1.9165400000000001">
    <ele>188.43</ele>
   </trkpt>
   <trkpt lat="51.80431" lon="-1.9166">
    <ele>189.23000000000002</ele>
   </trkpt>
   <trkpt lat="51.80444000000001" lon="-1.9166">
    <ele>190.68</ele>
   </trkpt>
   <trkpt lat="51.80481" lon="-1.91677">
    <ele>199.05</ele>
   </trkpt>
   <trkpt lat="51.804860000000005" lon="-1.91677">
    <ele>199.05</ele>
   </trkpt>
   <trkpt lat="51.80537" lon="-1.91629">
    <ele>209.08</ele>
   </trkpt>
   <trkpt lat="51.80577" lon="-1.9170800000000001">
    <ele>212.03000000000003</ele>
   </trkpt>
   <trkpt lat="51.805960000000006" lon="-1.91735">
    <ele>213.45000000000002</ele>
   </trkpt>
   <trkpt lat="51.806540000000005" lon="-1.91785">
    <ele>217.7</ele>
   </trkpt>
   <trkpt lat="51.807070000276504" lon="-1.9181099969379412">
    <ele>220.25000000000003</ele>
   </trkpt>
   <trkpt lat="51.8076" lon="-1.9183700000000001">
    <ele>221.63000000000002</ele>
   </trkpt>
   <trkpt lat="51.808025000327326" lon="-1.9186349975197556">
    <ele>222.14000000000001</ele>
   </trkpt>
   <trkpt lat="51.80845000000001" lon="-1.9189">
    <ele>223.02</ele>
   </trkpt>
   <trkpt lat="51.808840000000004" lon="-1.91918">
    <ele>223.07000000000002</ele>
   </trkpt>
   <trkpt lat="51.80948000000001" lon="-1.91972">
    <ele>223.78</ele>
   </trkpt>
   <trkpt lat="51.80955" lon="-1.91985">
    <ele>223.78</ele>
   </trkpt>
   <trkpt lat="51.80982" lon="-1.92016">
    <ele>224.13000000000002</ele>
   </trkpt>
   <trkpt lat="51.810270001022985" lon="-1.9206149956038143">
    <ele>225.22000000000003</ele>
   </trkpt>
   <trkpt lat="51.81072" lon="-1.92107">
    <ele>227.12</ele>
   </trkpt>
   <trkpt lat="51.810770000000005" lon="-1.9210800000000001">
    <ele>227.56</ele>
   </trkpt>
   <trkpt lat="51.811420000000005" lon="-1.92087">
    <ele>229.14000000000001</ele>
   </trkpt>
   <trkpt lat="51.812200000000004" lon="-1.92087">
    <ele>225.96</ele>
   </trkpt>
   <trkpt lat="51.81265999992888" lon="-1.9209199994807646">
    <ele>221.16000000000003</ele>
   </trkpt>
   <trkpt lat="51.813120000000005" lon="-1.92097">
    <ele>215.23</ele>
   </trkpt>
   <trkpt lat="51.81358" lon="-1.92097">
    <ele>208.95000000000002</ele>
   </trkpt>
   <trkpt lat="51.814020000000006" lon="-1.9208100000000001">
    <ele>203.20000000000002</ele>
   </trkpt>
   <trkpt lat="51.81407" lon="-1.92084">
    <ele>203.20000000000002</ele>
   </trkpt>
   <trkpt lat="51.814170000000004" lon="-1.92097">
    <ele>200.88</ele>
   </trkpt>
   <trkpt lat="51.81436000000001" lon="-1.92145">
    <ele>195.13000000000002</ele>
   </trkpt>
   <trkpt lat="51.81441" lon="-1.92155">
    <ele>195.13000000000002</ele>
   </trkpt>
   <trkpt lat="51.81461" lon="-1.92175">
    <ele>192.59</ele>
   </trkpt>
   <trkpt lat="51.8147" lon="-1.92179">
    <ele>192.59</ele>
   </trkpt>
   <trkpt lat="51.814780000000006" lon="-1.92179">
    <ele>190.0</ele>
   </trkpt>
   <trkpt lat="51.815070000000006" lon="-1.9216900000000001">
    <ele>187.87</ele>
   </trkpt>
   <trkpt lat="51.81562" lon="-1.92134">
    <ele>177.94</ele>
   </trkpt>
   <trkpt lat="51.815920000000006" lon="-1.9213500000000001">
    <ele>173.89000000000001</ele>
   </trkpt>
   <trkpt lat="51.816280000000006" lon="-1.92148">
    <ele>165.42000000000002</ele>
   </trkpt>
   <trkpt lat="51.81671000000001" lon="-1.92175">
    <ele>157.24</ele>
   </trkpt>
   <trkpt lat="51.81685" lon="-1.92179">
    <ele>155.29000000000002</ele>
   </trkpt>
   <trkpt lat="51.817060000000005" lon="-1.92172">
    <ele>152.58</ele>
   </trkpt>
   <trkpt lat="51.81720000000001" lon="-1.9215900000000001">
    <ele>151.37</ele>
   </trkpt>
   <trkpt lat="51.81776000000001" lon="-1.9209900000000002">
    <ele>147.37</ele>
   </trkpt>
   <trkpt lat="51.817910000000005" lon="-1.92087">
    <ele>147.37</ele>
   </trkpt>
   <trkpt lat="51.81815" lon="-1.92077">
    <ele>146.93</ele>
   </trkpt>
   <trkpt lat="51.81835" lon="-1.9207">
    <ele>147.54</ele>
   </trkpt>
   <trkpt lat="51.818670000000004" lon="-1.9206400000000001">
    <ele>148.92000000000002</ele>
   </trkpt>
   <trkpt lat="51.818940000000005" lon="-1.9206200000000002">
    <ele>148.77</ele>
   </trkpt>
   <trkpt lat="51.81942" lon="-1.9207200000000002">
    <ele>146.15</ele>
   </trkpt>
   <trkpt lat="51.81949" lon="-1.9204700000000001">
    <ele>142.09000000000003</ele>
   </trkpt>
   <trkpt lat="51.81962000000001" lon="-1.92023">
    <ele>139.75</ele>
   </trkpt>
   <trkpt lat="51.819990000000004" lon="-1.9198000000000002">
    <ele>134.4</ele>
   </trkpt>
   <trkpt lat="51.820080000000004" lon="-1.9197800000000003">
    <ele>134.12</ele>
   </trkpt>
   <trkpt lat="51.820280000000004" lon="-1.9193900000000002">
    <ele>133.63</ele>
   </trkpt>
   <trkpt lat="51.82029000000001" lon="-1.91938">
    <ele>133.63</ele>
   </trkpt>
   <trkpt lat="51.82047000000001" lon="-1.9189200000000002">
    <ele>133.76000000000002</ele>
   </trkpt>
   <trkpt lat="51.82049000000001" lon="-1.9187800000000002">
    <ele>133.60000000000002</ele>
   </trkpt>
   <trkpt lat="51.82049000000001" lon="-1.9184">
    <ele>134.39000000000001</ele>
   </trkpt>
   <trkpt lat="51.820600000000006" lon="-1.91772">
    <ele>137.55</ele>
   </trkpt>
   <trkpt lat="51.82063" lon="-1.91738">
    <ele>139.66</ele>
   </trkpt>
   <trkpt lat="51.82065000000001" lon="-1.9164">
    <ele>145.9</ele>
   </trkpt>
   <trkpt lat="51.82072" lon="-1.91562">
    <ele>151.95</ele>
   </trkpt>
   <trkpt lat="51.82097" lon="-1.91474">
    <ele>157.60000000000002</ele>
   </trkpt>
   <trkpt lat="51.82113000214194" lon="-1.9140250026544372">
    <ele>161.41000000000003</ele>
   </trkpt>
   <trkpt lat="51.821290000000005" lon="-1.91331">
    <ele>163.44</ele>
   </trkpt>
   <trkpt lat="51.82161000000001" lon="-1.91233">
    <ele>169.91</ele>
   </trkpt>
   <trkpt lat="51.82186" lon="-1.91179">
    <ele>173.8</ele>
   </trkpt>
   <trkpt lat="51.82217000000001" lon="-1.9112200000000001">
    <ele>177.6</ele>
   </trkpt>
   <trkpt lat="51.822430000000004" lon="-1.91087">
    <ele>179.68</ele>
   </trkpt>
   <trkpt lat="51.822720000000004" lon="-1.91043">
    <ele>181.27</ele>
   </trkpt>
   <trkpt lat="51.82302000000001" lon="-1.90972">
    <ele>181.96</ele>
   </trkpt>
   <trkpt lat="51.82320000000001" lon="-1.90884">
    <ele>183.06000000000003</ele>
   </trkpt>
   <trkpt lat="51.82338000000001" lon="-1.90779">
    <ele>181.91000000000003</ele>
   </trkpt>
   <trkpt lat="51.823350000000005" lon="-1.90687">
    <ele>180.09000000000003</ele>
   </trkpt>
   <trkpt lat="51.82336" lon="-1.90579">
    <ele>176.93</ele>
   </trkpt>
   <trkpt lat="51.82346500545193" lon="-1.9046550027569948">
    <ele>173.18</ele>
   </trkpt>
   <trkpt lat="51.823570000000004" lon="-1.90352">
    <ele>170.89000000000001</ele>
   </trkpt>
   <trkpt lat="51.82354" lon="-1.90304">
    <ele>170.48000000000002</ele>
   </trkpt>
   <trkpt lat="51.82352" lon="-1.90209">
    <ele>171.42000000000002</ele>
   </trkpt>
   <trkpt lat="51.82345" lon="-1.90111">
    <ele>173.32</ele>
   </trkpt>
   <trkpt lat="51.82333000306865" lon="-1.9002649980384305">
    <ele>174.82</ele>
   </trkpt>
   <trkpt lat="51.82321" lon="-1.89942">
    <ele>175.28000000000003</ele>
   </trkpt>
   <trkpt lat="51.823150000000005" lon="-1.89877">
    <ele>174.58</ele>
   </trkpt>
   <trkpt lat="51.823100000000004" lon="-1.8984400000000001">
    <ele>174.86</ele>
   </trkpt>
   <trkpt lat="51.82300000000001" lon="-1.8982">
    <ele>175.47</ele>
   </trkpt>
   <trkpt lat="51.822610000000005" lon="-1.8975600000000001">
    <ele>180.27</ele>
   </trkpt>
   <trkpt lat="51.82226000000001" lon="-1.89708">
    <ele>182.78000000000003</ele>
   </trkpt>
   <trkpt lat="51.822050000000004" lon="-1.8967">
    <ele>183.4</ele>
   </trkpt>
   <trkpt lat="51.82182" lon="-1.89616">
    <ele>184.26</ele>
   </trkpt>
   <trkpt lat="51.8213" lon="-1.89508">
    <ele>182.56000000000003</ele>
   </trkpt>
   <trkpt lat="51.82126" lon="-1.89484">
    <ele>181.62</ele>
   </trkpt>
   <trkpt lat="51.821270000000005" lon="-1.8945200000000002">
    <ele>180.96</ele>
   </trkpt>
   <trkpt lat="51.821400000000004" lon="-1.89355">
    <ele>180.22000000000003</ele>
   </trkpt>
   <trkpt lat="51.821540000000006" lon="-1.8930700000000003">
    <ele>180.36</ele>
   </trkpt>
   <trkpt lat="51.82171" lon="-1.89264">
    <ele>180.58</ele>
   </trkpt>
   <trkpt lat="51.822" lon="-1.89209">
    <ele>182.16000000000003</ele>
   </trkpt>
   <trkpt lat="51.82238" lon="-1.8912200000000001">
    <ele>182.76</ele>
   </trkpt>
   <trkpt lat="51.822860000000006" lon="-1.89023">
    <ele>181.3</ele>
   </trkpt>
   <trkpt lat="51.823150000000005" lon="-1.8892000000000002">
    <ele>178.67000000000002</ele>
   </trkpt>
   <trkpt lat="51.82343" lon="-1.88931">
    <ele>180.89000000000001</ele>
   </trkpt>
   <trkpt lat="51.82349000000001" lon="-1.8892200000000001">
    <ele>180.89000000000001</ele>
   </trkpt>
   <trkpt lat="51.823780000000006" lon="-1.8898000000000001">
    <ele>186.31</ele>
   </trkpt>
   <trkpt lat="51.824180000000005" lon="-1.89064">
    <ele>190.27</ele>
   </trkpt>
   <trkpt lat="51.824400000000004" lon="-1.89121">
    <ele>193.47</ele>
   </trkpt>
   <trkpt lat="51.824560000000005" lon="-1.89169">
    <ele>194.75</ele>
   </trkpt>
   <trkpt lat="51.824800007627765" lon="-1.8926366566899602">
    <ele>200.09</ele>
   </trkpt>
   <trkpt lat="51.82504000765582" lon="-1.8935833234672284">
    <ele>202.11</ele>
   </trkpt>
   <trkpt lat="51.82528000000001" lon="-1.89453">
    <ele>206.83</ele>
   </trkpt>
   <trkpt lat="51.82553000000001" lon="-1.89531">
    <ele>209.20000000000002</ele>
   </trkpt>
   <trkpt lat="51.82584000000001" lon="-1.89599">
    <ele>212.11</ele>
   </trkpt>
   <trkpt lat="51.82632" lon="-1.89684">
    <ele>214.69000000000003</ele>
   </trkpt>
   <trkpt lat="51.82697500339517" lon="-1.897739986858773">
    <ele>218.28000000000003</ele>
   </trkpt>
   <trkpt lat="51.827630000000006" lon="-1.89864">
    <ele>220.9</ele>
   </trkpt>
   <trkpt lat="51.828230000000005" lon="-1.8992900000000001">
    <ele>222.88000000000002</ele>
   </trkpt>
   <trkpt lat="51.828940001918156" lon="-1.8999649893465815">
    <ele>223.32000000000002</ele>
   </trkpt>
   <trkpt lat="51.82965" lon="-1.90064">
    <ele>222.89</ele>
   </trkpt>
   <trkpt lat="51.83018500075679" lon="-1.9010799947206831">
    <ele>222.85000000000002</ele>
   </trkpt>
   <trkpt lat="51.83072000000001" lon="-1.90152">
    <ele>223.20000000000002</ele>
   </trkpt>
   <trkpt lat="51.831" lon="-1.90169">
    <ele>223.88000000000002</ele>
   </trkpt>
   <trkpt lat="51.83153" lon="-1.9018000000000002">
    <ele>223.74</ele>
   </trkpt>
   <trkpt lat="51.83184000000001" lon="-1.90267">
    <ele>225.20000000000002</ele>
   </trkpt>
   <trkpt lat="51.83217667861669" lon="-1.9038566489569264">
    <ele>227.82000000000002</ele>
   </trkpt>
   <trkpt lat="51.832513345292696" lon="-1.9050433156561855">
    <ele>230.78</ele>
   </trkpt>
   <trkpt lat="51.83285000000001" lon="-1.90623">
    <ele>233.95000000000002</ele>
   </trkpt>
   <trkpt lat="51.83299" lon="-1.9066100000000001">
    <ele>234.55</ele>
   </trkpt>
   <trkpt lat="51.833432510436104" lon="-1.9075149733604058">
    <ele>236.71000000000004</ele>
   </trkpt>
   <trkpt lat="51.83387501392749" lon="-1.9084199645059454">
    <ele>239.61</ele>
   </trkpt>
   <trkpt lat="51.83431751047394" lon="-1.9093249734369726">
    <ele>241.24</ele>
   </trkpt>
   <trkpt lat="51.83476" lon="-1.91023">
    <ele>242.73000000000002</ele>
   </trkpt>
   <trkpt lat="51.835230001155935" lon="-1.9107349948093773">
    <ele>243.35</ele>
   </trkpt>
   <trkpt lat="51.8357" lon="-1.91124">
    <ele>244.11</ele>
   </trkpt>
   <trkpt lat="51.83621" lon="-1.91179">
    <ele>245.36</ele>
   </trkpt>
   <trkpt lat="51.836580000000005" lon="-1.9121000000000001">
    <ele>246.31000000000003</ele>
   </trkpt>
   <trkpt lat="51.83723000326857" lon="-1.9127199821083254">
    <ele>247.24</ele>
   </trkpt>
   <trkpt lat="51.83788000327777" lon="-1.9133399821167778">
    <ele>247.46</ele>
   </trkpt>
   <trkpt lat="51.838530000000006" lon="-1.91396">
    <ele>247.28000000000003</ele>
   </trkpt>
   <trkpt lat="51.83927000427751" lon="-1.914673309849221">
    <ele>244.79</ele>
   </trkpt>
   <trkpt lat="51.84001000424062" lon="-1.9153866431464726">
    <ele>242.91</ele>
   </trkpt>
   <trkpt lat="51.84075000000001" lon="-1.9161000000000001">
    <ele>241.24</ele>
   </trkpt>
   <trkpt lat="51.840880000000006" lon="-1.9162700000000001">
    <ele>241.00000000000003</ele>
   </trkpt>
   <trkpt lat="51.840970000000006" lon="-1.9162700000000001">
    <ele>240.62000000000003</ele>
   </trkpt>
   <trkpt lat="51.8416066668688" lon="-1.9161200042398985">
    <ele>238.26000000000002</ele>
   </trkpt>
   <trkpt lat="51.84224333354679" lon="-1.9159700042372978">
    <ele>235.51000000000002</ele>
   </trkpt>
   <trkpt lat="51.84288" lon="-1.91582">
    <ele>232.24000000000004</ele>
   </trkpt>
   <trkpt lat="51.84290000000001" lon="-1.91582">
    <ele>232.24000000000004</ele>
   </trkpt>
   <trkpt lat="51.84313" lon="-1.91541">
    <ele>230.11</ele>
   </trkpt>
   <trkpt lat="51.84329" lon="-1.91514">
    <ele>227.49</ele>
   </trkpt>
   <trkpt lat="51.843500000000006" lon="-1.91497">
    <ele>225.82000000000002</ele>
   </trkpt>
   <trkpt lat="51.843830000000004" lon="-1.9148100000000001">
    <ele>222.70000000000002</ele>
   </trkpt>
   <trkpt lat="51.84440999995084" lon="-1.9146200025142885">
    <ele>214.49</ele>
   </trkpt>
   <trkpt lat="51.84499" lon="-1.91443">
    <ele>207.52</ele>
   </trkpt>
   <trkpt lat="51.84517" lon="-1.9144">
    <ele>206.18000000000004</ele>
   </trkpt>
   <trkpt lat="51.845870000000005" lon="-1.91453">
    <ele>199.0</ele>
   </trkpt>
   <trkpt lat="51.84635" lon="-1.91453">
    <ele>193.71</ele>
   </trkpt>
   <trkpt lat="51.846650000000004" lon="-1.9144">
    <ele>189.38000000000002</ele>
   </trkpt>
   <trkpt lat="51.847010000000004" lon="-1.91399">
    <ele>181.42000000000002</ele>
   </trkpt>
   <trkpt lat="51.84731000000001" lon="-1.9136600000000001">
    <ele>176.15</ele>
   </trkpt>
   <trkpt lat="51.847590000000004" lon="-1.9134300000000002">
    <ele>172.52</ele>
   </trkpt>
   <trkpt lat="51.847710000000006" lon="-1.91345">
    <ele>172.14000000000001</ele>
   </trkpt>
   <trkpt lat="51.84780000000001" lon="-1.9135100000000003">
    <ele>171.92000000000002</ele>
   </trkpt>
   <trkpt lat="51.84788" lon="-1.91338">
    <ele>171.67000000000002</ele>
   </trkpt>
   <trkpt lat="51.84803" lon="-1.91321">
    <ele>171.52</ele>
   </trkpt>
   <trkpt lat="51.848290000000006" lon="-1.91301">
    <ele>171.85</ele>
   </trkpt>
   <trkpt lat="51.84866" lon="-1.91253">
    <ele>174.02</ele>
   </trkpt>
   <trkpt lat="51.849030000000006" lon="-1.9118600000000001">
    <ele>177.85</ele>
   </trkpt>
   <trkpt lat="51.84939000000001" lon="-1.91104">
    <ele>181.01</ele>
   </trkpt>
   <trkpt lat="51.84964" lon="-1.91057">
    <ele>184.24</ele>
   </trkpt>
   <trkpt lat="51.849810000000005" lon="-1.9103">
    <ele>187.7</ele>
   </trkpt>
   <trkpt lat="51.85034" lon="-1.9098300000000001">
    <ele>195.60000000000002</ele>
   </trkpt>
   <trkpt lat="51.851090000000006" lon="-1.9097100000000002">
    <ele>202.63</ele>
   </trkpt>
   <trkpt lat="51.851470000000006" lon="-1.90945">
    <ele>200.19</ele>
   </trkpt>
   <trkpt lat="51.851760000000006" lon="-1.90918">
    <ele>197.08</ele>
   </trkpt>
   <trkpt lat="51.85202" lon="-1.90877">
    <ele>192.20000000000002</ele>
   </trkpt>
   <trkpt lat="51.852320000000006" lon="-1.90809">
    <ele>188.94000000000003</ele>
   </trkpt>
   <trkpt lat="51.85251" lon="-1.90785">
    <ele>188.63000000000002</ele>
   </trkpt>
   <trkpt lat="51.85273" lon="-1.90772">
    <ele>189.34</ele>
   </trkpt>
   <trkpt lat="51.85302" lon="-1.9075900000000001">
    <ele>191.60000000000002</ele>
   </trkpt>
   <trkpt lat="51.85366000057461" lon="-1.9072150053458705">
    <ele>197.98000000000002</ele>
   </trkpt>
   <trkpt lat="51.8543" lon="-1.90684">
    <ele>204.19</ele>
   </trkpt>
   <trkpt lat="51.8547" lon="-1.9065400000000001">
    <ele>207.22</ele>
   </trkpt>
   <trkpt lat="51.85529000251373" lon="-1.9057900096694296">
    <ele>212.69000000000003</ele>
   </trkpt>
   <trkpt lat="51.855880000000006" lon="-1.90504">
    <ele>218.03000000000003</ele>
   </trkpt>
   <trkpt lat="51.856390000000005" lon="-1.9042700000000001">
    <ele>222.68</ele>
   </trkpt>
   <trkpt lat="51.85665" lon="-1.90396">
    <ele>225.92000000000002</ele>
   </trkpt>
   <trkpt lat="51.85713000033628" lon="-1.9036200037359845">
    <ele>232.13000000000002</ele>
   </trkpt>
   <trkpt lat="51.85761" lon="-1.90328">
    <ele>242.42000000000002</ele>
   </trkpt>
   <trkpt lat="51.858380000000004" lon="-1.9026500000000002">
    <ele>251.70000000000002</ele>
   </trkpt>
   <trkpt lat="51.85813" lon="-1.9017600000000001">
    <ele>252.76000000000005</ele>
   </trkpt>
   <trkpt lat="51.858270000000005" lon="-1.9016400000000002">
    <ele>252.81000000000003</ele>
   </trkpt>
   <trkpt lat="51.858470000000004" lon="-1.9025100000000001">
    <ele>252.59000000000003</ele>
   </trkpt>
   <trkpt lat="51.85849" lon="-1.9025400000000001">
    <ele>252.59000000000003</ele>
   </trkpt>
   <trkpt lat="51.8592" lon="-1.90236">
    <ele>252.81000000000003</ele>
   </trkpt>
   <trkpt lat="51.86006000080841" lon="-1.9020466786543389">
    <ele>251.69000000000003</ele>
   </trkpt>
   <trkpt lat="51.860920000784525" lon="-1.901733345329986">
    <ele>248.48000000000002</ele>
   </trkpt>
   <trkpt lat="51.86178" lon="-1.90142">
    <ele>242.62000000000003</ele>
   </trkpt>
   <trkpt lat="51.8625450004089" lon="-1.9011100052709966">
    <ele>238.85</ele>
   </trkpt>
   <trkpt lat="51.863310000000006" lon="-1.9008">
    <ele>233.32000000000002</ele>
   </trkpt>
   <trkpt lat="51.86389000079658" lon="-1.900400005075745">
    <ele>230.01000000000002</ele>
   </trkpt>
   <trkpt lat="51.864470000000004" lon="-1.9000000000000001">
    <ele>227.25</ele>
   </trkpt>
   <trkpt lat="51.86488000000001" lon="-1.89979">
    <ele>226.8</ele>
   </trkpt>
   <trkpt lat="51.86570000047702" lon="-1.8994350064963579">
    <ele>230.38000000000002</ele>
   </trkpt>
   <trkpt lat="51.86652" lon="-1.89908">
    <ele>237.14000000000001</ele>
   </trkpt>
   <trkpt lat="51.867345000574296" lon="-1.8987450061045783">
    <ele>242.00000000000003</ele>
   </trkpt>
   <trkpt lat="51.868170000000006" lon="-1.8984100000000002">
    <ele>251.06</ele>
   </trkpt>
   <trkpt lat="51.868320000000004" lon="-1.8984400000000001">
    <ele>252.18</ele>
   </trkpt>
   <trkpt lat="51.86916200319705" lon="-1.8988739675013317">
    <ele>254.98999999999998</ele>
   </trkpt>
   <trkpt lat="51.87000400479757" lon="-1.8993079512519069">
    <ele>256.87000000000006</ele>
   </trkpt>
   <trkpt lat="51.87084600480148" lon="-1.899741951252795">
    <ele>258.58000000000004</ele>
   </trkpt>
   <trkpt lat="51.87168800320866" lon="-1.900175967505067">
    <ele>261.82</ele>
   </trkpt>
   <trkpt lat="51.872530000000005" lon="-1.9006100000000001">
    <ele>264.86</ele>
   </trkpt>
   <trkpt lat="51.8729650004018" lon="-1.9008799974458301">
    <ele>266.47</ele>
   </trkpt>
   <trkpt lat="51.873400000000004" lon="-1.9011500000000001">
    <ele>266.49</ele>
   </trkpt>
   <trkpt lat="51.87403000370614" lon="-1.9002300127157632">
    <ele>264.03000000000003</ele>
   </trkpt>
   <trkpt lat="51.874660000000006" lon="-1.89931">
    <ele>258.98</ele>
   </trkpt>
   <trkpt lat="51.87503" lon="-1.8986">
    <ele>255.64000000000001</ele>
   </trkpt>
   <trkpt lat="51.8755" lon="-1.89748">
    <ele>250.87000000000003</ele>
   </trkpt>
   <trkpt lat="51.87584667425902" lon="-1.8965333479416164">
    <ele>248.02</ele>
   </trkpt>
   <trkpt lat="51.8761933409217" lon="-1.8955866812860385">
    <ele>246.33</ele>
   </trkpt>
   <trkpt lat="51.876540000000006" lon="-1.89464">
    <ele>244.11</ele>
   </trkpt>
   <trkpt lat="51.876840003457225" lon="-1.8937400059321114">
    <ele>241.95000000000002</ele>
   </trkpt>
   <trkpt lat="51.877140000000004" lon="-1.89284">
    <ele>238.68000000000004</ele>
   </trkpt>
   <trkpt lat="51.8766" lon="-1.8927">
    <ele>241.23000000000002</ele>
   </trkpt>
   <trkpt lat="51.8761" lon="-1.8925100000000001">
    <ele>245.68</ele>
   </trkpt>
   <trkpt lat="51.87581" lon="-1.89237">
    <ele>247.77</ele>
   </trkpt>
   <trkpt lat="51.87558000000001" lon="-1.89209">
    <ele>249.51</ele>
   </trkpt>
   <trkpt lat="51.875490000000006" lon="-1.89189">
    <ele>251.53000000000003</ele>
   </trkpt>
   <trkpt lat="51.87538000000001" lon="-1.89152">
    <ele>252.04999999999998</ele>
   </trkpt>
   <trkpt lat="51.875260000000004" lon="-1.89098">
    <ele>253.52</ele>
   </trkpt>
   <trkpt lat="51.87523334567754" lon="-1.8897733319912795">
    <ele>254.45000000000002</ele>
   </trkpt>
   <trkpt lat="51.87520667901284" lon="-1.8885666654134443">
    <ele>254.06</ele>
   </trkpt>
   <trkpt lat="51.87518000000001" lon="-1.8873600000000001">
    <ele>251.81000000000003</ele>
   </trkpt>
   <trkpt lat="51.87508000489169" lon="-1.8862849975429408">
    <ele>249.93</ele>
   </trkpt>
   <trkpt lat="51.87498" lon="-1.88521">
    <ele>249.27</ele>
   </trkpt>
   <trkpt lat="51.874950000000005" lon="-1.88447">
    <ele>249.05</ele>
   </trkpt>
   <trkpt lat="51.87495000328214" lon="-1.883590000001435">
    <ele>248.76</ele>
   </trkpt>
   <trkpt lat="51.874950000000005" lon="-1.88271">
    <ele>248.33</ele>
   </trkpt>
   <trkpt lat="51.875080000000004" lon="-1.8814600000000001">
    <ele>248.44000000000003</ele>
   </trkpt>
   <trkpt lat="51.87516000721414" lon="-1.8801550023829479">
    <ele>246.87000000000003</ele>
   </trkpt>
   <trkpt lat="51.875240000000005" lon="-1.8788500000000001">
    <ele>243.29</ele>
   </trkpt>
   <trkpt lat="51.875260008665215" lon="-1.877420000752318">
    <ele>241.28000000000003</ele>
   </trkpt>
   <trkpt lat="51.875280000000004" lon="-1.87599">
    <ele>237.18000000000004</ele>
   </trkpt>
   <trkpt lat="51.87536252107828" lon="-1.8747025070626664">
    <ele>234.29000000000002</ele>
   </trkpt>
   <trkpt lat="51.87544502810547" lon="-1.873415009400083">
    <ele>232.21000000000004</ele>
   </trkpt>
   <trkpt lat="51.875527521081494" lon="-1.8721275070130219">
    <ele>227.99</ele>
   </trkpt>
   <trkpt lat="51.87561" lon="-1.87084">
    <ele>224.21</ele>
   </trkpt>
   <trkpt lat="51.87557" lon="-1.8704">
    <ele>223.64000000000001</ele>
   </trkpt>
   <trkpt lat="51.87526500616045" lon="-1.8691949918517212">
    <ele>220.08</ele>
   </trkpt>
   <trkpt lat="51.87496" lon="-1.8679900000000003">
    <ele>211.78000000000003</ele>
   </trkpt>
   <trkpt lat="51.874855002567195" lon="-1.8672149983495583">
    <ele>204.92000000000002</ele>
   </trkpt>
   <trkpt lat="51.874750000000006" lon="-1.86644">
    <ele>200.97</ele>
   </trkpt>
   <trkpt lat="51.87472" lon="-1.86556">
    <ele>194.21</ele>
   </trkpt>
   <trkpt lat="51.87483667997945" lon="-1.8643066731978535">
    <ele>186.23</ele>
   </trkpt>
   <trkpt lat="51.87495334664363" lon="-1.863053339891714">
    <ele>180.39000000000001</ele>
   </trkpt>
   <trkpt lat="51.87507" lon="-1.8618000000000001">
    <ele>178.04</ele>
   </trkpt>
   <trkpt lat="51.875040000000006" lon="-1.86162">
    <ele>177.49</ele>
   </trkpt>
   <trkpt lat="51.87456" lon="-1.86115">
    <ele>177.35</ele>
   </trkpt>
   <trkpt lat="51.8742" lon="-1.86057">
    <ele>178.68</ele>
   </trkpt>
   <trkpt lat="51.87409" lon="-1.8604300000000003">
    <ele>178.98000000000002</ele>
   </trkpt>
   <trkpt lat="51.874440002714074" lon="-1.8596350061075353">
    <ele>183.46</ele>
   </trkpt>
   <trkpt lat="51.874790000000004" lon="-1.85884">
    <ele>188.37</ele>
   </trkpt>
   <trkpt lat="51.875155003333255" lon="-1.8579450074163049">
    <ele>191.64000000000001</ele>
   </trkpt>
   <trkpt lat="51.87552" lon="-1.85705">
    <ele>198.17000000000002</ele>
   </trkpt>
   <trkpt lat="51.875800002434474" lon="-1.8562850048890627">
    <ele>204.5</ele>
   </trkpt>
   <trkpt lat="51.87608" lon="-1.85552">
    <ele>208.20000000000002</ele>
   </trkpt>
   <trkpt lat="51.876340000000006" lon="-1.85488">
    <ele>212.34000000000003</ele>
   </trkpt>
   <trkpt lat="51.876560001812045" lon="-1.8542200033316827">
    <ele>214.69000000000003</ele>
   </trkpt>
   <trkpt lat="51.876780000000004" lon="-1.85356">
    <ele>217.35000000000002</ele>
   </trkpt>
   <trkpt lat="51.877010006286895" lon="-1.8523400063535467">
    <ele>222.61</ele>
   </trkpt>
   <trkpt lat="51.87724000000001" lon="-1.85112">
    <ele>227.95000000000002</ele>
   </trkpt>
   <trkpt lat="51.87734000276699" lon="-1.8503100019124539">
    <ele>231.45000000000002</ele>
   </trkpt>
   <trkpt lat="51.87744000000001" lon="-1.8495000000000001">
    <ele>232.15</ele>
   </trkpt>
   <trkpt lat="51.877480000000006" lon="-1.84857">
    <ele>232.34</ele>
   </trkpt>
   <trkpt lat="51.877230000000004" lon="-1.8486900000000002">
    <ele>232.17000000000002</ele>
   </trkpt>
   <trkpt lat="51.877970000000005" lon="-1.84834">
    <ele>233.03</ele>
   </trkpt>
   <trkpt lat="51.87886" lon="-1.84834">
    <ele>234.53</ele>
   </trkpt>
   <trkpt lat="51.87895000862551" lon="-1.846915002544752">
    <ele>232.45000000000002</ele>
   </trkpt>
   <trkpt lat="51.87904" lon="-1.84549">
    <ele>229.92000000000002</ele>
   </trkpt>
   <trkpt lat="51.879020000000004" lon="-1.8441400000000001">
    <ele>227.67000000000002</ele>
   </trkpt>
   <trkpt lat="51.8791" lon="-1.84363">
    <ele>225.88000000000002</ele>
   </trkpt>
   <trkpt lat="51.879200000000004" lon="-1.84329">
    <ele>223.84</ele>
   </trkpt>
   <trkpt lat="51.87924" lon="-1.84305">
    <ele>222.62</ele>
   </trkpt>
   <trkpt lat="51.879250000000006" lon="-1.84278">
    <ele>221.28</ele>
   </trkpt>
   <trkpt lat="51.879220000000004" lon="-1.84268">
    <ele>221.05</ele>
   </trkpt>
   <trkpt lat="51.87903000000001" lon="-1.8424800000000001">
    <ele>220.3</ele>
   </trkpt>
   <trkpt lat="51.87885000000001" lon="-1.84244">
    <ele>220.25000000000003</ele>
   </trkpt>
   <trkpt lat="51.87877" lon="-1.84247">
    <ele>220.23000000000002</ele>
   </trkpt>
   <trkpt lat="51.878620000000005" lon="-1.8424500000000001">
    <ele>220.03000000000003</ele>
   </trkpt>
   <trkpt lat="51.878600000000006" lon="-1.84241">
    <ele>219.94000000000003</ele>
   </trkpt>
   <trkpt lat="51.87861" lon="-1.8423600000000002">
    <ele>219.94000000000003</ele>
   </trkpt>
   <trkpt lat="51.878600000000006" lon="-1.84234">
    <ele>219.94000000000003</ele>
   </trkpt>
   <trkpt lat="51.87861" lon="-1.8417000000000001">
    <ele>212.57</ele>
   </trkpt>
   <trkpt lat="51.87859" lon="-1.84027">
    <ele>215.23</ele>
   </trkpt>
   <trkpt lat="51.878530003191585" lon="-1.8394049991410708">
    <ele>222.27</ele>
   </trkpt>
   <trkpt lat="51.87847000000001" lon="-1.83854">
    <ele>228.18</ele>
   </trkpt>
   <trkpt lat="51.87841" lon="-1.8382200000000002">
    <ele>229.37</ele>
   </trkpt>
   <trkpt lat="51.877880000000005" lon="-1.8378800000000002">
    <ele>230.08</ele>
   </trkpt>
   <trkpt lat="51.87725000198826" lon="-1.8371949904015323">
    <ele>228.99</ele>
   </trkpt>
   <trkpt lat="51.87662" lon="-1.83651">
    <ele>226.96</ele>
   </trkpt>
   <trkpt lat="51.87586000160227" lon="-1.8358849893923126">
    <ele>226.82000000000002</ele>
   </trkpt>
   <trkpt lat="51.8751" lon="-1.8352600000000001">
    <ele>224.86</ele>
   </trkpt>
   <trkpt lat="51.87550560276358" lon="-1.8340800851476917">
    <ele>224.86</ele>
   </trkpt>
   <trkpt lat="51.87591119372593" lon="-1.8329001490089611">
    <ele>224.86</ele>
   </trkpt>
   <trkpt lat="51.876316772886696" lon="-1.8317201915837336">
    <ele>224.86</ele>
   </trkpt>
   <trkpt lat="51.87672234024546" lon="-1.830540212871934">
    <ele>224.86</ele>
   </trkpt>
   <trkpt lat="51.87712789580184" lon="-1.8293602128734876">
    <ele>223.55</ele>
   </trkpt>
   <trkpt lat="51.87753343955548" lon="-1.8281801915883202">
    <ele>223.55</ele>
   </trkpt>
   <trkpt lat="51.87793897150597" lon="-1.8270001490163568">
    <ele>223.55</ele>
   </trkpt>
   <trkpt lat="51.878344491652925" lon="-1.8258200851575226">
    <ele>223.55</ele>
   </trkpt>
   <trkpt lat="51.878750000000004" lon="-1.82464">
    <ele>223.55</ele>
   </trkpt>
   <trkpt lat="51.878510000000006" lon="-1.8238400000000001">
    <ele>223.11</ele>
   </trkpt>
   <trkpt lat="51.878110003556834" lon="-1.82291999174529">
    <ele>221.64000000000001</ele>
   </trkpt>
   <trkpt lat="51.87771000000001" lon="-1.822">
    <ele>219.79000000000002</ele>
   </trkpt>
   <trkpt lat="51.87754" lon="-1.8217">
    <ele>218.82000000000002</ele>
   </trkpt>
   <trkpt lat="51.87736" lon="-1.82129">
    <ele>218.00000000000003</ele>
   </trkpt>
   <trkpt lat="51.877280000000006" lon="-1.82095">
    <ele>217.45</ele>
   </trkpt>
   <trkpt lat="51.8771466760266" lon="-1.819899993888094">
    <ele>215.68</ele>
   </trkpt>
   <trkpt lat="51.87701334270788" lon="-1.8188499940033929">
    <ele>214.6</ele>
   </trkpt>
   <trkpt lat="51.87688000000001" lon="-1.8178">
    <ele>214.36</ele>
   </trkpt>
   <trkpt lat="51.87617000012911" lon="-1.8178700010946445">
    <ele>212.85</ele>
   </trkpt>
   <trkpt lat="51.875460000000004" lon="-1.8179400000000001">
    <ele>211.83</ele>
   </trkpt>
   <trkpt lat="51.87494" lon="-1.818">
    <ele>211.52</ele>
   </trkpt>
   <trkpt lat="51.874354999975125" lon="-1.818005000065261">
    <ele>210.8</ele>
   </trkpt>
   <trkpt lat="51.87377000000001" lon="-1.8180100000000001">
    <ele>209.95000000000002</ele>
   </trkpt>
   <trkpt lat="51.87359000000001" lon="-1.81814">
    <ele>209.41</ele>
   </trkpt>
   <trkpt lat="51.873450000000005" lon="-1.81844">
    <ele>209.26000000000002</ele>
   </trkpt>
   <trkpt lat="51.87308" lon="-1.81973">
    <ele>205.95000000000002</ele>
   </trkpt>
   <trkpt lat="51.872870000000006" lon="-1.82031">
    <ele>199.72</ele>
   </trkpt>
   <trkpt lat="51.87227000000001" lon="-1.82132">
    <ele>190.98000000000002</ele>
   </trkpt>
   <trkpt lat="51.87214" lon="-1.82146">
    <ele>190.03</ele>
   </trkpt>
   <trkpt lat="51.871645000130655" lon="-1.821730003069155">
    <ele>190.21</ele>
   </trkpt>
   <trkpt lat="51.87115000000001" lon="-1.822">
    <ele>192.81</ele>
   </trkpt>
   <trkpt lat="51.87050000000001" lon="-1.82258">
    <ele>196.0</ele>
   </trkpt>
   <trkpt lat="51.870010001537494" lon="-1.8231550061049562">
    <ele>197.43</ele>
   </trkpt>
   <trkpt lat="51.86952" lon="-1.82373">
    <ele>197.91</ele>
   </trkpt>
   <trkpt lat="51.869150000000005" lon="-1.8243200000000002">
    <ele>198.52000000000004</ele>
   </trkpt>
   <trkpt lat="51.86876500575677" lon="-1.8254800097687098">
    <ele>199.42000000000002</ele>
   </trkpt>
   <trkpt lat="51.86838" lon="-1.82664">
    <ele>198.76000000000002</ele>
   </trkpt>
   <trkpt lat="51.868010000000005" lon="-1.8275000000000001">
    <ele>196.61</ele>
   </trkpt>
   <trkpt lat="51.86766" lon="-1.8282">
    <ele>189.37</ele>
   </trkpt>
   <trkpt lat="51.86732000000001" lon="-1.82861">
    <ele>184.60000000000002</ele>
   </trkpt>
   <trkpt lat="51.86695" lon="-1.82888">
    <ele>178.6</ele>
   </trkpt>
   <trkpt lat="51.866600000000005" lon="-1.82888">
    <ele>170.93000000000004</ele>
   </trkpt>
   <trkpt lat="51.86623" lon="-1.8287900000000001">
    <ele>166.54000000000002</ele>
   </trkpt>
   <trkpt lat="51.86594" lon="-1.82854">
    <ele>166.61</ele>
   </trkpt>
   <trkpt lat="51.865730000000006" lon="-1.82814">
    <ele>169.0</ele>
   </trkpt>
   <trkpt lat="51.86538" lon="-1.82793">
    <ele>170.59</ele>
   </trkpt>
   <trkpt lat="51.86507" lon="-1.82797">
    <ele>172.15000000000003</ele>
   </trkpt>
   <trkpt lat="51.864720000000005" lon="-1.82851">
    <ele>173.59000000000003</ele>
   </trkpt>
   <trkpt lat="51.864325001884225" lon="-1.8291700057322562">
    <ele>175.37000000000003</ele>
   </trkpt>
   <trkpt lat="51.86393" lon="-1.82983">
    <ele>177.97000000000003</ele>
   </trkpt>
   <trkpt lat="51.863640000000004" lon="-1.83047">
    <ele>179.99</ele>
   </trkpt>
   <trkpt lat="51.86334" lon="-1.8312300000000001">
    <ele>183.59</ele>
   </trkpt>
   <trkpt lat="51.863020000000006" lon="-1.8317900000000003">
    <ele>187.12</ele>
   </trkpt>
   <trkpt lat="51.86271000000001" lon="-1.83224">
    <ele>193.67000000000002</ele>
   </trkpt>
   <trkpt lat="51.862260000000006" lon="-1.83271">
    <ele>202.10000000000002</ele>
   </trkpt>
   <trkpt lat="51.86207" lon="-1.83308">
    <ele>204.64000000000001</ele>
   </trkpt>
   <trkpt lat="51.861990000000006" lon="-1.83366">
    <ele>209.02</ele>
   </trkpt>
   <trkpt lat="51.86178" lon="-1.8342">
    <ele>211.38</ele>
   </trkpt>
   <trkpt lat="51.86138500379386" lon="-1.8351500084171948">
    <ele>215.48</ele>
   </trkpt>
   <trkpt lat="51.86099" lon="-1.8361">
    <ele>217.34</ele>
   </trkpt>
   <trkpt lat="51.86068500270074" lon="-1.8368850050935979">
    <ele>217.85000000000002</ele>
   </trkpt>
   <trkpt lat="51.860380000000006" lon="-1.8376700000000001">
    <ele>217.48</ele>
   </trkpt>
   <trkpt lat="51.860060000000004" lon="-1.83837">
    <ele>215.97000000000003</ele>
   </trkpt>
   <trkpt lat="51.85974" lon="-1.83888">
    <ele>214.12</ele>
   </trkpt>
   <trkpt lat="51.85945" lon="-1.8394300000000001">
    <ele>210.13</ele>
   </trkpt>
   <trkpt lat="51.859140000000004" lon="-1.8401">
    <ele>205.44</ele>
   </trkpt>
   <trkpt lat="51.85905" lon="-1.84064">
    <ele>200.54000000000002</ele>
   </trkpt>
   <trkpt lat="51.858810000000005" lon="-1.84136">
    <ele>196.52</ele>
   </trkpt>
   <trkpt lat="51.85849" lon="-1.8421">
    <ele>195.64000000000001</ele>
   </trkpt>
   <trkpt lat="51.85811" lon="-1.8430400000000002">
    <ele>196.54000000000002</ele>
   </trkpt>
   <trkpt lat="51.857765002467964" lon="-1.8438100060051836">
    <ele>204.09</ele>
   </trkpt>
   <trkpt lat="51.857420000000005" lon="-1.84458">
    <ele>209.13</ele>
   </trkpt>
   <trkpt lat="51.85741" lon="-1.84502">
    <ele>210.54</ele>
   </trkpt>
   <trkpt lat="51.85745000000001" lon="-1.8453300000000001">
    <ele>210.89000000000001</ele>
   </trkpt>
   <trkpt lat="51.85763000000001" lon="-1.8455100000000002">
    <ele>211.95000000000002</ele>
   </trkpt>
   <trkpt lat="51.8577" lon="-1.8456400000000002">
    <ele>212.28000000000003</ele>
   </trkpt>
   <trkpt lat="51.857130000000005" lon="-1.84647">
    <ele>210.3</ele>
   </trkpt>
   <trkpt lat="51.85705" lon="-1.8475300000000001">
    <ele>200.41</ele>
   </trkpt>
   <trkpt lat="51.85692" lon="-1.84864">
    <ele>195.92000000000002</ele>
   </trkpt>
   <trkpt lat="51.85674" lon="-1.84939">
    <ele>194.74</ele>
   </trkpt>
   <trkpt lat="51.85672" lon="-1.8503">
    <ele>190.75</ele>
   </trkpt>
   <trkpt lat="51.85676" lon="-1.85095">
    <ele>188.96</ele>
   </trkpt>
   <trkpt lat="51.856660000000005" lon="-1.85213">
    <ele>183.77</ele>
   </trkpt>
   <trkpt lat="51.85655500235196" lon="-1.8528750017438194">
    <ele>181.36</ele>
   </trkpt>
   <trkpt lat="51.85645" lon="-1.85362">
    <ele>179.49</ele>
   </trkpt>
   <trkpt lat="51.85645" lon="-1.8537800000000002">
    <ele>179.15</ele>
   </trkpt>
   <trkpt lat="51.85656" lon="-1.85406">
    <ele>176.29</ele>
   </trkpt>
   <trkpt lat="51.85694000068435" lon="-1.8544549966879644">
    <ele>171.8</ele>
   </trkpt>
   <trkpt lat="51.85732" lon="-1.85485">
    <ele>167.10000000000002</ele>
   </trkpt>
   <trkpt lat="51.857470000000006" lon="-1.85508">
    <ele>165.93</ele>
   </trkpt>
   <trkpt lat="51.85786" lon="-1.85586">
    <ele>164.51000000000002</ele>
   </trkpt>
   <trkpt lat="51.85806" lon="-1.85607">
    <ele>164.02</ele>
   </trkpt>
   <trkpt lat="51.85833" lon="-1.8563">
    <ele>163.15</ele>
   </trkpt>
   <trkpt lat="51.85883500021615" lon="-1.8564049988566873">
    <ele>162.29000000000002</ele>
   </trkpt>
   <trkpt lat="51.85934" lon="-1.85651">
    <ele>162.15</ele>
   </trkpt>
   <trkpt lat="51.86005" lon="-1.85688">
    <ele>162.54999999999998</ele>
   </trkpt>
   <trkpt lat="51.86023" lon="-1.85705">
    <ele>162.63000000000002</ele>
   </trkpt>
   <trkpt lat="51.86028" lon="-1.8572600000000001">
    <ele>162.63000000000002</ele>
   </trkpt>
   <trkpt lat="51.86041500818693" lon="-1.8586499957995808">
    <ele>163.41</ele>
   </trkpt>
   <trkpt lat="51.86055" lon="-1.8600400000000001">
    <ele>164.79000000000002</ele>
   </trkpt>
   <trkpt lat="51.86005" lon="-1.86037">
    <ele>165.33</ele>
   </trkpt>
   <trkpt lat="51.85987" lon="-1.86054">
    <ele>166.24</ele>
   </trkpt>
   <trkpt lat="51.85960000000001" lon="-1.86101">
    <ele>166.78</ele>
   </trkpt>
   <trkpt lat="51.859460000000006" lon="-1.86142">
    <ele>166.88</ele>
   </trkpt>
   <trkpt lat="51.85934" lon="-1.8622">
    <ele>168.01000000000002</ele>
   </trkpt>
   <trkpt lat="51.85933000000001" lon="-1.8625600000000002">
    <ele>168.52</ele>
   </trkpt>
   <trkpt lat="51.859370000000006" lon="-1.86288">
    <ele>169.1</ele>
   </trkpt>
   <trkpt lat="51.85953500231637" lon="-1.8636099975771545">
    <ele>170.16</ele>
   </trkpt>
   <trkpt lat="51.859700000000004" lon="-1.86434">
    <ele>171.05</ele>
   </trkpt>
   <trkpt lat="51.859770000000005" lon="-1.86525">
    <ele>171.86</ele>
   </trkpt>
   <trkpt lat="51.859910000000006" lon="-1.86637">
    <ele>173.20000000000002</ele>
   </trkpt>
   <trkpt lat="51.86018000253704" lon="-1.8671499951980228">
    <ele>174.55</ele>
   </trkpt>
   <trkpt lat="51.86045000000001" lon="-1.86793">
    <ele>176.06000000000003</ele>
   </trkpt>
   <trkpt lat="51.86052" lon="-1.8683">
    <ele>176.57</ele>
   </trkpt>
   <trkpt lat="51.86054000000001" lon="-1.86884">
    <ele>177.71</ele>
   </trkpt>
   <trkpt lat="51.86047500318689" lon="-1.8697100015442507">
    <ele>178.81000000000003</ele>
   </trkpt>
   <trkpt lat="51.86041" lon="-1.8705800000000001">
    <ele>179.91</ele>
   </trkpt>
   <trkpt lat="51.86041" lon="-1.87108">
    <ele>180.44000000000003</ele>
   </trkpt>
   <trkpt lat="51.860585005987296" lon="-1.872264995628059">
    <ele>182.92000000000002</ele>
   </trkpt>
   <trkpt lat="51.860760000000006" lon="-1.87345">
    <ele>184.84</ele>
   </trkpt>
   <trkpt lat="51.86072000000001" lon="-1.87423">
    <ele>186.14000000000001</ele>
   </trkpt>
   <trkpt lat="51.86072000000001" lon="-1.8747800000000001">
    <ele>187.33</ele>
   </trkpt>
   <trkpt lat="51.860666677487636" lon="-1.8759100027656712">
    <ele>190.41000000000003</ele>
   </trkpt>
   <trkpt lat="51.860613344150195" lon="-1.8770400028524479">
    <ele>197.14000000000001</ele>
   </trkpt>
   <trkpt lat="51.86056000000001" lon="-1.8781700000000001">
    <ele>201.78</ele>
   </trkpt>
   <trkpt lat="51.8605600025789" lon="-1.8789499999117576">
    <ele>208.47</ele>
   </trkpt>
   <trkpt lat="51.86056000000001" lon="-1.8797300000000001">
    <ele>212.26</ele>
   </trkpt>
   <trkpt lat="51.86045000000001" lon="-1.8804400000000001">
    <ele>216.96</ele>
   </trkpt>
   <trkpt lat="51.86011500376492" lon="-1.881385007094257">
    <ele>220.61</ele>
   </trkpt>
   <trkpt lat="51.85978000000001" lon="-1.88233">
    <ele>224.75</ele>
   </trkpt>
   <trkpt lat="51.85958" lon="-1.88328">
    <ele>227.86</ele>
   </trkpt>
   <trkpt lat="51.859590000000004" lon="-1.8845">
    <ele>233.42000000000002</ele>
   </trkpt>
   <trkpt lat="51.85962000000001" lon="-1.88508">
    <ele>235.47</ele>
   </trkpt>
   <trkpt lat="51.85974" lon="-1.88565">
    <ele>237.37000000000003</ele>
   </trkpt>
   <trkpt lat="51.85978000000001" lon="-1.88596">
    <ele>238.54000000000002</ele>
   </trkpt>
   <trkpt lat="51.85978000000001" lon="-1.88623">
    <ele>238.54000000000002</ele>
   </trkpt>
   <trkpt lat="51.859750000000005" lon="-1.8866100000000001">
    <ele>239.22</ele>
   </trkpt>
   <trkpt lat="51.85961500233228" lon="-1.8873500021596836">
    <ele>240.13</ele>
   </trkpt>
   <trkpt lat="51.859480000000005" lon="-1.88809">
    <ele>241.87000000000003</ele>
   </trkpt>
   <trkpt lat="51.859660000000005" lon="-1.8871300000000002">
    <ele>240.13</ele>
   </trkpt>
   <trkpt lat="51.859480000000005" lon="-1.88809">
    <ele>241.87000000000003</ele>
   </trkpt>
   <trkpt lat="51.85889500066143" lon="-1.8877199952404553">
    <ele>239.5</ele>
   </trkpt>
   <trkpt lat="51.85831" lon="-1.88735">
    <ele>233.73000000000002</ele>
   </trkpt>
   <trkpt lat="51.85759" lon="-1.88698">
    <ele>227.25</ele>
   </trkpt>
   <trkpt lat="51.85683" lon="-1.8862800000000002">
    <ele>228.70000000000002</ele>
   </trkpt>
   <trkpt lat="51.85636500041547" lon="-1.8860349975529562">
    <ele>231.57000000000002</ele>
   </trkpt>
   <trkpt lat="51.855900000000005" lon="-1.88579">
    <ele>234.85000000000002</ele>
   </trkpt>
   <trkpt lat="51.855035000414354" lon="-1.8854949943447241">
    <ele>241.02</ele>
   </trkpt>
   <trkpt lat="51.85417" lon="-1.8852000000000002">
    <ele>244.03000000000003</ele>
   </trkpt>
   <trkpt lat="51.853465000092676" lon="-1.8850349974097254">
    <ele>243.52</ele>
   </trkpt>
   <trkpt lat="51.85276" lon="-1.88487">
    <ele>241.36</ele>
   </trkpt>
   <trkpt lat="51.85257000000001" lon="-1.8848500000000001">
    <ele>240.89000000000001</ele>
   </trkpt>
   <trkpt lat="51.852090000000004" lon="-1.88488">
    <ele>240.37000000000003</ele>
   </trkpt>
   <trkpt lat="51.851485000068315" lon="-1.8849600010700134">
    <ele>240.18000000000004</ele>
   </trkpt>
   <trkpt lat="51.850880000000004" lon="-1.88504">
    <ele>239.72</ele>
   </trkpt>
   <trkpt lat="51.85087000000001" lon="-1.88504">
    <ele>239.72</ele>
   </trkpt>
   <trkpt lat="51.8502849999668" lon="-1.8851100009163377">
    <ele>239.25</ele>
   </trkpt>
   <trkpt lat="51.849700000000006" lon="-1.88518">
    <ele>239.70000000000002</ele>
   </trkpt>
   <trkpt lat="51.849680000000006" lon="-1.8851900000000001">
    <ele>239.70000000000002</ele>
   </trkpt>
   <trkpt lat="51.84966000000001" lon="-1.88525">
    <ele>239.70000000000002</ele>
   </trkpt>
   <trkpt lat="51.84966000000001" lon="-1.8853300000000002">
    <ele>239.73000000000002</ele>
   </trkpt>
   <trkpt lat="51.84957000000001" lon="-1.8851000000000002">
    <ele>239.74</ele>
   </trkpt>
   <trkpt lat="51.84931752300771" lon="-1.8837549773687836">
    <ele>239.17000000000002</ele>
   </trkpt>
   <trkpt lat="51.8490650306774" lon="-1.882409969828183">
    <ele>237.83</ele>
   </trkpt>
   <trkpt lat="51.84881252300939" lon="-1.8810649773788093">
    <ele>235.29000000000002</ele>
   </trkpt>
   <trkpt lat="51.848560000000006" lon="-1.87972">
    <ele>233.58</ele>
   </trkpt>
   <trkpt lat="51.8483" lon="-1.87854">
    <ele>233.20000000000002</ele>
   </trkpt>
   <trkpt lat="51.847975003270314" lon="-1.8776749940159903">
    <ele>233.45000000000002</ele>
   </trkpt>
   <trkpt lat="51.84765" lon="-1.87681">
    <ele>234.17000000000002</ele>
   </trkpt>
   <trkpt lat="51.84728000666965" lon="-1.8755549896587438">
    <ele>234.76000000000002</ele>
   </trkpt>
   <trkpt lat="51.84691" lon="-1.8743">
    <ele>234.53</ele>
   </trkpt>
   <trkpt lat="51.84667334916791" lon="-1.8729333189525281">
    <ele>234.81</ele>
   </trkpt>
   <trkpt lat="51.84643668249951" lon="-1.87156665227619">
    <ele>234.01000000000002</ele>
   </trkpt>
   <trkpt lat="51.8462" lon="-1.8702">
    <ele>233.16</ele>
   </trkpt>
   <trkpt lat="51.846180000000004" lon="-1.86986">
    <ele>232.73000000000002</ele>
   </trkpt>
   <trkpt lat="51.846250000000005" lon="-1.86898">
    <ele>232.33</ele>
   </trkpt>
   <trkpt lat="51.84627500555617" lon="-1.8678350007132642">
    <ele>231.63000000000002</ele>
   </trkpt>
   <trkpt lat="51.84630000000001" lon="-1.8666900000000002">
    <ele>231.12</ele>
   </trkpt>
   <trkpt lat="51.84630000000001" lon="-1.8660400000000001">
    <ele>230.76000000000002</ele>
   </trkpt>
   <trkpt lat="51.846340000000005" lon="-1.86484">
    <ele>231.04000000000002</ele>
   </trkpt>
   <trkpt lat="51.84623000258966" lon="-1.8640599981679666">
    <ele>230.29000000000002</ele>
   </trkpt>
   <trkpt lat="51.846120000000006" lon="-1.86328">
    <ele>229.04000000000002</ele>
   </trkpt>
   <trkpt lat="51.84583000423493" lon="-1.8622799935422663">
    <ele>228.43</ele>
   </trkpt>
   <trkpt lat="51.84554000000001" lon="-1.86128">
    <ele>226.66000000000003</ele>
   </trkpt>
   <trkpt lat="51.84537" lon="-1.8602500000000002">
    <ele>226.16000000000003</ele>
   </trkpt>
   <trkpt lat="51.84516000000001" lon="-1.86013">
    <ele>225.47000000000003</ele>
   </trkpt>
   <trkpt lat="51.844950000000004" lon="-1.8601">
    <ele>224.14000000000001</ele>
   </trkpt>
   <trkpt lat="51.84479" lon="-1.8601">
    <ele>223.98000000000002</ele>
   </trkpt>
   <trkpt lat="51.84465" lon="-1.86013">
    <ele>223.84</ele>
   </trkpt>
   <trkpt lat="51.844660000000005" lon="-1.8602600000000002">
    <ele>223.82000000000002</ele>
   </trkpt>
   <trkpt lat="51.84443" lon="-1.86037">
    <ele>223.11</ele>
   </trkpt>
   <trkpt lat="51.844300000000004" lon="-1.86037">
    <ele>223.11</ele>
   </trkpt>
   <trkpt lat="51.84377000027468" lon="-1.860284999038396">
    <ele>221.97000000000003</ele>
   </trkpt>
   <trkpt lat="51.84324" lon="-1.8602">
    <ele>221.72000000000003</ele>
   </trkpt>
   <trkpt lat="51.842960000000005" lon="-1.8601">
    <ele>221.39000000000001</ele>
   </trkpt>
   <trkpt lat="51.84239" lon="-1.8598200000000003">
    <ele>219.3</ele>
   </trkpt>
   <trkpt lat="51.84212" lon="-1.85956">
    <ele>216.57000000000002</ele>
   </trkpt>
   <trkpt lat="51.84172" lon="-1.85901">
    <ele>209.3</ele>
   </trkpt>
   <trkpt lat="51.841590000000004" lon="-1.85874">
    <ele>208.52</ele>
   </trkpt>
   <trkpt lat="51.84147" lon="-1.8583500000000002">
    <ele>206.11</ele>
   </trkpt>
   <trkpt lat="51.84141" lon="-1.8583">
    <ele>206.11</ele>
   </trkpt>
   <trkpt lat="51.84105" lon="-1.8582">
    <ele>204.62000000000003</ele>
   </trkpt>
   <trkpt lat="51.84085" lon="-1.8581">
    <ele>203.79000000000002</ele>
   </trkpt>
   <trkpt lat="51.84071" lon="-1.858">
    <ele>203.47</ele>
   </trkpt>
   <trkpt lat="51.84053" lon="-1.85783">
    <ele>203.22</ele>
   </trkpt>
   <trkpt lat="51.83986" lon="-1.85712">
    <ele>203.55</ele>
   </trkpt>
   <trkpt lat="51.839760000000005" lon="-1.85695">
    <ele>203.66</ele>
   </trkpt>
   <trkpt lat="51.83964" lon="-1.8565600000000002">
    <ele>203.38</ele>
   </trkpt>
   <trkpt lat="51.83953" lon="-1.85603">
    <ele>202.10000000000002</ele>
   </trkpt>
   <trkpt lat="51.83948" lon="-1.85552">
    <ele>201.63</ele>
   </trkpt>
   <trkpt lat="51.839420000000004" lon="-1.8552400000000002">
    <ele>201.47</ele>
   </trkpt>
   <trkpt lat="51.83926" lon="-1.85464">
    <ele>202.73000000000002</ele>
   </trkpt>
   <trkpt lat="51.83903" lon="-1.85363">
    <ele>202.27</ele>
   </trkpt>
   <trkpt lat="51.83876000000001" lon="-1.8523">
    <ele>197.07000000000002</ele>
   </trkpt>
   <trkpt lat="51.838660000000004" lon="-1.852">
    <ele>196.38000000000002</ele>
   </trkpt>
   <trkpt lat="51.83856" lon="-1.85183">
    <ele>196.18</ele>
   </trkpt>
   <trkpt lat="51.83796" lon="-1.85132">
    <ele>194.70000000000002</ele>
   </trkpt>
   <trkpt lat="51.83756" lon="-1.85088">
    <ele>194.25</ele>
   </trkpt>
   <trkpt lat="51.83729" lon="-1.85047">
    <ele>194.19000000000003</ele>
   </trkpt>
   <trkpt lat="51.837030000000006" lon="-1.84986">
    <ele>194.21</ele>
   </trkpt>
   <trkpt lat="51.83671000330686" lon="-1.8489799938111615">
    <ele>194.48000000000002</ele>
   </trkpt>
   <trkpt lat="51.83639" lon="-1.8481">
    <ele>192.83</ele>
   </trkpt>
   <trkpt lat="51.836070001815166" lon="-1.8474549955197723">
    <ele>190.03</ele>
   </trkpt>
   <trkpt lat="51.835750000000004" lon="-1.84681">
    <ele>191.08</ele>
   </trkpt>
   <trkpt lat="51.835440000000006" lon="-1.84576">
    <ele>191.55</ele>
   </trkpt>
   <trkpt lat="51.83542500328166" lon="-1.844879999614097">
    <ele>191.06</ele>
   </trkpt>
   <trkpt lat="51.83541" lon="-1.844">
    <ele>190.87</ele>
   </trkpt>
   <trkpt lat="51.83545" lon="-1.84346">
    <ele>191.09</ele>
   </trkpt>
   <trkpt lat="51.835420000000006" lon="-1.84308">
    <ele>191.78</ele>
   </trkpt>
   <trkpt lat="51.83523" lon="-1.84254">
    <ele>191.46</ele>
   </trkpt>
   <trkpt lat="51.834915001779876" lon="-1.841884995336874">
    <ele>189.54000000000002</ele>
   </trkpt>
   <trkpt lat="51.8346" lon="-1.8412300000000001">
    <ele>189.35000000000002</ele>
   </trkpt>
   <trkpt lat="51.834320000000005" lon="-1.8404200000000002">
    <ele>186.62</ele>
   </trkpt>
   <trkpt lat="51.834610000000005" lon="-1.84017">
    <ele>188.69000000000003</ele>
   </trkpt>
   <trkpt lat="51.83534" lon="-1.83956">
    <ele>197.86</ele>
   </trkpt>
   <trkpt lat="51.83572" lon="-1.8390700000000002">
    <ele>199.96000000000004</ele>
   </trkpt>
   <trkpt lat="51.83633000615491" lon="-1.8382166898142251">
    <ele>201.78</ele>
   </trkpt>
   <trkpt lat="51.836940006135485" lon="-1.8373633565084933">
    <ele>202.26000000000002</ele>
   </trkpt>
   <trkpt lat="51.83755000000001" lon="-1.83651">
    <ele>202.11</ele>
   </trkpt>
   <trkpt lat="51.83742" lon="-1.83631">
    <ele>201.8</ele>
   </trkpt>
   <trkpt lat="51.83733" lon="-1.83617">
    <ele>201.60000000000002</ele>
   </trkpt>
   <trkpt lat="51.837210000000006" lon="-1.83583">
    <ele>201.31</ele>
   </trkpt>
   <trkpt lat="51.837030000000006" lon="-1.83522">
    <ele>200.82000000000002</ele>
   </trkpt>
   <trkpt lat="51.83678500405287" lon="-1.834234994397095">
    <ele>200.01000000000002</ele>
   </trkpt>
   <trkpt lat="51.83654000000001" lon="-1.83325">
    <ele>199.18</ele>
   </trkpt>
   <trkpt lat="51.83646" lon="-1.8330300000000002">
    <ele>199.25</ele>
   </trkpt>
   <trkpt lat="51.836180000000006" lon="-1.83234">
    <ele>199.4</ele>
   </trkpt>
   <trkpt lat="51.83607000000001" lon="-1.832">
    <ele>199.49000000000004</ele>
   </trkpt>
   <trkpt lat="51.83590000277657" lon="-1.831189996917749">
    <ele>199.4</ele>
   </trkpt>
   <trkpt lat="51.835730000000005" lon="-1.8303800000000001">
    <ele>198.55</ele>
   </trkpt>
   <trkpt lat="51.83527" lon="-1.8292000000000002">
    <ele>197.64000000000001</ele>
   </trkpt>
   <trkpt lat="51.835260000000005" lon="-1.82919">
    <ele>197.64000000000001</ele>
   </trkpt>
   <trkpt lat="51.83501000179112" lon="-1.8285449964895142">
    <ele>196.53</ele>
   </trkpt>
   <trkpt lat="51.83476" lon="-1.8279">
    <ele>195.22</ele>
   </trkpt>
   <trkpt lat="51.83475000000001" lon="-1.82786">
    <ele>195.39000000000001</ele>
   </trkpt>
   <trkpt lat="51.83462002100356" lon="-1.826574988883032">
    <ele>195.39000000000001</ele>
   </trkpt>
   <trkpt lat="51.83449002800541" lon="-1.8252899851845916">
    <ele>189.68</ele>
   </trkpt>
   <trkpt lat="51.834360021005736" lon="-1.8240049889054002">
    <ele>189.68</ele>
   </trkpt>
   <trkpt lat="51.834230000000005" lon="-1.8227200000000001">
    <ele>189.68</ele>
   </trkpt>
   <trkpt lat="51.834140000000005" lon="-1.8225200000000001">
    <ele>190.25</ele>
   </trkpt>
   <trkpt lat="51.833800000000004" lon="-1.82163">
    <ele>189.54000000000002</ele>
   </trkpt>
   <trkpt lat="51.833310000000004" lon="-1.82048">
    <ele>188.77</ele>
   </trkpt>
   <trkpt lat="51.832965002162005" lon="-1.8197649945110879">
    <ele>187.86</ele>
   </trkpt>
   <trkpt lat="51.832620000000006" lon="-1.81905">
    <ele>187.62</ele>
   </trkpt>
   <trkpt lat="51.83203" lon="-1.81797">
    <ele>185.94000000000003</ele>
   </trkpt>
   <trkpt lat="51.83162" lon="-1.81729">
    <ele>185.23</ele>
   </trkpt>
   <trkpt lat="51.83127000096175" lon="-1.8167999961132715">
    <ele>184.51</ele>
   </trkpt>
   <trkpt lat="51.830920000000006" lon="-1.81631">
    <ele>183.9</ele>
   </trkpt>
   <trkpt lat="51.83062" lon="-1.81583">
    <ele>184.28000000000003</ele>
   </trkpt>
   <trkpt lat="51.830360000000006" lon="-1.8153000000000001">
    <ele>184.49</ele>
   </trkpt>
   <trkpt lat="51.83004000631111" lon="-1.8144366543736343">
    <ele>185.35000000000002</ele>
   </trkpt>
   <trkpt lat="51.82972000630175" lon="-1.8135733210152005">
    <ele>186.55</ele>
   </trkpt>
   <trkpt lat="51.82940000000001" lon="-1.81271">
    <ele>186.18</ele>
   </trkpt>
   <trkpt lat="51.8293" lon="-1.81254">
    <ele>185.8</ele>
   </trkpt>
   <trkpt lat="51.82894" lon="-1.81234">
    <ele>184.54</ele>
   </trkpt>
   <trkpt lat="51.828860000000006" lon="-1.81238">
    <ele>184.52</ele>
   </trkpt>
   <trkpt lat="51.828790000000005" lon="-1.81248">
    <ele>184.72000000000003</ele>
   </trkpt>
   <trkpt lat="51.82858" lon="-1.8125700000000002">
    <ele>188.28</ele>
   </trkpt>
   <trkpt lat="51.8284" lon="-1.81221">
    <ele>187.10000000000002</ele>
   </trkpt>
   <trkpt lat="51.827870000000004" lon="-1.81126">
    <ele>185.31</ele>
   </trkpt>
   <trkpt lat="51.82762" lon="-1.81078">
    <ele>184.28000000000003</ele>
   </trkpt>
   <trkpt lat="51.827450000000006" lon="-1.81034">
    <ele>183.12</ele>
   </trkpt>
   <trkpt lat="51.82741000000001" lon="-1.81017">
    <ele>182.87</ele>
   </trkpt>
   <trkpt lat="51.82741000000001" lon="-1.8100300000000002">
    <ele>182.87</ele>
   </trkpt>
   <trkpt lat="51.82734000000001" lon="-1.81">
    <ele>182.87</ele>
   </trkpt>
   <trkpt lat="51.827200000000005" lon="-1.8095">
    <ele>182.14000000000001</ele>
   </trkpt>
   <trkpt lat="51.827050002197005" lon="-1.8087849977591184">
    <ele>181.1</ele>
   </trkpt>
   <trkpt lat="51.8269" lon="-1.80807">
    <ele>179.71</ele>
   </trkpt>
   <trkpt lat="51.82677500255244" lon="-1.8072949978851856">
    <ele>179.28000000000003</ele>
   </trkpt>
   <trkpt lat="51.82665" lon="-1.8065200000000001">
    <ele>178.82</ele>
   </trkpt>
   <trkpt lat="51.826535002980734" lon="-1.8056849980459595">
    <ele>177.98000000000002</ele>
   </trkpt>
   <trkpt lat="51.826420000000006" lon="-1.80485">
    <ele>177.61</ele>
   </trkpt>
   <trkpt lat="51.82643" lon="-1.8046400000000002">
    <ele>177.52</ele>
   </trkpt>
   <trkpt lat="51.82623" lon="-1.8033000000000001">
    <ele>176.82</ele>
   </trkpt>
   <trkpt lat="51.826125004187745" lon="-1.8023049975859782">
    <ele>176.33</ele>
   </trkpt>
   <trkpt lat="51.82602000000001" lon="-1.8013100000000002">
    <ele>175.69</ele>
   </trkpt>
   <trkpt lat="51.825590000000005" lon="-1.8019200000000002">
    <ele>172.76000000000002</ele>
   </trkpt>
   <trkpt lat="51.82526334241277" lon="-1.8029533482429088">
    <ele>172.70000000000002</ele>
   </trkpt>
   <trkpt lat="51.82493667577045" lon="-1.8039866814989154">
    <ele>171.91</ele>
   </trkpt>
   <trkpt lat="51.82461000000001" lon="-1.80502">
    <ele>169.61</ele>
   </trkpt>
   <trkpt lat="51.824350002280774" lon="-1.8057600043880224">
    <ele>171.03</ele>
   </trkpt>
   <trkpt lat="51.824090000000005" lon="-1.8065000000000002">
    <ele>172.71</ele>
   </trkpt>
   <trkpt lat="51.8239133425568" lon="-1.8075433415619335">
    <ele>172.34</ele>
   </trkpt>
   <trkpt lat="51.8237366758824" lon="-1.8085866749407915">
    <ele>172.03</ele>
   </trkpt>
   <trkpt lat="51.82356000000001" lon="-1.80963">
    <ele>176.20000000000002</ele>
   </trkpt>
   <trkpt lat="51.82340334268572" lon="-1.810680007284009">
    <ele>179.12</ele>
   </trkpt>
   <trkpt lat="51.82324667602183" lon="-1.8117300072651248">
    <ele>181.06000000000003</ele>
   </trkpt>
   <trkpt lat="51.82309000000001" lon="-1.81278">
    <ele>181.9</ele>
   </trkpt>
   <trkpt lat="51.822980005177506" lon="-1.8138850026963975">
    <ele>176.66</ele>
   </trkpt>
   <trkpt lat="51.82287" lon="-1.81499">
    <ele>165.77</ele>
   </trkpt>
   <trkpt lat="51.8228" lon="-1.8163500000000001">
    <ele>155.5</ele>
   </trkpt>
   <trkpt lat="51.82264000000001" lon="-1.8172100000000002">
    <ele>159.94000000000003</ele>
   </trkpt>
   <trkpt lat="51.82340000000001" lon="-1.8175800000000002">
    <ele>161.87</ele>
   </trkpt>
   <trkpt lat="51.82332" lon="-1.8186000000000002">
    <ele>168.87</ele>
   </trkpt>
   <trkpt lat="51.823310000000006" lon="-1.81916">
    <ele>171.85</ele>
   </trkpt>
   <trkpt lat="51.823420000000006" lon="-1.81956">
    <ele>174.59000000000003</ele>
   </trkpt>
   <trkpt lat="51.823440000000005" lon="-1.8201500000000002">
    <ele>176.49</ele>
   </trkpt>
   <trkpt lat="51.82329000000001" lon="-1.82122">
    <ele>177.8</ele>
   </trkpt>
   <trkpt lat="51.823190000000004" lon="-1.82217">
    <ele>179.41</ele>
   </trkpt>
   <trkpt lat="51.82318" lon="-1.82248">
    <ele>179.71</ele>
   </trkpt>
   <trkpt lat="51.8233" lon="-1.8234000000000001">
    <ele>181.86</ele>
   </trkpt>
   <trkpt lat="51.82332" lon="-1.82464">
    <ele>183.81</ele>
   </trkpt>
   <trkpt lat="51.8233" lon="-1.82485">
    <ele>184.03000000000003</ele>
   </trkpt>
   <trkpt lat="51.823240000000006" lon="-1.8250100000000002">
    <ele>184.23</ele>
   </trkpt>
   <trkpt lat="51.82334" lon="-1.8251400000000002">
    <ele>184.59</ele>
   </trkpt>
   <trkpt lat="51.8232033415614" lon="-1.826126672852441">
    <ele>187.2</ele>
   </trkpt>
   <trkpt lat="51.82306667486709" lon="-1.827113339718576">
    <ele>188.79000000000002</ele>
   </trkpt>
   <trkpt lat="51.82293000000001" lon="-1.8281">
    <ele>190.41000000000003</ele>
   </trkpt>
   <trkpt lat="51.82307501741583" lon="-1.8292699887254895">
    <ele>191.29000000000002</ele>
   </trkpt>
   <trkpt lat="51.82322002322311" lon="-1.830439984983168">
    <ele>192.24</ele>
   </trkpt>
   <trkpt lat="51.823365017421736" lon="-1.831609988772521">
    <ele>192.53</ele>
   </trkpt>
   <trkpt lat="51.823510000000006" lon="-1.83278">
    <ele>194.02</ele>
   </trkpt>
   <trkpt lat="51.82349000000001" lon="-1.83322">
    <ele>194.26000000000002</ele>
   </trkpt>
   <trkpt lat="51.823420000000006" lon="-1.83369">
    <ele>194.15</ele>
   </trkpt>
   <trkpt lat="51.823250004063304" lon="-1.8346650034928544">
    <ele>194.73000000000002</ele>
   </trkpt>
   <trkpt lat="51.823080000000004" lon="-1.8356400000000002">
    <ele>196.13000000000002</ele>
   </trkpt>
   <trkpt lat="51.82293000239231" lon="-1.8364000028183314">
    <ele>196.27</ele>
   </trkpt>
   <trkpt lat="51.82278" lon="-1.8371600000000001">
    <ele>196.14000000000001</ele>
   </trkpt>
   <trkpt lat="51.82277500595414" lon="-1.8383450001330435">
    <ele>195.64000000000001</ele>
   </trkpt>
   <trkpt lat="51.822770000000006" lon="-1.83953">
    <ele>194.63000000000002</ele>
   </trkpt>
   <trkpt lat="51.822700000000005" lon="-1.8404800000000001">
    <ele>193.78</ele>
   </trkpt>
   <trkpt lat="51.822590000000005" lon="-1.84091">
    <ele>193.37</ele>
   </trkpt>
   <trkpt lat="51.82227000108158" lon="-1.8414250037272948">
    <ele>191.82000000000002</ele>
   </trkpt>
   <trkpt lat="51.82195" lon="-1.8419400000000001">
    <ele>191.3</ele>
   </trkpt>
   <trkpt lat="51.82189" lon="-1.8422">
    <ele>191.48000000000002</ele>
   </trkpt>
   <trkpt lat="51.82186" lon="-1.84241">
    <ele>191.39000000000001</ele>
   </trkpt>
   <trkpt lat="51.821670000000005" lon="-1.84247">
    <ele>190.87</ele>
   </trkpt>
   <trkpt lat="51.821830000000006" lon="-1.84241">
    <ele>191.4</ele>
   </trkpt>
   <trkpt lat="51.82190000000001" lon="-1.84241">
    <ele>191.38000000000002</ele>
   </trkpt>
   <trkpt lat="51.821780027964124" lon="-1.8436940136641398">
    <ele>192.54000000000002</ele>
   </trkpt>
   <trkpt lat="51.82166004194676" lon="-1.8449780204893365">
    <ele>192.54000000000002</ele>
   </trkpt>
   <trkpt lat="51.82154004194804" lon="-1.8462620204748579">
    <ele>189.70000000000002</ele>
   </trkpt>
   <trkpt lat="51.821420027968124" lon="-1.8475460136199744">
    <ele>191.82000000000002</ele>
   </trkpt>
   <trkpt lat="51.8213" lon="-1.8488300000000002">
    <ele>193.32000000000002</ele>
   </trkpt>
   <trkpt lat="51.821250000000006" lon="-1.8498700000000001">
    <ele>194.63000000000002</ele>
   </trkpt>
   <trkpt lat="51.82121000000001" lon="-1.85">
    <ele>194.72</ele>
   </trkpt>
   <trkpt lat="51.821130000000004" lon="-1.85007">
    <ele>194.72</ele>
   </trkpt>
   <trkpt lat="51.82099334840934" lon="-1.8514033414261823">
    <ele>195.96</ele>
   </trkpt>
   <trkpt lat="51.820856681742235" lon="-1.8527366747636105">
    <ele>197.76000000000002</ele>
   </trkpt>
   <trkpt lat="51.82072" lon="-1.85407">
    <ele>198.58</ele>
   </trkpt>
   <trkpt lat="51.820690000000006" lon="-1.85451">
    <ele>198.63000000000002</ele>
   </trkpt>
   <trkpt lat="51.820690000000006" lon="-1.85481">
    <ele>198.63000000000002</ele>
   </trkpt>
   <trkpt lat="51.82072" lon="-1.85508">
    <ele>198.68</ele>
   </trkpt>
   <trkpt lat="51.82079" lon="-1.85532">
    <ele>198.85000000000002</ele>
   </trkpt>
   <trkpt lat="51.821035001589465" lon="-1.8559449964306172">
    <ele>198.8</ele>
   </trkpt>
   <trkpt lat="51.82128" lon="-1.85657">
    <ele>198.84</ele>
   </trkpt>
   <trkpt lat="51.82175" lon="-1.8576400000000002">
    <ele>198.85000000000002</ele>
   </trkpt>
   <trkpt lat="51.82179000000001" lon="-1.8575800000000002">
    <ele>198.85000000000002</ele>
   </trkpt>
   <trkpt lat="51.82190000000001" lon="-1.8576700000000002">
    <ele>199.22</ele>
   </trkpt>
   <trkpt lat="51.82179000000001" lon="-1.8575800000000002">
    <ele>198.8</ele>
   </trkpt>
   <trkpt lat="51.821380000000005" lon="-1.8581100000000002">
    <ele>196.83</ele>
   </trkpt>
   <trkpt lat="51.82058000000001" lon="-1.8577700000000001">
    <ele>193.26000000000002</ele>
   </trkpt>
   <trkpt lat="51.81982000000001" lon="-1.85732">
    <ele>192.59</ele>
   </trkpt>
   <trkpt lat="51.81931500010444" lon="-1.8572549992825989">
    <ele>192.53</ele>
   </trkpt>
   <trkpt lat="51.818810000000006" lon="-1.8571900000000001">
    <ele>192.0</ele>
   </trkpt>
   <trkpt lat="51.81826999996649" lon="-1.857280001089927">
    <ele>189.47000000000003</ele>
   </trkpt>
   <trkpt lat="51.817730000000005" lon="-1.8573700000000002">
    <ele>188.16000000000003</ele>
   </trkpt>
   <trkpt lat="51.81711500001185" lon="-1.8575000017869587">
    <ele>186.57000000000002</ele>
   </trkpt>
   <trkpt lat="51.816500000000005" lon="-1.8576300000000001">
    <ele>184.01</ele>
   </trkpt>
   <trkpt lat="51.815900000000006" lon="-1.85756">
    <ele>182.85000000000002</ele>
   </trkpt>
   <trkpt lat="51.815290000000005" lon="-1.8573600000000001">
    <ele>179.39000000000001</ele>
   </trkpt>
   <trkpt lat="51.81482999986857" lon="-1.857274999102385">
    <ele>178.26</ele>
   </trkpt>
   <trkpt lat="51.814370000000004" lon="-1.8571900000000001">
    <ele>175.75</ele>
   </trkpt>
   <trkpt lat="51.81376" lon="-1.85701">
    <ele>173.71</ele>
   </trkpt>
   <trkpt lat="51.813165000408695" lon="-1.856674995539208">
    <ele>170.27</ele>
   </trkpt>
   <trkpt lat="51.81257" lon="-1.85634">
    <ele>167.08</ele>
   </trkpt>
   <trkpt lat="51.812070000000006" lon="-1.85627">
    <ele>166.56</ele>
   </trkpt>
   <trkpt lat="51.81150999998141" lon="-1.8562900002492344">
    <ele>167.71000000000004</ele>
   </trkpt>
   <trkpt lat="51.810950000000005" lon="-1.8563100000000001">
    <ele>168.32000000000002</ele>
   </trkpt>
   <trkpt lat="51.81011" lon="-1.8564800000000001">
    <ele>168.64000000000001</ele>
   </trkpt>
   <trkpt lat="51.809520000000006" lon="-1.85647">
    <ele>168.85</ele>
   </trkpt>
   <trkpt lat="51.80883000000001" lon="-1.8563">
    <ele>168.85</ele>
   </trkpt>
   <trkpt lat="51.808260000000004" lon="-1.85603">
    <ele>166.95000000000002</ele>
   </trkpt>
   <trkpt lat="51.80758" lon="-1.8555300000000001">
    <ele>164.5</ele>
   </trkpt>
   <trkpt lat="51.80691" lon="-1.8553600000000001">
    <ele>167.8</ele>
   </trkpt>
   <trkpt lat="51.80653" lon="-1.85515">
    <ele>169.1</ele>
   </trkpt>
   <trkpt lat="51.80589000098112" lon="-1.8546699931881403">
    <ele>173.39000000000001</ele>
   </trkpt>
   <trkpt lat="51.80525" lon="-1.8541900000000002">
    <ele>175.08</ele>
   </trkpt>
   <trkpt lat="51.804930000000006" lon="-1.85407">
    <ele>175.43</ele>
   </trkpt>
   <trkpt lat="51.80442000000001" lon="-1.85393">
    <ele>175.88</ele>
   </trkpt>
   <trkpt lat="51.80388000000001" lon="-1.85386">
    <ele>175.20000000000002</ele>
   </trkpt>
   <trkpt lat="51.803430000000006" lon="-1.85369">
    <ele>174.28</ele>
   </trkpt>
   <trkpt lat="51.80332000000001" lon="-1.85356">
    <ele>174.07</ele>
   </trkpt>
   <trkpt lat="51.80312000000001" lon="-1.85349">
    <ele>173.69</ele>
   </trkpt>
   <trkpt lat="51.80263000000001" lon="-1.85312">
    <ele>172.12000000000003</ele>
   </trkpt>
   <trkpt lat="51.80199500114658" lon="-1.8525899924977487">
    <ele>170.03</ele>
   </trkpt>
   <trkpt lat="51.80136" lon="-1.8520600000000003">
    <ele>166.64000000000001</ele>
   </trkpt>
   <trkpt lat="51.80095000000001" lon="-1.8517400000000002">
    <ele>164.91</ele>
   </trkpt>
   <trkpt lat="51.80035" lon="-1.85132">
    <ele>162.43</ele>
   </trkpt>
   <trkpt lat="51.80001000000001" lon="-1.85112">
    <ele>160.44</ele>
   </trkpt>
   <trkpt lat="51.79983000000001" lon="-1.85105">
    <ele>160.44</ele>
   </trkpt>
   <trkpt lat="51.79965000000001" lon="-1.85102">
    <ele>159.59</ele>
   </trkpt>
   <trkpt lat="51.799080000000004" lon="-1.85112">
    <ele>157.93</ele>
   </trkpt>
   <trkpt lat="51.798570000000005" lon="-1.85112">
    <ele>154.95</ele>
   </trkpt>
   <trkpt lat="51.798280000000005" lon="-1.85101">
    <ele>153.65</ele>
   </trkpt>
   <trkpt lat="51.79797000000001" lon="-1.85088">
    <ele>151.66000000000003</ele>
   </trkpt>
   <trkpt lat="51.79771" lon="-1.85068">
    <ele>149.76</ele>
   </trkpt>
   <trkpt lat="51.79755" lon="-1.85054">
    <ele>148.71</ele>
   </trkpt>
   <trkpt lat="51.79735" lon="-1.8503">
    <ele>147.97000000000003</ele>
   </trkpt>
   <trkpt lat="51.79702" lon="-1.84973">
    <ele>144.97</ele>
   </trkpt>
   <trkpt lat="51.796890000000005" lon="-1.84946">
    <ele>143.76</ele>
   </trkpt>
   <trkpt lat="51.79683000000001" lon="-1.8492400000000002">
    <ele>142.77</ele>
   </trkpt>
   <trkpt lat="51.796710000000004" lon="-1.8488900000000001">
    <ele>141.20000000000002</ele>
   </trkpt>
   <trkpt lat="51.79683000000001" lon="-1.8492400000000002">
    <ele>142.77</ele>
   </trkpt>
   <trkpt lat="51.79674000000001" lon="-1.84942">
    <ele>143.36</ele>
   </trkpt>
   <trkpt lat="51.79665000000001" lon="-1.84952">
    <ele>143.49</ele>
   </trkpt>
   <trkpt lat="51.796170000000004" lon="-1.8504300000000002">
    <ele>148.58</ele>
   </trkpt>
   <trkpt lat="51.795640000000006" lon="-1.8515700000000002">
    <ele>154.55</ele>
   </trkpt>
   <trkpt lat="51.79536" lon="-1.8521">
    <ele>156.29000000000002</ele>
   </trkpt>
   <trkpt lat="51.794990000000006" lon="-1.8526500000000001">
    <ele>156.82000000000002</ele>
   </trkpt>
   <trkpt lat="51.79453" lon="-1.85312">
    <ele>157.18</ele>
   </trkpt>
   <trkpt lat="51.79442" lon="-1.85329">
    <ele>156.66000000000003</ele>
   </trkpt>
   <trkpt lat="51.79422" lon="-1.85362">
    <ele>156.23000000000002</ele>
   </trkpt>
   <trkpt lat="51.793730000000004" lon="-1.85471">
    <ele>154.99</ele>
   </trkpt>
   <trkpt lat="51.79352" lon="-1.85522">
    <ele>153.84</ele>
   </trkpt>
   <trkpt lat="51.79323" lon="-1.8561">
    <ele>155.31</ele>
   </trkpt>
   <trkpt lat="51.793000000000006" lon="-1.8570200000000001">
    <ele>156.51000000000002</ele>
   </trkpt>
   <trkpt lat="51.792820000000006" lon="-1.85752">
    <ele>156.98000000000002</ele>
   </trkpt>
   <trkpt lat="51.79269000000001" lon="-1.85783">
    <ele>157.57000000000002</ele>
   </trkpt>
   <trkpt lat="51.792320000000004" lon="-1.85888">
    <ele>157.45000000000002</ele>
   </trkpt>
   <trkpt lat="51.791900000000005" lon="-1.85966">
    <ele>156.69000000000003</ele>
   </trkpt>
   <trkpt lat="51.7916" lon="-1.86017">
    <ele>156.08</ele>
   </trkpt>
   <trkpt lat="51.791230000000006" lon="-1.86088">
    <ele>156.81</ele>
   </trkpt>
   <trkpt lat="51.7907" lon="-1.86176">
    <ele>158.14</ele>
   </trkpt>
   <trkpt lat="51.790380000000006" lon="-1.8624">
    <ele>158.37</ele>
   </trkpt>
   <trkpt lat="51.790020000000005" lon="-1.86288">
    <ele>157.65</ele>
   </trkpt>
   <trkpt lat="51.789820000000006" lon="-1.86311">
    <ele>156.74</ele>
   </trkpt>
   <trkpt lat="51.789770000000004" lon="-1.8632600000000001">
    <ele>156.74</ele>
   </trkpt>
   <trkpt lat="51.78971000000001" lon="-1.86372">
    <ele>155.87</ele>
   </trkpt>
   <trkpt lat="51.78963" lon="-1.86393">
    <ele>155.11</ele>
   </trkpt>
   <trkpt lat="51.78943" lon="-1.86417">
    <ele>153.9</ele>
   </trkpt>
   <trkpt lat="51.788990000000005" lon="-1.86457">
    <ele>151.53000000000003</ele>
   </trkpt>
   <trkpt lat="51.788570000393655" lon="-1.8648950030682667">
    <ele>150.34</ele>
   </trkpt>
   <trkpt lat="51.78815" lon="-1.86522">
    <ele>149.63000000000002</ele>
   </trkpt>
   <trkpt lat="51.787490000000005" lon="-1.8658000000000001">
    <ele>149.54</ele>
   </trkpt>
   <trkpt lat="51.78694" lon="-1.86637">
    <ele>149.58</ele>
   </trkpt>
   <trkpt lat="51.78638" lon="-1.86701">
    <ele>149.04</ele>
   </trkpt>
   <trkpt lat="51.78584000000001" lon="-1.86749">
    <ele>147.84</ele>
   </trkpt>
   <trkpt lat="51.785230000000006" lon="-1.8679700000000001">
    <ele>147.1</ele>
   </trkpt>
   <trkpt lat="51.784980000000004" lon="-1.86823">
    <ele>147.25000000000003</ele>
   </trkpt>
   <trkpt lat="51.78490000000001" lon="-1.86833">
    <ele>147.08</ele>
   </trkpt>
   <trkpt lat="51.78477" lon="-1.8684500000000002">
    <ele>146.94000000000003</ele>
   </trkpt>
   <trkpt lat="51.784620000000004" lon="-1.8684800000000001">
    <ele>146.97000000000003</ele>
   </trkpt>
   <trkpt lat="51.784490000000005" lon="-1.8684100000000001">
    <ele>146.88</ele>
   </trkpt>
   <trkpt lat="51.78427000000001" lon="-1.8684100000000001">
    <ele>146.67000000000002</ele>
   </trkpt>
   <trkpt lat="51.783820000000006" lon="-1.86837">
    <ele>146.28000000000003</ele>
   </trkpt>
   <trkpt lat="51.78354" lon="-1.8683">
    <ele>146.19</ele>
   </trkpt>
   <trkpt lat="51.78307" lon="-1.86813">
    <ele>146.79</ele>
   </trkpt>
   <trkpt lat="51.78267" lon="-1.86793">
    <ele>147.06000000000003</ele>
   </trkpt>
   <trkpt lat="51.782540000000004" lon="-1.86783">
    <ele>146.93</ele>
   </trkpt>
   <trkpt lat="51.78222" lon="-1.8674300000000001">
    <ele>146.45000000000002</ele>
   </trkpt>
   <trkpt lat="51.78191" lon="-1.86691">
    <ele>145.53000000000003</ele>
   </trkpt>
   <trkpt lat="51.78175" lon="-1.86671">
    <ele>145.44</ele>
   </trkpt>
   <trkpt lat="51.78164" lon="-1.86661">
    <ele>145.46</ele>
   </trkpt>
   <trkpt lat="51.781420000000004" lon="-1.8665">
    <ele>145.62</ele>
   </trkpt>
   <trkpt lat="51.78084500006942" lon="-1.8663999987302693">
    <ele>144.59000000000003</ele>
   </trkpt>
   <trkpt lat="51.78027" lon="-1.8663">
    <ele>142.42000000000002</ele>
   </trkpt>
   <trkpt lat="51.779990000000005" lon="-1.8662">
    <ele>141.04</ele>
   </trkpt>
   <trkpt lat="51.779770000000006" lon="-1.8661">
    <ele>140.43</ele>
   </trkpt>
   <trkpt lat="51.77953" lon="-1.86586">
    <ele>136.53</ele>
   </trkpt>
   <trkpt lat="51.778980000000004" lon="-1.86522">
    <ele>134.51000000000002</ele>
   </trkpt>
   <trkpt lat="51.77861000000001" lon="-1.86494">
    <ele>135.12</ele>
   </trkpt>
   <trkpt lat="51.778130000000004" lon="-1.86467">
    <ele>136.6</ele>
   </trkpt>
   <trkpt lat="51.77758000000001" lon="-1.86427">
    <ele>137.07</ele>
   </trkpt>
   <trkpt lat="51.777080000000005" lon="-1.8639700000000001">
    <ele>136.95000000000002</ele>
   </trkpt>
   <trkpt lat="51.776680000000006" lon="-1.86383">
    <ele>137.20000000000002</ele>
   </trkpt>
   <trkpt lat="51.77622499998496" lon="-1.8636799984511432">
    <ele>136.71</ele>
   </trkpt>
   <trkpt lat="51.77577" lon="-1.8635300000000001">
    <ele>136.48000000000002</ele>
   </trkpt>
   <trkpt lat="51.775020000000005" lon="-1.86332">
    <ele>133.81</ele>
   </trkpt>
   <trkpt lat="51.774460000000005" lon="-1.86301">
    <ele>128.88000000000002</ele>
   </trkpt>
   <trkpt lat="51.77407" lon="-1.86257">
    <ele>123.64000000000001</ele>
   </trkpt>
   <trkpt lat="51.77378" lon="-1.86227">
    <ele>114.52000000000001</ele>
   </trkpt>
   <trkpt lat="51.773500000000006" lon="-1.8622">
    <ele>112.08000000000001</ele>
   </trkpt>
   <trkpt lat="51.773320000000005" lon="-1.8621">
    <ele>111.34</ele>
   </trkpt>
   <trkpt lat="51.773210000000006" lon="-1.86193">
    <ele>111.18</ele>
   </trkpt>
   <trkpt lat="51.77293" lon="-1.8612700000000002">
    <ele>112.10000000000001</ele>
   </trkpt>
   <trkpt lat="51.77284" lon="-1.86118">
    <ele>112.33000000000001</ele>
   </trkpt>
   <trkpt lat="51.772670000000005" lon="-1.86081">
    <ele>113.59</ele>
   </trkpt>
   <trkpt lat="51.77222500119575" lon="-1.860269994625648">
    <ele>118.8</ele>
   </trkpt>
   <trkpt lat="51.77178000000001" lon="-1.85973">
    <ele>120.98</ele>
   </trkpt>
   <trkpt lat="51.77158000000001" lon="-1.85939">
    <ele>120.12</ele>
   </trkpt>
   <trkpt lat="51.77116" lon="-1.85827">
    <ele>119.68</ele>
   </trkpt>
   <trkpt lat="51.770770000000006" lon="-1.85708">
    <ele>120.70000000000002</ele>
   </trkpt>
   <trkpt lat="51.77071" lon="-1.85674">
    <ele>118.97</ele>
   </trkpt>
   <trkpt lat="51.770630000000004" lon="-1.85657">
    <ele>118.22</ele>
   </trkpt>
   <trkpt lat="51.77058" lon="-1.85654">
    <ele>118.22</ele>
   </trkpt>
   <trkpt lat="51.770360000000004" lon="-1.85654">
    <ele>116.25</ele>
   </trkpt>
   <trkpt lat="51.770250000000004" lon="-1.85651">
    <ele>115.09</ele>
   </trkpt>
   <trkpt lat="51.77011" lon="-1.8564100000000001">
    <ele>113.41000000000001</ele>
   </trkpt>
   <trkpt lat="51.77002" lon="-1.8563100000000001">
    <ele>112.94000000000001</ele>
   </trkpt>
   <trkpt lat="51.76972000000001" lon="-1.85583">
    <ele>111.74000000000001</ele>
   </trkpt>
   <trkpt lat="51.76941000156377" lon="-1.8551999954294864">
    <ele>111.52000000000001</ele>
   </trkpt>
   <trkpt lat="51.7691" lon="-1.85457">
    <ele>110.91000000000001</ele>
   </trkpt>
   <trkpt lat="51.76899" lon="-1.8544">
    <ele>110.87</ele>
   </trkpt>
   <trkpt lat="51.768730000000005" lon="-1.8541">
    <ele>111.03</ele>
   </trkpt>
   <trkpt lat="51.768660000000004" lon="-1.85406">
    <ele>111.03</ele>
   </trkpt>
   <trkpt lat="51.76854" lon="-1.8539400000000001">
    <ele>111.03</ele>
   </trkpt>
   <trkpt lat="51.768390000000004" lon="-1.85376">
    <ele>110.99000000000001</ele>
   </trkpt>
   <trkpt lat="51.768130000000006" lon="-1.85349">
    <ele>110.99000000000001</ele>
   </trkpt>
   <trkpt lat="51.767970000000005" lon="-1.8532600000000001">
    <ele>110.95</ele>
   </trkpt>
   <trkpt lat="51.76774" lon="-1.85291">
    <ele>110.54</ele>
   </trkpt>
   <trkpt lat="51.767590000000006" lon="-1.8525500000000001">
    <ele>109.56</ele>
   </trkpt>
   <trkpt lat="51.76753" lon="-1.8524">
    <ele>109.56</ele>
   </trkpt>
   <trkpt lat="51.76747" lon="-1.8524600000000002">
    <ele>109.27000000000001</ele>
   </trkpt>
   <trkpt lat="51.7674" lon="-1.8527300000000002">
    <ele>109.06</ele>
   </trkpt>
   <trkpt lat="51.767160000000004" lon="-1.85315">
    <ele>108.79</ele>
   </trkpt>
   <trkpt lat="51.767120000000006" lon="-1.8532600000000001">
    <ele>108.79</ele>
   </trkpt>
   <trkpt lat="51.76709" lon="-1.85339">
    <ele>108.69000000000001</ele>
   </trkpt>
   <trkpt lat="51.76711" lon="-1.85413">
    <ele>109.32000000000001</ele>
   </trkpt>
   <trkpt lat="51.767070000000004" lon="-1.85457">
    <ele>110.31</ele>
   </trkpt>
   <trkpt lat="51.76702" lon="-1.8549300000000002">
    <ele>112.45</ele>
   </trkpt>
   <trkpt lat="51.766960000000005" lon="-1.8552400000000002">
    <ele>114.82000000000001</ele>
   </trkpt>
   <trkpt lat="51.766760000000005" lon="-1.85566">
    <ele>119.66000000000001</ele>
   </trkpt>
   <trkpt lat="51.76620500286344" lon="-1.8564700098416094">
    <ele>129.86</ele>
   </trkpt>
   <trkpt lat="51.76565" lon="-1.85728">
    <ele>135.04000000000002</ele>
   </trkpt>
   <trkpt lat="51.76552" lon="-1.85742">
    <ele>135.54000000000002</ele>
   </trkpt>
   <trkpt lat="51.76494601033297" lon="-1.8582000396579013">
    <ele>136.6</ele>
   </trkpt>
   <trkpt lat="51.76437201550357" lon="-1.8589800594801735">
    <ele>137.12</ele>
   </trkpt>
   <trkpt lat="51.76379801551209" lon="-1.859760059467551">
    <ele>137.13</ele>
   </trkpt>
   <trkpt lat="51.76322401035872" lon="-1.8605400396207685">
    <ele>136.52</ele>
   </trkpt>
   <trkpt lat="51.76265" lon="-1.86132">
    <ele>135.18</ele>
   </trkpt>
   <trkpt lat="51.76209000000001" lon="-1.86213">
    <ele>134.92000000000002</ele>
   </trkpt>
   <trkpt lat="51.76207" lon="-1.8622">
    <ele>134.92000000000002</ele>
   </trkpt>
   <trkpt lat="51.76203" lon="-1.8622">
    <ele>134.92000000000002</ele>
   </trkpt>
   <trkpt lat="51.76193000000001" lon="-1.86227">
    <ele>134.92000000000002</ele>
   </trkpt>
   <trkpt lat="51.761430000000004" lon="-1.8629200000000001">
    <ele>133.3</ele>
   </trkpt>
   <trkpt lat="51.76137000000001" lon="-1.86298">
    <ele>133.3</ele>
   </trkpt>
   <trkpt lat="51.761300000000006" lon="-1.8629900000000001">
    <ele>133.0</ele>
   </trkpt>
   <trkpt lat="51.761280000000006" lon="-1.86311">
    <ele>132.91</ele>
   </trkpt>
   <trkpt lat="51.761230000000005" lon="-1.86322">
    <ele>132.77</ele>
   </trkpt>
   <trkpt lat="51.760920000000006" lon="-1.86362">
    <ele>131.86</ele>
   </trkpt>
   <trkpt lat="51.76055" lon="-1.8642">
    <ele>130.29000000000002</ele>
   </trkpt>
   <trkpt lat="51.760110000000005" lon="-1.86498">
    <ele>126.79</ele>
   </trkpt>
   <trkpt lat="51.75967500241022" lon="-1.8657250070821791">
    <ele>130.16</ele>
   </trkpt>
   <trkpt lat="51.759240000000005" lon="-1.86647">
    <ele>131.15</ele>
   </trkpt>
   <trkpt lat="51.75882000000001" lon="-1.86725">
    <ele>132.60000000000002</ele>
   </trkpt>
   <trkpt lat="51.75853000130804" lon="-1.867810003639783">
    <ele>133.31</ele>
   </trkpt>
   <trkpt lat="51.75824" lon="-1.86837">
    <ele>133.57000000000002</ele>
   </trkpt>
   <trkpt lat="51.758140000000004" lon="-1.8686900000000002">
    <ele>133.8</ele>
   </trkpt>
   <trkpt lat="51.758050000000004" lon="-1.86894">
    <ele>133.82000000000002</ele>
   </trkpt>
   <trkpt lat="51.757850000000005" lon="-1.86932">
    <ele>133.55</ele>
   </trkpt>
   <trkpt lat="51.757580000000004" lon="-1.87">
    <ele>132.16</ele>
   </trkpt>
   <trkpt lat="51.75739" lon="-1.87057">
    <ele>131.36</ele>
   </trkpt>
   <trkpt lat="51.7571" lon="-1.87152">
    <ele>130.53</ele>
   </trkpt>
   <trkpt lat="51.756840000000004" lon="-1.87254">
    <ele>128.38000000000002</ele>
   </trkpt>
   <trkpt lat="51.756690000000006" lon="-1.87298">
    <ele>128.02</ele>
   </trkpt>
   <trkpt lat="51.7564300019179" lon="-1.8736600040298135">
    <ele>127.60000000000002</ele>
   </trkpt>
   <trkpt lat="51.756170000000004" lon="-1.8743400000000001">
    <ele>127.64</ele>
   </trkpt>
   <trkpt lat="51.75600000000001" lon="-1.87454">
    <ele>127.67</ele>
   </trkpt>
   <trkpt lat="51.75598" lon="-1.8747000000000003">
    <ele>127.9</ele>
   </trkpt>
   <trkpt lat="51.75600000000001" lon="-1.87454">
    <ele>127.67</ele>
   </trkpt>
   <trkpt lat="51.75565" lon="-1.87359">
    <ele>125.16000000000003</ele>
   </trkpt>
   <trkpt lat="51.755500000000005" lon="-1.87328">
    <ele>124.83000000000001</ele>
   </trkpt>
   <trkpt lat="51.75517000000001" lon="-1.87366">
    <ele>125.29</ele>
   </trkpt>
   <trkpt lat="51.754795000756964" lon="-1.8740650032970472">
    <ele>127.04</ele>
   </trkpt>
   <trkpt lat="51.75442" lon="-1.87447">
    <ele>129.63000000000002</ele>
   </trkpt>
   <trkpt lat="51.75433" lon="-1.8745">
    <ele>130.54000000000002</ele>
   </trkpt>
   <trkpt lat="51.75380500224933" lon="-1.875245008810067">
    <ele>134.10000000000002</ele>
   </trkpt>
   <trkpt lat="51.753280000000004" lon="-1.87599">
    <ele>136.75</ele>
   </trkpt>
   <trkpt lat="51.752880000000005" lon="-1.8766100000000001">
    <ele>138.69</ele>
   </trkpt>
   <trkpt lat="51.75265" lon="-1.87688">
    <ele>140.53</ele>
   </trkpt>
   <trkpt lat="51.752480000000006" lon="-1.87701">
    <ele>140.74</ele>
   </trkpt>
   <trkpt lat="51.75194500023635" lon="-1.8771950021598856">
    <ele>143.37000000000003</ele>
   </trkpt>
   <trkpt lat="51.75141000000001" lon="-1.87738">
    <ele>144.55</ele>
   </trkpt>
   <trkpt lat="51.751020000000004" lon="-1.87735">
    <ele>144.29</ele>
   </trkpt>
   <trkpt lat="51.75054" lon="-1.87742">
    <ele>144.0</ele>
   </trkpt>
   <trkpt lat="51.75034" lon="-1.8775300000000001">
    <ele>144.07</ele>
   </trkpt>
   <trkpt lat="51.7501" lon="-1.87752">
    <ele>143.07</ele>
   </trkpt>
   <trkpt lat="51.749430000000004" lon="-1.87745">
    <ele>141.34000000000003</ele>
   </trkpt>
   <trkpt lat="51.74895500015594" lon="-1.8773099985492336">
    <ele>139.62000000000003</ele>
   </trkpt>
   <trkpt lat="51.74848" lon="-1.8771700000000002">
    <ele>138.16</ele>
   </trkpt>
   <trkpt lat="51.74835" lon="-1.8778000000000001">
    <ele>138.81</ele>
   </trkpt>
   <trkpt lat="51.748155001999464" lon="-1.878490003051352">
    <ele>138.74</ele>
   </trkpt>
   <trkpt lat="51.747960000000006" lon="-1.87918">
    <ele>138.59</ele>
   </trkpt>
   <trkpt lat="51.74777" lon="-1.8797300000000001">
    <ele>138.61</ele>
   </trkpt>
   <trkpt lat="51.7473" lon="-1.88088">
    <ele>138.62</ele>
   </trkpt>
   <trkpt lat="51.74694000294441" lon="-1.8817100065649728">
    <ele>138.25</ele>
   </trkpt>
   <trkpt lat="51.74658" lon="-1.88254">
    <ele>138.23000000000002</ele>
   </trkpt>
   <trkpt lat="51.74645" lon="-1.88298">
    <ele>138.45000000000002</ele>
   </trkpt>
   <trkpt lat="51.74642000000001" lon="-1.8833600000000001">
    <ele>138.82</ele>
   </trkpt>
   <trkpt lat="51.74638" lon="-1.8832300000000002">
    <ele>138.82</ele>
   </trkpt>
   <trkpt lat="51.74602" lon="-1.88355">
    <ele>138.15000000000003</ele>
   </trkpt>
   <trkpt lat="51.745540000000005" lon="-1.88389">
    <ele>137.82</ele>
   </trkpt>
   <trkpt lat="51.74512500030996" lon="-1.8842300032712311">
    <ele>137.65</ele>
   </trkpt>
   <trkpt lat="51.744710000000005" lon="-1.88457">
    <ele>137.04000000000002</ele>
   </trkpt>
   <trkpt lat="51.7441" lon="-1.88481">
    <ele>136.47</ele>
   </trkpt>
   <trkpt lat="51.74336" lon="-1.88518">
    <ele>135.99</ele>
   </trkpt>
   <trkpt lat="51.743010000000005" lon="-1.88532">
    <ele>135.68</ele>
   </trkpt>
   <trkpt lat="51.74289" lon="-1.88542">
    <ele>135.68</ele>
   </trkpt>
   <trkpt lat="51.742850000000004" lon="-1.8854600000000001">
    <ele>135.73000000000002</ele>
   </trkpt>
   <trkpt lat="51.74287" lon="-1.8855600000000001">
    <ele>135.63</ele>
   </trkpt>
   <trkpt lat="51.74288000000001" lon="-1.8866">
    <ele>136.31</ele>
   </trkpt>
   <trkpt lat="51.742920000000005" lon="-1.8872900000000001">
    <ele>136.17000000000002</ele>
   </trkpt>
   <trkpt lat="51.743050000000004" lon="-1.8885">
    <ele>134.44</ele>
   </trkpt>
   <trkpt lat="51.74313" lon="-1.8890200000000001">
    <ele>134.07000000000002</ele>
   </trkpt>
   <trkpt lat="51.7432" lon="-1.8892700000000002">
    <ele>133.91</ele>
   </trkpt>
   <trkpt lat="51.74335000000001" lon="-1.88918">
    <ele>134.4</ele>
   </trkpt>
   <trkpt lat="51.743500000000004" lon="-1.88942">
    <ele>134.57000000000002</ele>
   </trkpt>
   <trkpt lat="51.74358" lon="-1.8895000000000002">
    <ele>134.51000000000002</ele>
   </trkpt>
   <trkpt lat="51.74362000000001" lon="-1.88962">
    <ele>133.92000000000002</ele>
   </trkpt>
   <trkpt lat="51.74381" lon="-1.8900000000000001">
    <ele>133.41</ele>
   </trkpt>
   <trkpt lat="51.7436" lon="-1.88993">
    <ele>134.8</ele>
   </trkpt>
   <trkpt lat="51.74356" lon="-1.8898300000000001">
    <ele>134.8</ele>
   </trkpt>
   <trkpt lat="51.74331" lon="-1.88999">
    <ele>134.94</ele>
   </trkpt>
   <trkpt lat="51.74327" lon="-1.89006">
    <ele>134.32000000000002</ele>
   </trkpt>
   <trkpt lat="51.74324000000001" lon="-1.89023">
    <ele>133.54000000000002</ele>
   </trkpt>
   <trkpt lat="51.743230000000004" lon="-1.89108">
    <ele>129.17000000000002</ele>
   </trkpt>
   <trkpt lat="51.74326000000001" lon="-1.8912200000000001">
    <ele>129.02</ele>
   </trkpt>
   <trkpt lat="51.742960000000004" lon="-1.89148">
    <ele>128.51000000000002</ele>
   </trkpt>
   <trkpt lat="51.74288000000001" lon="-1.89162">
    <ele>128.51000000000002</ele>
   </trkpt>
   <trkpt lat="51.74275" lon="-1.89189">
    <ele>128.4</ele>
   </trkpt>
   <trkpt lat="51.74264" lon="-1.89226">
    <ele>128.4</ele>
   </trkpt>
   <trkpt lat="51.74253" lon="-1.89298">
    <ele>128.49</ele>
   </trkpt>
   <trkpt lat="51.74242" lon="-1.89345">
    <ele>129.5</ele>
   </trkpt>
   <trkpt lat="51.74233" lon="-1.8936600000000001">
    <ele>129.27</ele>
   </trkpt>
   <trkpt lat="51.741620000000005" lon="-1.89386">
    <ele>122.53000000000002</ele>
   </trkpt>
   <trkpt lat="51.74102000020153" lon="-1.894145003852602">
    <ele>124.31</ele>
   </trkpt>
   <trkpt lat="51.74042000000001" lon="-1.89443">
    <ele>129.84</ele>
   </trkpt>
   <trkpt lat="51.73987000004001" lon="-1.8945900019675213">
    <ele>132.79000000000002</ele>
   </trkpt>
   <trkpt lat="51.739320000000006" lon="-1.8947500000000002">
    <ele>134.27</ele>
   </trkpt>
   <trkpt lat="51.738620000000004" lon="-1.89481">
    <ele>135.49</ele>
   </trkpt>
   <trkpt lat="51.73800500007039" lon="-1.8948400004050492">
    <ele>136.07000000000002</ele>
   </trkpt>
   <trkpt lat="51.737390000000005" lon="-1.89487">
    <ele>135.93</ele>
   </trkpt>
   <trkpt lat="51.73679000015785" lon="-1.8948299994789772">
    <ele>135.43</ele>
   </trkpt>
   <trkpt lat="51.73619000000001" lon="-1.8947900000000002">
    <ele>135.27</ele>
   </trkpt>
   <trkpt lat="51.73566" lon="-1.8948500000000001">
    <ele>135.07000000000002</ele>
   </trkpt>
   <trkpt lat="51.734840000000005" lon="-1.89501">
    <ele>135.20000000000002</ele>
   </trkpt>
   <trkpt lat="51.73416" lon="-1.8950200000000001">
    <ele>135.39000000000001</ele>
   </trkpt>
   <trkpt lat="51.73397000000001" lon="-1.89504">
    <ele>135.19</ele>
   </trkpt>
   <trkpt lat="51.73308" lon="-1.89498">
    <ele>134.71</ele>
   </trkpt>
   <trkpt lat="51.732450000112784" lon="-1.894914999103748">
    <ele>134.46</ele>
   </trkpt>
   <trkpt lat="51.731820000000006" lon="-1.8948500000000001">
    <ele>133.70000000000002</ele>
   </trkpt>
   <trkpt lat="51.731335000112125" lon="-1.8946949983400352">
    <ele>133.48000000000002</ele>
   </trkpt>
   <trkpt lat="51.730850000000004" lon="-1.8945400000000001">
    <ele>133.17000000000002</ele>
   </trkpt>
   <trkpt lat="51.730320000000006" lon="-1.8945100000000001">
    <ele>132.96</ele>
   </trkpt>
   <trkpt lat="51.73030000000001" lon="-1.89481">
    <ele>132.85000000000002</ele>
   </trkpt>
   <trkpt lat="51.730320000000006" lon="-1.8945100000000001">
    <ele>132.96</ele>
   </trkpt>
   <trkpt lat="51.730510006422726" lon="-1.8932800051522614">
    <ele>130.95000000000002</ele>
   </trkpt>
   <trkpt lat="51.730700000000006" lon="-1.8920500000000002">
    <ele>125.28</ele>
   </trkpt>
   <trkpt lat="51.73093" lon="-1.8907">
    <ele>121.04</ele>
   </trkpt>
   <trkpt lat="51.73122000000001" lon="-1.88938">
    <ele>119.53000000000002</ele>
   </trkpt>
   <trkpt lat="51.73136667481833" lon="-1.8884000063541195">
    <ele>118.32000000000001</ele>
   </trkpt>
   <trkpt lat="51.731513341485936" lon="-1.887420006348">
    <ele>117.41000000000001</ele>
   </trkpt>
   <trkpt lat="51.731660000000005" lon="-1.8864400000000001">
    <ele>116.63000000000001</ele>
   </trkpt>
   <trkpt lat="51.73187" lon="-1.8852000000000002">
    <ele>116.80000000000001</ele>
   </trkpt>
   <trkpt lat="51.731910000000006" lon="-1.88474">
    <ele>117.07000000000001</ele>
   </trkpt>
   <trkpt lat="51.732020000000006" lon="-1.88416">
    <ele>119.59000000000002</ele>
   </trkpt>
   <trkpt lat="51.73236000000001" lon="-1.88315">
    <ele>121.78000000000002</ele>
   </trkpt>
   <trkpt lat="51.73261752217484" lon="-1.8818300225926428">
    <ele>121.57000000000001</ele>
   </trkpt>
   <trkpt lat="51.73287502956264" lon="-1.8805100301436208">
    <ele>120.57000000000001</ele>
   </trkpt>
   <trkpt lat="51.73313252216316" lon="-1.8791900226534868">
    <ele>121.37</ele>
   </trkpt>
   <trkpt lat="51.73339000000001" lon="-1.8778700000000002">
    <ele>124.76</ele>
   </trkpt>
   <trkpt lat="51.73326" lon="-1.8785200000000002">
    <ele>123.05</ele>
   </trkpt>
   <trkpt lat="51.733090000000004" lon="-1.87847">
    <ele>123.17000000000002</ele>
   </trkpt>
   <trkpt lat="51.73263000000001" lon="-1.87847">
    <ele>122.72000000000001</ele>
   </trkpt>
   <trkpt lat="51.73225000000001" lon="-1.87857">
    <ele>122.49000000000001</ele>
   </trkpt>
   <trkpt lat="51.73189000000001" lon="-1.87874">
    <ele>122.2</ele>
   </trkpt>
   <trkpt lat="51.73167" lon="-1.8787800000000001">
    <ele>122.2</ele>
   </trkpt>
   <trkpt lat="51.73093" lon="-1.8788500000000001">
    <ele>121.32000000000001</ele>
   </trkpt>
   <trkpt lat="51.730540000000005" lon="-1.8788200000000002">
    <ele>120.74000000000001</ele>
   </trkpt>
   <trkpt lat="51.729670000000006" lon="-1.87881">
    <ele>120.46000000000001</ele>
   </trkpt>
   <trkpt lat="51.72916000000001" lon="-1.8786900000000002">
    <ele>120.4</ele>
   </trkpt>
   <trkpt lat="51.72842000000001" lon="-1.87847">
    <ele>119.89000000000001</ele>
   </trkpt>
   <trkpt lat="51.728" lon="-1.87843">
    <ele>119.86</ele>
   </trkpt>
   <trkpt lat="51.727480000070095" lon="-1.878279998267199">
    <ele>119.98</ele>
   </trkpt>
   <trkpt lat="51.726960000000005" lon="-1.87813">
    <ele>120.02000000000001</ele>
   </trkpt>
   <trkpt lat="51.72632" lon="-1.87789">
    <ele>119.51</ele>
   </trkpt>
   <trkpt lat="51.72587500017614" lon="-1.8777549987011022">
    <ele>118.73000000000002</ele>
   </trkpt>
   <trkpt lat="51.72543" lon="-1.87762">
    <ele>118.03</ele>
   </trkpt>
   <trkpt lat="51.724600000054544" lon="-1.8775624968339673">
    <ele>116.26000000000002</ele>
   </trkpt>
   <trkpt lat="51.72377000008103" lon="-1.877504995779292">
    <ele>114.86</ele>
   </trkpt>
   <trkpt lat="51.722940000079454" lon="-1.8774474968358328">
    <ele>113.10000000000001</ele>
   </trkpt>
   <trkpt lat="51.72211" lon="-1.8773900000000001">
    <ele>112.42</ele>
   </trkpt>
   <trkpt lat="51.72169" lon="-1.8773900000000001">
    <ele>111.65</ele>
   </trkpt>
   <trkpt lat="51.72102" lon="-1.87732">
    <ele>109.7</ele>
   </trkpt>
   <trkpt lat="51.720670000000005" lon="-1.87732">
    <ele>108.64000000000001</ele>
   </trkpt>
   <trkpt lat="51.720060000000004" lon="-1.87735">
    <ele>106.76</ele>
   </trkpt>
   <trkpt lat="51.720020000000005" lon="-1.8773300000000002">
    <ele>106.76</ele>
   </trkpt>
   <trkpt lat="51.71994" lon="-1.87684">
    <ele>104.67000000000002</ele>
   </trkpt>
   <trkpt lat="51.719730000000006" lon="-1.8759800000000002">
    <ele>102.72</ele>
   </trkpt>
   <trkpt lat="51.71965" lon="-1.87593">
    <ele>102.51</ele>
   </trkpt>
   <trkpt lat="51.71901000001557" lon="-1.8760850022147075">
    <ele>103.09000000000002</ele>
   </trkpt>
   <trkpt lat="51.71837000000001" lon="-1.8762400000000001">
    <ele>102.8</ele>
   </trkpt>
   <trkpt lat="51.717800000000004" lon="-1.87627">
    <ele>101.66000000000001</ele>
   </trkpt>
   <trkpt lat="51.717510000000004" lon="-1.8762200000000002">
    <ele>101.01</ele>
   </trkpt>
   <trkpt lat="51.71777" lon="-1.87759">
    <ele>100.38000000000001</ele>
   </trkpt>
   <trkpt lat="51.718070000000004" lon="-1.87793">
    <ele>100.74000000000001</ele>
   </trkpt>
   <trkpt lat="51.71811" lon="-1.8780000000000001">
    <ele>100.75</ele>
   </trkpt>
   <trkpt lat="51.71813" lon="-1.8781">
    <ele>100.75</ele>
   </trkpt>
   <trkpt lat="51.71800000399624" lon="-1.8790700027650284">
    <ele>100.72</ele>
   </trkpt>
   <trkpt lat="51.717870000000005" lon="-1.8800400000000002">
    <ele>100.15</ele>
   </trkpt>
   <trkpt lat="51.71777" lon="-1.88067">
    <ele>100.12000000000002</ele>
   </trkpt>
   <trkpt lat="51.717610002642765" lon="-1.8814550026422923">
    <ele>100.34</ele>
   </trkpt>
   <trkpt lat="51.71745000000001" lon="-1.8822400000000001">
    <ele>101.55</ele>
   </trkpt>
   <trkpt lat="51.71723500258297" lon="-1.8830200037049274">
    <ele>104.01</ele>
   </trkpt>
   <trkpt lat="51.717020000000005" lon="-1.8838000000000001">
    <ele>107.60000000000001</ele>
   </trkpt>
   <trkpt lat="51.716910000000006" lon="-1.88464">
    <ele>109.89000000000001</ele>
   </trkpt>
   <trkpt lat="51.716840000000005" lon="-1.8849500000000001">
    <ele>109.87</ele>
   </trkpt>
   <trkpt lat="51.7167" lon="-1.88528">
    <ele>109.63000000000001</ele>
   </trkpt>
   <trkpt lat="51.71654" lon="-1.88549">
    <ele>109.23</ele>
   </trkpt>
   <trkpt lat="51.716150000000006" lon="-1.88579">
    <ele>108.18</ele>
   </trkpt>
   <trkpt lat="51.71576" lon="-1.8862400000000001">
    <ele>106.61000000000001</ele>
   </trkpt>
   <trkpt lat="51.715410000000006" lon="-1.8865">
    <ele>104.99000000000001</ele>
   </trkpt>
   <trkpt lat="51.71537000000001" lon="-1.8867300000000002">
    <ele>105.02</ele>
   </trkpt>
   <trkpt lat="51.71527500687893" lon="-1.8880050029495903">
    <ele>104.28000000000002</ele>
   </trkpt>
   <trkpt lat="51.715180000000004" lon="-1.88928">
    <ele>106.07000000000001</ele>
   </trkpt>
   <trkpt lat="51.71502" lon="-1.8902400000000001">
    <ele>106.39000000000001</ele>
   </trkpt>
   <trkpt lat="51.71495" lon="-1.89047">
    <ele>106.39000000000001</ele>
   </trkpt>
   <trkpt lat="51.71544" lon="-1.89064">
    <ele>107.13</ele>
   </trkpt>
   <trkpt lat="51.71584000000001" lon="-1.8906">
    <ele>107.88</ele>
   </trkpt>
   <trkpt lat="51.715970000000006" lon="-1.8906">
    <ele>108.58000000000001</ele>
   </trkpt>
   <trkpt lat="51.716100000000004" lon="-1.89064">
    <ele>108.58000000000001</ele>
   </trkpt>
   <trkpt lat="51.716190000000005" lon="-1.8907200000000002">
    <ele>108.96000000000001</ele>
   </trkpt>
   <trkpt lat="51.71663" lon="-1.8912900000000001">
    <ele>111.26</ele>
   </trkpt>
   <trkpt lat="51.71694" lon="-1.89145">
    <ele>112.59</ele>
   </trkpt>
   <trkpt lat="51.717310000000005" lon="-1.89148">
    <ele>114.19000000000001</ele>
   </trkpt>
   <trkpt lat="51.717470000000006" lon="-1.89148">
    <ele>114.87</ele>
   </trkpt>
   <trkpt lat="51.71746" lon="-1.89179">
    <ele>115.39</ele>
   </trkpt>
   <trkpt lat="51.717490000000005" lon="-1.8920500000000002">
    <ele>115.80000000000001</ele>
   </trkpt>
   <trkpt lat="51.716860000000004" lon="-1.8926300000000003">
    <ele>114.01</ele>
   </trkpt>
   <trkpt lat="51.71681" lon="-1.89264">
    <ele>114.01</ele>
   </trkpt>
   <trkpt lat="51.716480000000004" lon="-1.89284">
    <ele>112.7</ele>
   </trkpt>
   <trkpt lat="51.716300000000004" lon="-1.89284">
    <ele>112.36000000000001</ele>
   </trkpt>
   <trkpt lat="51.71587" lon="-1.89314">
    <ele>110.14000000000001</ele>
   </trkpt>
   <trkpt lat="51.715540000000004" lon="-1.8933200000000001">
    <ele>109.48</ele>
   </trkpt>
   <trkpt lat="51.715160000000004" lon="-1.89345">
    <ele>107.96000000000001</ele>
   </trkpt>
   <trkpt lat="51.714800000000004" lon="-1.89369">
    <ele>105.96000000000001</ele>
   </trkpt>
   <trkpt lat="51.71475" lon="-1.89379">
    <ele>104.94</ele>
   </trkpt>
   <trkpt lat="51.71432000049187" lon="-1.8941750037833327">
    <ele>102.83</ele>
   </trkpt>
   <trkpt lat="51.713890000000006" lon="-1.8945600000000002">
    <ele>100.60000000000001</ele>
   </trkpt>
   <trkpt lat="51.71437" lon="-1.89528">
    <ele>99.69000000000001</ele>
   </trkpt>
   <trkpt lat="51.714470000000006" lon="-1.8954600000000001">
    <ele>99.32000000000001</ele>
   </trkpt>
   <trkpt lat="51.714650000000006" lon="-1.89592">
    <ele>99.03</ele>
   </trkpt>
   <trkpt lat="51.71470000000001" lon="-1.89633">
    <ele>98.53</ele>
   </trkpt>
   <trkpt lat="51.71468" lon="-1.89664">
    <ele>98.26</ele>
   </trkpt>
   <trkpt lat="51.71455" lon="-1.89697">
    <ele>98.30000000000001</ele>
   </trkpt>
   <trkpt lat="51.714220000000005" lon="-1.89745">
    <ele>97.9</ele>
   </trkpt>
   <trkpt lat="51.714020000000005" lon="-1.89789">
    <ele>98.41000000000001</ele>
   </trkpt>
   <trkpt lat="51.713930000000005" lon="-1.8980000000000001">
    <ele>98.41000000000001</ele>
   </trkpt>
   <trkpt lat="51.713820000000005" lon="-1.8980000000000001">
    <ele>98.78</ele>
   </trkpt>
   <trkpt lat="51.713730000000005" lon="-1.89884">
    <ele>98.92</ele>
   </trkpt>
   <trkpt lat="51.713680000000004" lon="-1.89958">
    <ele>99.64</ele>
   </trkpt>
   <trkpt lat="51.713680000000004" lon="-1.90003">
    <ele>99.74000000000001</ele>
   </trkpt>
   <trkpt lat="51.713710000000006" lon="-1.9005400000000001">
    <ele>99.83</ele>
   </trkpt>
   <trkpt lat="51.71379000338263" lon="-1.9014349982270804">
    <ele>100.29</ele>
   </trkpt>
   <trkpt lat="51.71387000000001" lon="-1.90233">
    <ele>100.35000000000001</ele>
   </trkpt>
   <trkpt lat="51.71397500229374" lon="-1.903059998528299">
    <ele>100.44</ele>
   </trkpt>
   <trkpt lat="51.71408" lon="-1.90379">
    <ele>100.16000000000001</ele>
   </trkpt>
   <trkpt lat="51.71415000277251" lon="-1.904599998607292">
    <ele>99.97</ele>
   </trkpt>
   <trkpt lat="51.714220000000005" lon="-1.90541">
    <ele>100.10000000000001</ele>
   </trkpt>
   <trkpt lat="51.71388" lon="-1.9054300000000002">
    <ele>100.44</ele>
   </trkpt>
   <trkpt lat="51.71328500021346" lon="-1.9056450028222098">
    <ele>103.3</ele>
   </trkpt>
   <trkpt lat="51.71269" lon="-1.90586">
    <ele>105.37</ele>
   </trkpt>
   <trkpt lat="51.711940000025905" lon="-1.9057249977521855">
    <ele>105.81000000000002</ele>
   </trkpt>
   <trkpt lat="51.71119" lon="-1.9055900000000001">
    <ele>107.9</ele>
   </trkpt>
   <trkpt lat="51.71038" lon="-1.9056700000000002">
    <ele>110.09</ele>
   </trkpt>
   <trkpt lat="51.709860000000006" lon="-1.90582">
    <ele>110.02000000000001</ele>
   </trkpt>
   <trkpt lat="51.709245000314574" lon="-1.9060900036686101">
    <ele>109.00000000000001</ele>
   </trkpt>
   <trkpt lat="51.70863000000001" lon="-1.90636">
    <ele>108.63</ele>
   </trkpt>
   <trkpt lat="51.70818500052699" lon="-1.9067000033168988">
    <ele>107.95</ele>
   </trkpt>
   <trkpt lat="51.70774" lon="-1.90704">
    <ele>107.60000000000001</ele>
   </trkpt>
   <trkpt lat="51.70697500121469" lon="-1.907565008847229">
    <ele>107.17000000000002</ele>
   </trkpt>
   <trkpt lat="51.706210000000006" lon="-1.90809">
    <ele>106.59</ele>
   </trkpt>
   <trkpt lat="51.70584" lon="-1.90826">
    <ele>106.41</ele>
   </trkpt>
   <trkpt lat="51.7055" lon="-1.90823">
    <ele>105.83</ele>
   </trkpt>
   <trkpt lat="51.7051" lon="-1.90809">
    <ele>104.64000000000001</ele>
   </trkpt>
   <trkpt lat="51.704570000135874" lon="-1.907819996748603">
    <ele>104.22</ele>
   </trkpt>
   <trkpt lat="51.704040000000006" lon="-1.90755">
    <ele>102.5</ele>
   </trkpt>
   <trkpt lat="51.70353000000001" lon="-1.90704">
    <ele>101.03</ele>
   </trkpt>
   <trkpt lat="51.703300000000006" lon="-1.90674">
    <ele>100.58</ele>
   </trkpt>
   <trkpt lat="51.703190000000006" lon="-1.90643">
    <ele>100.11</ele>
   </trkpt>
   <trkpt lat="51.703030000000005" lon="-1.90575">
    <ele>100.39</ele>
   </trkpt>
   <trkpt lat="51.70295" lon="-1.90562">
    <ele>100.69</ele>
   </trkpt>
   <trkpt lat="51.70286" lon="-1.9055100000000003">
    <ele>100.84000000000002</ele>
   </trkpt>
   <trkpt lat="51.702670000000005" lon="-1.9059000000000001">
    <ele>100.68</ele>
   </trkpt>
   <trkpt lat="51.702490000000004" lon="-1.9063400000000001">
    <ele>100.78</ele>
   </trkpt>
   <trkpt lat="51.702630000000006" lon="-1.9067100000000001">
    <ele>101.13000000000001</ele>
   </trkpt>
   <trkpt lat="51.703030000000005" lon="-1.90799">
    <ele>103.05</ele>
   </trkpt>
   <trkpt lat="51.70317000000001" lon="-1.90846">
    <ele>103.96000000000001</ele>
   </trkpt>
   <trkpt lat="51.70329" lon="-1.90897">
    <ele>104.62</ele>
   </trkpt>
   <trkpt lat="51.703410004578124" lon="-1.9100049975257367">
    <ele>105.95</ele>
   </trkpt>
   <trkpt lat="51.70353000000001" lon="-1.91104">
    <ele>107.09</ele>
   </trkpt>
   <trkpt lat="51.70367500454627" lon="-1.9120749966797537">
    <ele>107.98</ele>
   </trkpt>
   <trkpt lat="51.70382000000001" lon="-1.91311">
    <ele>109.29</ele>
   </trkpt>
   <trkpt lat="51.703900000000004" lon="-1.91419">
    <ele>111.62</ele>
   </trkpt>
   <trkpt lat="51.70424000718016" lon="-1.915494990008107">
    <ele>112.62</ele>
   </trkpt>
   <trkpt lat="51.70458000000001" lon="-1.9168">
    <ele>112.78</ele>
   </trkpt>
   <trkpt lat="51.704640000000005" lon="-1.91728">
    <ele>112.9</ele>
   </trkpt>
   <trkpt lat="51.704640000000005" lon="-1.91779">
    <ele>113.27000000000001</ele>
   </trkpt>
   <trkpt lat="51.704620000000006" lon="-1.91802">
    <ele>113.27000000000001</ele>
   </trkpt>
   <trkpt lat="51.704460000000005" lon="-1.91863">
    <ele>114.66000000000001</ele>
   </trkpt>
   <trkpt lat="51.704330000000006" lon="-1.91928">
    <ele>115.31</ele>
   </trkpt>
   <trkpt lat="51.70422000000001" lon="-1.92002">
    <ele>116.57000000000001</ele>
   </trkpt>
   <trkpt lat="51.70418" lon="-1.92057">
    <ele>117.33</ele>
   </trkpt>
   <trkpt lat="51.704170005612326" lon="-1.921720000355511">
    <ele>118.26</ele>
   </trkpt>
   <trkpt lat="51.70416" lon="-1.92287">
    <ele>118.68</ele>
   </trkpt>
   <trkpt lat="51.70420000000001" lon="-1.92362">
    <ele>118.78</ele>
   </trkpt>
   <trkpt lat="51.70425" lon="-1.92402">
    <ele>118.86</ele>
   </trkpt>
   <trkpt lat="51.704260000000005" lon="-1.9245100000000002">
    <ele>118.75</ele>
   </trkpt>
   <trkpt lat="51.70425" lon="-1.92463">
    <ele>118.69</ele>
   </trkpt>
   <trkpt lat="51.70436" lon="-1.92473">
    <ele>118.55000000000001</ele>
   </trkpt>
   <trkpt lat="51.704860000000004" lon="-1.92504">
    <ele>118.60000000000001</ele>
   </trkpt>
   <trkpt lat="51.70525000000001" lon="-1.92538">
    <ele>118.79</ele>
   </trkpt>
   <trkpt lat="51.705470000000005" lon="-1.92565">
    <ele>118.87</ele>
   </trkpt>
   <trkpt lat="51.70619000000001" lon="-1.92636">
    <ele>119.27000000000001</ele>
   </trkpt>
   <trkpt lat="51.7066100006674" lon="-1.9267349965814655">
    <ele>119.47</ele>
   </trkpt>
   <trkpt lat="51.70703" lon="-1.92711">
    <ele>119.69</ele>
   </trkpt>
   <trkpt lat="51.70779" lon="-1.92775">
    <ele>120.43</ele>
   </trkpt>
   <trkpt lat="51.70837" lon="-1.9281700000000002">
    <ele>120.73</ele>
   </trkpt>
   <trkpt lat="51.709000002039495" lon="-1.9286633195710152">
    <ele>121.25000000000001</ele>
   </trkpt>
   <trkpt lat="51.70963000201315" lon="-1.9291566528834723">
    <ele>122.15</ele>
   </trkpt>
   <trkpt lat="51.710260000000005" lon="-1.92965">
    <ele>122.63000000000001</ele>
   </trkpt>
   <trkpt lat="51.71077000085592" lon="-1.9301049948494986">
    <ele>123.01</ele>
   </trkpt>
   <trkpt lat="51.71128" lon="-1.93056">
    <ele>123.47000000000001</ele>
   </trkpt>
   <trkpt lat="51.71134000000001" lon="-1.9305700000000001">
    <ele>123.47000000000001</ele>
   </trkpt>
   <trkpt lat="51.71141" lon="-1.93053">
    <ele>123.49000000000001</ele>
   </trkpt>
   <trkpt lat="51.711670000000005" lon="-1.93029">
    <ele>123.77</ele>
   </trkpt>
   <trkpt lat="51.711740000000006" lon="-1.93026">
    <ele>123.92000000000002</ele>
   </trkpt>
   <trkpt lat="51.71182" lon="-1.93026">
    <ele>124.10000000000001</ele>
   </trkpt>
   <trkpt lat="51.71186" lon="-1.93033">
    <ele>124.87</ele>
   </trkpt>
   <trkpt lat="51.711870000000005" lon="-1.93043">
    <ele>124.87</ele>
   </trkpt>
   <trkpt lat="51.71188" lon="-1.9304500000000002">
    <ele>124.87</ele>
   </trkpt>
   <trkpt lat="51.71166" lon="-1.9305700000000001">
    <ele>125.26</ele>
   </trkpt>
   <trkpt lat="51.71153" lon="-1.9307">
    <ele>125.62</ele>
   </trkpt>
   <trkpt lat="51.71105000000001" lon="-1.93131">
    <ele>125.79</ele>
   </trkpt>
   <trkpt lat="51.710840000000005" lon="-1.93151">
    <ele>124.92000000000002</ele>
   </trkpt>
   <trkpt lat="51.710200000027164" lon="-1.9316150014888653">
    <ele>123.66</ele>
   </trkpt>
   <trkpt lat="51.70956" lon="-1.93172">
    <ele>122.93</ele>
   </trkpt>
   <trkpt lat="51.70882" lon="-1.93206">
    <ele>122.07000000000001</ele>
   </trkpt>
   <trkpt lat="51.70839" lon="-1.93222">
    <ele>121.72000000000001</ele>
   </trkpt>
   <trkpt lat="51.708040000000004" lon="-1.9323000000000001">
    <ele>121.34</ele>
   </trkpt>
   <trkpt lat="51.70738000000001" lon="-1.9323200000000003">
    <ele>120.18</ele>
   </trkpt>
   <trkpt lat="51.70703" lon="-1.9328100000000001">
    <ele>118.91000000000001</ele>
   </trkpt>
   <trkpt lat="51.70691000000001" lon="-1.93307">
    <ele>118.17</ele>
   </trkpt>
   <trkpt lat="51.70682000000001" lon="-1.93334">
    <ele>117.95000000000002</ele>
   </trkpt>
   <trkpt lat="51.70667" lon="-1.9339100000000002">
    <ele>116.91000000000001</ele>
   </trkpt>
   <trkpt lat="51.7064" lon="-1.9346700000000001">
    <ele>116.04</ele>
   </trkpt>
   <trkpt lat="51.706300000000006" lon="-1.935">
    <ele>115.31</ele>
   </trkpt>
   <trkpt lat="51.7062" lon="-1.9354000000000002">
    <ele>114.48</ele>
   </trkpt>
   <trkpt lat="51.706015004981964" lon="-1.9364850045223094">
    <ele>113.12</ele>
   </trkpt>
   <trkpt lat="51.705830000000006" lon="-1.9375700000000002">
    <ele>112.96000000000001</ele>
   </trkpt>
   <trkpt lat="51.70571" lon="-1.93863">
    <ele>112.80000000000001</ele>
   </trkpt>
   <trkpt lat="51.705540003089915" lon="-1.9394800030771187">
    <ele>112.45</ele>
   </trkpt>
   <trkpt lat="51.70537" lon="-1.94033">
    <ele>111.78</ele>
   </trkpt>
   <trkpt lat="51.70522500464526" lon="-1.9413750032749661">
    <ele>110.93</ele>
   </trkpt>
   <trkpt lat="51.70508" lon="-1.9424200000000003">
    <ele>109.54</ele>
   </trkpt>
   <trkpt lat="51.70487000403948" lon="-1.9433900042902836">
    <ele>108.23</ele>
   </trkpt>
   <trkpt lat="51.704660000000004" lon="-1.94436">
    <ele>106.91</ele>
   </trkpt>
   <trkpt lat="51.70403" lon="-1.9448900000000002">
    <ele>105.77</ele>
   </trkpt>
   <trkpt lat="51.70384000000001" lon="-1.9449400000000001">
    <ele>105.71000000000001</ele>
   </trkpt>
   <trkpt lat="51.703700000000005" lon="-1.9446700000000001">
    <ele>105.78000000000002</ele>
   </trkpt>
   <trkpt lat="51.70351" lon="-1.9449200000000002">
    <ele>105.50000000000001</ele>
   </trkpt>
   <trkpt lat="51.703520000000005" lon="-1.94514">
    <ele>105.28000000000002</ele>
   </trkpt>
   <trkpt lat="51.70347" lon="-1.9452900000000002">
    <ele>105.00000000000001</ele>
   </trkpt>
   <trkpt lat="51.70338" lon="-1.94538">
    <ele>104.64000000000001</ele>
   </trkpt>
   <trkpt lat="51.702650000000006" lon="-1.94565">
    <ele>103.35000000000001</ele>
   </trkpt>
   <trkpt lat="51.70194000000001" lon="-1.94568">
    <ele>102.97</ele>
   </trkpt>
   <trkpt lat="51.701690000000006" lon="-1.94561">
    <ele>102.68</ele>
   </trkpt>
   <trkpt lat="51.70102000000001" lon="-1.9452000000000003">
    <ele>102.73</ele>
   </trkpt>
   <trkpt lat="51.70054000013667" lon="-1.944964997459255">
    <ele>102.9</ele>
   </trkpt>
   <trkpt lat="51.70006000000001" lon="-1.94473">
    <ele>103.09000000000002</ele>
   </trkpt>
   <trkpt lat="51.6995250006547" lon="-1.9443199951074497">
    <ele>103.25</ele>
   </trkpt>
   <trkpt lat="51.69899" lon="-1.9439100000000002">
    <ele>102.60000000000001</ele>
   </trkpt>
   <trkpt lat="51.699000000000005" lon="-1.9446">
    <ele>101.64</ele>
   </trkpt>
   <trkpt lat="51.699070000000006" lon="-1.9450800000000001">
    <ele>101.60000000000001</ele>
   </trkpt>
   <trkpt lat="51.69908" lon="-1.9453500000000001">
    <ele>101.68</ele>
   </trkpt>
   <trkpt lat="51.699070000000006" lon="-1.9456200000000001">
    <ele>101.47</ele>
   </trkpt>
   <trkpt lat="51.69901" lon="-1.94619">
    <ele>101.24000000000001</ele>
   </trkpt>
   <trkpt lat="51.698980000000006" lon="-1.94748">
    <ele>101.01</ele>
   </trkpt>
   <trkpt lat="51.69896000000001" lon="-1.94765">
    <ele>100.92</ele>
   </trkpt>
   <trkpt lat="51.698910000000005" lon="-1.94782">
    <ele>100.92</ele>
   </trkpt>
   <trkpt lat="51.69858500171737" lon="-1.9484650047286474">
    <ele>100.83</ele>
   </trkpt>
   <trkpt lat="51.698260000000005" lon="-1.9491100000000001">
    <ele>100.72</ele>
   </trkpt>
   <trkpt lat="51.698150000000005" lon="-1.9493900000000002">
    <ele>100.76</ele>
   </trkpt>
   <trkpt lat="51.698100000000004" lon="-1.94961">
    <ele>100.71000000000001</ele>
   </trkpt>
   <trkpt lat="51.69809000000001" lon="-1.9498600000000001">
    <ele>100.71000000000001</ele>
   </trkpt>
   <trkpt lat="51.69809000000001" lon="-1.94985">
    <ele>100.71000000000001</ele>
   </trkpt>
   <trkpt lat="51.698130000000006" lon="-1.95107">
    <ele>100.78</ele>
   </trkpt>
   <trkpt lat="51.69832" lon="-1.9511100000000001">
    <ele>100.56</ele>
   </trkpt>
   <trkpt lat="51.6985" lon="-1.95124">
    <ele>100.56</ele>
   </trkpt>
   <trkpt lat="51.699070000000006" lon="-1.95188">
    <ele>100.74000000000001</ele>
   </trkpt>
   <trkpt lat="51.69933" lon="-1.95222">
    <ele>100.81</ele>
   </trkpt>
   <trkpt lat="51.69946" lon="-1.9523300000000001">
    <ele>100.92</ele>
   </trkpt>
   <trkpt lat="51.69966" lon="-1.95243">
    <ele>101.22</ele>
   </trkpt>
   <trkpt lat="51.70027" lon="-1.95266">
    <ele>101.62</ele>
   </trkpt>
   <trkpt lat="51.700480000000006" lon="-1.9527">
    <ele>101.65</ele>
   </trkpt>
   <trkpt lat="51.70091000000001" lon="-1.9527">
    <ele>101.85000000000001</ele>
   </trkpt>
   <trkpt lat="51.70125" lon="-1.95253">
    <ele>101.98000000000002</ele>
   </trkpt>
   <trkpt lat="51.701530000000005" lon="-1.95232">
    <ele>102.02000000000001</ele>
   </trkpt>
   <trkpt lat="51.701730000000005" lon="-1.95219">
    <ele>102.19</ele>
   </trkpt>
   <trkpt lat="51.70217" lon="-1.9519900000000001">
    <ele>102.47</ele>
   </trkpt>
   <trkpt lat="51.70232000000001" lon="-1.9519600000000001">
    <ele>102.83</ele>
   </trkpt>
   <trkpt lat="51.70255" lon="-1.9519900000000001">
    <ele>103.14</ele>
   </trkpt>
   <trkpt lat="51.70277" lon="-1.95205">
    <ele>103.22</ele>
   </trkpt>
   <trkpt lat="51.70299000000001" lon="-1.95222">
    <ele>103.35000000000001</ele>
   </trkpt>
   <trkpt lat="51.703160000000004" lon="-1.95236">
    <ele>103.41</ele>
   </trkpt>
   <trkpt lat="51.70347" lon="-1.9528100000000002">
    <ele>103.74000000000001</ele>
   </trkpt>
   <trkpt lat="51.70411000000001" lon="-1.9537700000000002">
    <ele>104.04</ele>
   </trkpt>
   <trkpt lat="51.704630002679494" lon="-1.9545699907482068">
    <ele>104.20000000000002</ele>
   </trkpt>
   <trkpt lat="51.70515" lon="-1.95537">
    <ele>104.07000000000001</ele>
   </trkpt>
   <trkpt lat="51.705310000000004" lon="-1.95565">
    <ele>104.04</ele>
   </trkpt>
   <trkpt lat="51.70541000000001" lon="-1.95588">
    <ele>104.06000000000002</ele>
   </trkpt>
   <trkpt lat="51.705490000000005" lon="-1.9561100000000002">
    <ele>104.11</ele>
   </trkpt>
   <trkpt lat="51.705670000000005" lon="-1.9570100000000001">
    <ele>104.49000000000001</ele>
   </trkpt>
   <trkpt lat="51.70579000000001" lon="-1.95727">
    <ele>104.49000000000001</ele>
   </trkpt>
   <trkpt lat="51.705870000000004" lon="-1.95734">
    <ele>104.52</ele>
   </trkpt>
   <trkpt lat="51.70595" lon="-1.9573800000000001">
    <ele>104.52</ele>
   </trkpt>
   <trkpt lat="51.70628000000001" lon="-1.95744">
    <ele>104.51</ele>
   </trkpt>
   <trkpt lat="51.70653" lon="-1.9573800000000001">
    <ele>104.55</ele>
   </trkpt>
   <trkpt lat="51.706900000000005" lon="-1.95727">
    <ele>104.66</ele>
   </trkpt>
   <trkpt lat="51.70694" lon="-1.95727">
    <ele>104.66</ele>
   </trkpt>
   <trkpt lat="51.70696" lon="-1.9573000000000003">
    <ele>104.66</ele>
   </trkpt>
   <trkpt lat="51.70705" lon="-1.95724">
    <ele>104.68</ele>
   </trkpt>
   <trkpt lat="51.707370000000004" lon="-1.9571300000000003">
    <ele>104.70000000000002</ele>
   </trkpt>
   <trkpt lat="51.707420000000006" lon="-1.9581400000000002">
    <ele>106.75000000000001</ele>
   </trkpt>
   <trkpt lat="51.70745" lon="-1.9582600000000001">
    <ele>107.69000000000001</ele>
   </trkpt>
   <trkpt lat="51.707980000000006" lon="-1.95893">
    <ele>108.11000000000001</ele>
   </trkpt>
   <trkpt lat="51.70797" lon="-1.9591100000000001">
    <ele>107.76</ele>
   </trkpt>
   <trkpt lat="51.708200000000005" lon="-1.9591300000000003">
    <ele>108.13</ele>
   </trkpt>
   <trkpt lat="51.708220000000004" lon="-1.95914">
    <ele>108.13</ele>
   </trkpt>
   <trkpt lat="51.708310000000004" lon="-1.9595500000000001">
    <ele>109.52000000000001</ele>
   </trkpt>
   <trkpt lat="51.70837" lon="-1.9595500000000001">
    <ele>109.39000000000001</ele>
   </trkpt>
   <trkpt lat="51.708740000000006" lon="-1.95975">
    <ele>108.38</ele>
   </trkpt>
   <trkpt lat="51.7092" lon="-1.9594300000000002">
    <ele>106.62</ele>
   </trkpt>
   <trkpt lat="51.70935000000001" lon="-1.95937">
    <ele>106.27</ele>
   </trkpt>
   <trkpt lat="51.70942" lon="-1.95944">
    <ele>106.27</ele>
   </trkpt>
   <trkpt lat="51.70946000000001" lon="-1.9595200000000002">
    <ele>106.27</ele>
   </trkpt>
   <trkpt lat="51.7096" lon="-1.9599300000000002">
    <ele>106.36000000000001</ele>
   </trkpt>
   <trkpt lat="51.70985" lon="-1.96056">
    <ele>106.39000000000001</ele>
   </trkpt>
   <trkpt lat="51.71008500247336" lon="-1.961324995991648">
    <ele>106.45</ele>
   </trkpt>
   <trkpt lat="51.71032" lon="-1.9620900000000001">
    <ele>106.72000000000001</ele>
   </trkpt>
   <trkpt lat="51.71038" lon="-1.9622000000000002">
    <ele>106.72000000000001</ele>
   </trkpt>
   <trkpt lat="51.71058000000001" lon="-1.96249">
    <ele>106.72000000000001</ele>
   </trkpt>
   <trkpt lat="51.71107000000001" lon="-1.9629800000000002">
    <ele>107.26</ele>
   </trkpt>
   <trkpt lat="51.71156000141237" lon="-1.9635449939454985">
    <ele>107.56</ele>
   </trkpt>
   <trkpt lat="51.712050000000005" lon="-1.9641100000000002">
    <ele>107.96000000000001</ele>
   </trkpt>
   <trkpt lat="51.71256000185479" lon="-1.9647599927492312">
    <ele>108.77000000000001</ele>
   </trkpt>
   <trkpt lat="51.71307" lon="-1.96541">
    <ele>109.32000000000001</ele>
   </trkpt>
   <trkpt lat="51.71334" lon="-1.96483">
    <ele>109.55000000000001</ele>
   </trkpt>
   <trkpt lat="51.713800000000006" lon="-1.96392">
    <ele>109.97000000000001</ele>
   </trkpt>
   <trkpt lat="51.71441667089442" lon="-1.9646299805791905">
    <ele>109.73</ele>
   </trkpt>
   <trkpt lat="51.715033337510135" lon="-1.9653399805201661">
    <ele>111.56</ele>
   </trkpt>
   <trkpt lat="51.715650000000004" lon="-1.96605">
    <ele>111.56</ele>
   </trkpt>
   <trkpt lat="51.71575000000001" lon="-1.96605">
    <ele>111.60000000000001</ele>
   </trkpt>
   <trkpt lat="51.716120000000004" lon="-1.9657300000000002">
    <ele>111.25000000000001</ele>
   </trkpt>
   <trkpt lat="51.716170000000005" lon="-1.9657200000000001">
    <ele>111.25000000000001</ele>
   </trkpt>
   <trkpt lat="51.71622000000001" lon="-1.96575">
    <ele>111.16000000000001</ele>
   </trkpt>
   <trkpt lat="51.71631000000001" lon="-1.9658600000000002">
    <ele>111.16000000000001</ele>
   </trkpt>
   <trkpt lat="51.71638" lon="-1.9659000000000002">
    <ele>111.11000000000001</ele>
   </trkpt>
   <trkpt lat="51.71642000000001" lon="-1.9658900000000001">
    <ele>111.11000000000001</ele>
   </trkpt>
   <trkpt lat="51.716750000000005" lon="-1.9656200000000001">
    <ele>110.69000000000001</ele>
   </trkpt>
   <trkpt lat="51.71692" lon="-1.9663500000000003">
    <ele>110.95</ele>
   </trkpt>
   <trkpt lat="51.716950000000004" lon="-1.9667000000000001">
    <ele>111.41000000000001</ele>
   </trkpt>
   <trkpt lat="51.7171" lon="-1.9674900000000002">
    <ele>111.68</ele>
   </trkpt>
   <trkpt lat="51.717110000000005" lon="-1.96764">
    <ele>111.68</ele>
   </trkpt>
   <trkpt lat="51.71708" lon="-1.9679000000000002">
    <ele>112.21000000000001</ele>
   </trkpt>
   <trkpt lat="51.71698000000001" lon="-1.96839">
    <ele>112.32000000000001</ele>
   </trkpt>
   <trkpt lat="51.7169" lon="-1.9683500000000003">
    <ele>112.32000000000001</ele>
   </trkpt>
   <trkpt lat="51.71623" lon="-1.9678600000000002">
    <ele>112.02000000000001</ele>
   </trkpt>
   <trkpt lat="51.71638" lon="-1.96737">
    <ele>112.05000000000001</ele>
   </trkpt>
   <trkpt lat="51.71636" lon="-1.9672600000000002">
    <ele>112.17</ele>
   </trkpt>
   <trkpt lat="51.716120000000004" lon="-1.967">
    <ele>112.18</ele>
   </trkpt>
   <trkpt lat="51.715880000000006" lon="-1.96676">
    <ele>112.06</ele>
   </trkpt>
   <trkpt lat="51.71584000000001" lon="-1.9666700000000001">
    <ele>111.71000000000001</ele>
   </trkpt>
   <trkpt lat="51.715720000000005" lon="-1.96629">
    <ele>111.61000000000001</ele>
   </trkpt>
   <trkpt lat="51.715700000000005" lon="-1.9660600000000001">
    <ele>111.60000000000001</ele>
   </trkpt>
   <trkpt lat="51.71575000000001" lon="-1.96605">
    <ele>111.60000000000001</ele>
   </trkpt>
   <trkpt lat="51.716120000000004" lon="-1.9657300000000002">
    <ele>111.25000000000001</ele>
   </trkpt>
   <trkpt lat="51.716170000000005" lon="-1.9657200000000001">
    <ele>111.25000000000001</ele>
   </trkpt>
   <trkpt lat="51.71622000000001" lon="-1.96575">
    <ele>111.16000000000001</ele>
   </trkpt>
   <trkpt lat="51.71631000000001" lon="-1.9658600000000002">
    <ele>111.11000000000001</ele>
   </trkpt>
   <trkpt lat="51.71638" lon="-1.9659000000000002">
    <ele>111.11000000000001</ele>
   </trkpt>
   <trkpt lat="51.71642000000001" lon="-1.9658900000000001">
    <ele>110.91000000000001</ele>
   </trkpt>
   <trkpt lat="51.716750000000005" lon="-1.9656200000000001">
    <ele>110.69000000000001</ele>
   </trkpt>
   <trkpt lat="51.71692" lon="-1.9663500000000003">
    <ele>110.95</ele>
   </trkpt>
   <trkpt lat="51.716950000000004" lon="-1.9667000000000001">
    <ele>111.41000000000001</ele>
   </trkpt>
   <trkpt lat="51.7171" lon="-1.9674900000000002">
    <ele>111.68</ele>
   </trkpt>
   <trkpt lat="51.717110000000005" lon="-1.96764">
    <ele>111.68</ele>
   </trkpt>
   <trkpt lat="51.71708" lon="-1.9679000000000002">
    <ele>112.21000000000001</ele>
   </trkpt>
   <trkpt lat="51.71698000000001" lon="-1.96839">
    <ele>112.32000000000001</ele>
   </trkpt>
   <trkpt lat="51.717060000000004" lon="-1.9684300000000001">
    <ele>112.24000000000001</ele>
   </trkpt>
   <trkpt lat="51.71721" lon="-1.96859">
    <ele>112.01</ele>
   </trkpt>
   <trkpt lat="51.717380000000006" lon="-1.96866">
    <ele>111.89</ele>
   </trkpt>
   <trkpt lat="51.71744" lon="-1.9686500000000002">
    <ele>111.89</ele>
   </trkpt>
   <trkpt lat="51.717600000000004" lon="-1.9685300000000001">
    <ele>111.77000000000001</ele>
   </trkpt>
   <trkpt lat="51.71781000000001" lon="-1.96849">
    <ele>111.65</ele>
   </trkpt>
   <trkpt lat="51.71792000000001" lon="-1.9685000000000001">
    <ele>111.39</ele>
   </trkpt>
   <trkpt lat="51.71797" lon="-1.9685400000000002">
    <ele>111.39</ele>
   </trkpt>
   <trkpt lat="51.718230000000005" lon="-1.9688">
    <ele>111.22000000000001</ele>
   </trkpt>
   <trkpt lat="51.718520000000005" lon="-1.9691600000000002">
    <ele>111.22000000000001</ele>
   </trkpt>
   <trkpt lat="51.71884000000001" lon="-1.96964">
    <ele>111.01</ele>
   </trkpt>
   <trkpt lat="51.71932" lon="-1.97012">
    <ele>110.88000000000001</ele>
   </trkpt>
  </trkseg>
 </trk>
</gpx>
