<?xml version="1.0" encoding="UTF-8"?>
<gpx creator="StravaGPX" version="1.1" xmlns="http://www.topografix.com/GPX/1/1" xmlns:xsi="http://www.w3.org/2001/XMLSchema-instance" xsi:schemaLocation="http://www.topografix.com/GPX/1/1 http://www.topografix.com/GPX/1/1/gpx.xsd">
 <metadata>
  <name>WCC - Day out in the Chilterns To Spire and Spoke for lunch</name>
  <author>
   <name>Andy Gundry</name>
   <link href="https://www.strava.com/athletes/25556211"/>
  </author>
  <copyright author="OpenStreetMap contributors">
   <year>2020</year>
   <license>https://www.openstreetmap.org/copyright</license>
  </copyright>
  <link href="https://www.strava.com/routes/3511672717999557394"/>
 </metadata>
 <wpt lat="51.64413870239395" lon="-1.0021311354705464">
  <name>The Spire and Spoke</name>
  <desc></desc>
  <sym>Restaurant</sym>
  <type>Restaurant</type>
 </wpt>
 <trk>
  <name>WCC - Day out in the Chilterns To Spire and Spoke for lunch</name>
  <link href="https://www.strava.com/routes/3511672717999557394"/>
  <type>gravel_biking</type>
  <trkseg>
   <trkpt lat="51.460550000000005" lon="-0.97111">
    <ele>38.3</ele>
   </trkpt>
   <trkpt lat="51.46052" lon="-0.97101">
    <ele>38.27</ele>
   </trkpt>
   <trkpt lat="51.46052" lon="-0.9709500000000001">
    <ele>38.27</ele>
   </trkpt>
   <trkpt lat="51.46060000000001" lon="-0.9708800000000001">
    <ele>38.3</ele>
   </trkpt>
   <trkpt lat="51.460620000000006" lon="-0.97089">
    <ele>38.3</ele>
   </trkpt>
   <trkpt lat="51.46058000000001" lon="-0.97079">
    <ele>38.27</ele>
   </trkpt>
   <trkpt lat="51.4607" lon="-0.97067">
    <ele>38.27</ele>
   </trkpt>
   <trkpt lat="51.460660000000004" lon="-0.9705300000000001">
    <ele>38.36000000000001</ele>
   </trkpt>
   <trkpt lat="51.460730000000005" lon="-0.97045">
    <ele>38.540000000000006</ele>
   </trkpt>
   <trkpt lat="51.460750000000004" lon="-0.9703600000000001">
    <ele>38.540000000000006</ele>
   </trkpt>
   <trkpt lat="51.46081" lon="-0.9703200000000001">
    <ele>38.63</ele>
   </trkpt>
   <trkpt lat="51.46087000000001" lon="-0.9703200000000001">
    <ele>38.63</ele>
   </trkpt>
   <trkpt lat="51.461130000000004" lon="-0.9703600000000001">
    <ele>38.52</ele>
   </trkpt>
   <trkpt lat="51.46125000000001" lon="-0.9702600000000001">
    <ele>38.36000000000001</ele>
   </trkpt>
   <trkpt lat="51.46123000000001" lon="-0.97018">
    <ele>38.330000000000005</ele>
   </trkpt>
   <trkpt lat="51.46128" lon="-0.96989">
    <ele>37.99</ele>
   </trkpt>
   <trkpt lat="51.46134000000001" lon="-0.9697300000000001">
    <ele>37.73</ele>
   </trkpt>
   <trkpt lat="51.46116000000001" lon="-0.9694">
    <ele>37.720000000000006</ele>
   </trkpt>
   <trkpt lat="51.46088" lon="-0.96862">
    <ele>37.8</ele>
   </trkpt>
   <trkpt lat="51.46069000000001" lon="-0.9681600000000001">
    <ele>37.660000000000004</ele>
   </trkpt>
   <trkpt lat="51.46065" lon="-0.9679400000000001">
    <ele>37.58</ele>
   </trkpt>
   <trkpt lat="51.460660000000004" lon="-0.9678500000000001">
    <ele>37.52</ele>
   </trkpt>
   <trkpt lat="51.46063" lon="-0.96752">
    <ele>37.46</ele>
   </trkpt>
   <trkpt lat="51.46047" lon="-0.9675500000000001">
    <ele>37.790000000000006</ele>
   </trkpt>
   <trkpt lat="51.46041" lon="-0.9674">
    <ele>37.4</ele>
   </trkpt>
   <trkpt lat="51.46034" lon="-0.9674200000000001">
    <ele>37.69</ele>
   </trkpt>
   <trkpt lat="51.460240000000006" lon="-0.96674">
    <ele>37.63</ele>
   </trkpt>
   <trkpt lat="51.46016" lon="-0.96674">
    <ele>37.7</ele>
   </trkpt>
   <trkpt lat="51.459920000000004" lon="-0.9664300000000001">
    <ele>37.31</ele>
   </trkpt>
   <trkpt lat="51.45989" lon="-0.96647">
    <ele>37.32000000000001</ele>
   </trkpt>
   <trkpt lat="51.459860000000006" lon="-0.9662000000000001">
    <ele>37.6</ele>
   </trkpt>
   <trkpt lat="51.459790000000005" lon="-0.9659800000000001">
    <ele>37.6</ele>
   </trkpt>
   <trkpt lat="51.45971" lon="-0.9660400000000001">
    <ele>37.67</ele>
   </trkpt>
   <trkpt lat="51.45965" lon="-0.9653900000000001">
    <ele>37.62</ele>
   </trkpt>
   <trkpt lat="51.45965" lon="-0.9653">
    <ele>37.58</ele>
   </trkpt>
   <trkpt lat="51.459480000000006" lon="-0.96528">
    <ele>37.540000000000006</ele>
   </trkpt>
   <trkpt lat="51.459410000000005" lon="-0.9643200000000001">
    <ele>37.660000000000004</ele>
   </trkpt>
   <trkpt lat="51.459300000000006" lon="-0.9643400000000001">
    <ele>37.660000000000004</ele>
   </trkpt>
   <trkpt lat="51.45924001211833" lon="-0.9631466636429248">
    <ele>37.67</ele>
   </trkpt>
   <trkpt lat="51.45918001212402" lon="-0.9619533304230176">
    <ele>37.22</ele>
   </trkpt>
   <trkpt lat="51.459120000000006" lon="-0.9607600000000001">
    <ele>36.99</ele>
   </trkpt>
   <trkpt lat="51.45906" lon="-0.95998">
    <ele>36.95</ele>
   </trkpt>
   <trkpt lat="51.459" lon="-0.9594">
    <ele>37.12</ele>
   </trkpt>
   <trkpt lat="51.45897" lon="-0.9582100000000001">
    <ele>37.290000000000006</ele>
   </trkpt>
   <trkpt lat="51.45899000000001" lon="-0.9576700000000001">
    <ele>37.42</ele>
   </trkpt>
   <trkpt lat="51.45895" lon="-0.9576100000000001">
    <ele>37.42</ele>
   </trkpt>
   <trkpt lat="51.458960000000005" lon="-0.9572200000000001">
    <ele>37.3</ele>
   </trkpt>
   <trkpt lat="51.45902" lon="-0.95664">
    <ele>37.38</ele>
   </trkpt>
   <trkpt lat="51.459030000000006" lon="-0.9562700000000001">
    <ele>37.18000000000001</ele>
   </trkpt>
   <trkpt lat="51.459120000000006" lon="-0.9555500000000001">
    <ele>37.56</ele>
   </trkpt>
   <trkpt lat="51.45919000000001" lon="-0.9555400000000001">
    <ele>37.53</ele>
   </trkpt>
   <trkpt lat="51.45926000000001" lon="-0.9554">
    <ele>37.61000000000001</ele>
   </trkpt>
   <trkpt lat="51.45935000000001" lon="-0.95547">
    <ele>37.61000000000001</ele>
   </trkpt>
   <trkpt lat="51.45957000000001" lon="-0.9554400000000001">
    <ele>37.720000000000006</ele>
   </trkpt>
   <trkpt lat="51.45957000000001" lon="-0.9552900000000001">
    <ele>37.900000000000006</ele>
   </trkpt>
   <trkpt lat="51.459610000000005" lon="-0.9553">
    <ele>37.900000000000006</ele>
   </trkpt>
   <trkpt lat="51.45964000000001" lon="-0.9552200000000001">
    <ele>37.900000000000006</ele>
   </trkpt>
   <trkpt lat="51.45964000000001" lon="-0.9548700000000001">
    <ele>37.71</ele>
   </trkpt>
   <trkpt lat="51.459630000000004" lon="-0.9546100000000001">
    <ele>37.61000000000001</ele>
   </trkpt>
   <trkpt lat="51.459360000000004" lon="-0.9534900000000001">
    <ele>37.7</ele>
   </trkpt>
   <trkpt lat="51.45946000000001" lon="-0.9534300000000001">
    <ele>37.64</ele>
   </trkpt>
   <trkpt lat="51.45926000000001" lon="-0.95274">
    <ele>37.660000000000004</ele>
   </trkpt>
   <trkpt lat="51.4596" lon="-0.9524900000000001">
    <ele>37.46</ele>
   </trkpt>
   <trkpt lat="51.459540000000004" lon="-0.9522900000000001">
    <ele>37.51</ele>
   </trkpt>
   <trkpt lat="51.459630000000004" lon="-0.95215">
    <ele>37.52</ele>
   </trkpt>
   <trkpt lat="51.45962" lon="-0.9519700000000001">
    <ele>37.49</ele>
   </trkpt>
   <trkpt lat="51.45965" lon="-0.9518200000000001">
    <ele>37.34</ele>
   </trkpt>
   <trkpt lat="51.459500000000006" lon="-0.9516600000000001">
    <ele>37.59</ele>
   </trkpt>
   <trkpt lat="51.45944" lon="-0.95157">
    <ele>37.59</ele>
   </trkpt>
   <trkpt lat="51.45926000000001" lon="-0.95098">
    <ele>37.34</ele>
   </trkpt>
   <trkpt lat="51.459010000000006" lon="-0.95052">
    <ele>37.55</ele>
   </trkpt>
   <trkpt lat="51.458960000000005" lon="-0.95032">
    <ele>37.470000000000006</ele>
   </trkpt>
   <trkpt lat="51.458960000000005" lon="-0.9498900000000001">
    <ele>36.800000000000004</ele>
   </trkpt>
   <trkpt lat="51.45873" lon="-0.9499500000000001">
    <ele>39.81</ele>
   </trkpt>
   <trkpt lat="51.45870000000001" lon="-0.9499500000000001">
    <ele>40.269999999999996</ele>
   </trkpt>
   <trkpt lat="51.458670000000005" lon="-0.94991">
    <ele>40.269999999999996</ele>
   </trkpt>
   <trkpt lat="51.45866" lon="-0.94971">
    <ele>41.11</ele>
   </trkpt>
   <trkpt lat="51.45868" lon="-0.94957">
    <ele>39.64</ele>
   </trkpt>
   <trkpt lat="51.459" lon="-0.9491900000000001">
    <ele>36.33</ele>
   </trkpt>
   <trkpt lat="51.45906" lon="-0.94903">
    <ele>36.36</ele>
   </trkpt>
   <trkpt lat="51.45909" lon="-0.9486100000000001">
    <ele>36.36</ele>
   </trkpt>
   <trkpt lat="51.45906500267333" lon="-0.9478200001708342">
    <ele>36.18</ele>
   </trkpt>
   <trkpt lat="51.45904" lon="-0.94703">
    <ele>36.21000000000001</ele>
   </trkpt>
   <trkpt lat="51.45908000000001" lon="-0.9463900000000001">
    <ele>36.25000000000001</ele>
   </trkpt>
   <trkpt lat="51.459160000000004" lon="-0.94586">
    <ele>36.33</ele>
   </trkpt>
   <trkpt lat="51.459415002428464" lon="-0.9451000043295762">
    <ele>36.28</ele>
   </trkpt>
   <trkpt lat="51.45967" lon="-0.9443400000000001">
    <ele>36.660000000000004</ele>
   </trkpt>
   <trkpt lat="51.45966000000001" lon="-0.94398">
    <ele>36.72</ele>
   </trkpt>
   <trkpt lat="51.45971" lon="-0.9437800000000001">
    <ele>36.59</ele>
   </trkpt>
   <trkpt lat="51.459830000000004" lon="-0.94349">
    <ele>36.230000000000004</ele>
   </trkpt>
   <trkpt lat="51.460045002707886" lon="-0.9426900038205016">
    <ele>36.08</ele>
   </trkpt>
   <trkpt lat="51.460260000000005" lon="-0.9418900000000001">
    <ele>35.96000000000001</ele>
   </trkpt>
   <trkpt lat="51.4606850040036" lon="-0.9409100093122762">
    <ele>35.81</ele>
   </trkpt>
   <trkpt lat="51.461110000000005" lon="-0.93993">
    <ele>35.92</ele>
   </trkpt>
   <trkpt lat="51.461420000000004" lon="-0.93927">
    <ele>35.83</ele>
   </trkpt>
   <trkpt lat="51.46187000283993" lon="-0.9384550080087872">
    <ele>35.79</ele>
   </trkpt>
   <trkpt lat="51.462320000000005" lon="-0.93764">
    <ele>35.79</ele>
   </trkpt>
   <trkpt lat="51.462870005425124" lon="-0.9365150134710652">
    <ele>35.65</ele>
   </trkpt>
   <trkpt lat="51.463420000000006" lon="-0.93539">
    <ele>35.68</ele>
   </trkpt>
   <trkpt lat="51.463640000000005" lon="-0.9356500000000001">
    <ele>35.68</ele>
   </trkpt>
   <trkpt lat="51.463840000000005" lon="-0.93549">
    <ele>35.71000000000001</ele>
   </trkpt>
   <trkpt lat="51.463910000000006" lon="-0.9353400000000001">
    <ele>35.78000000000001</ele>
   </trkpt>
   <trkpt lat="51.464040000000004" lon="-0.9351600000000001">
    <ele>35.79</ele>
   </trkpt>
   <trkpt lat="51.464360000000006" lon="-0.93464">
    <ele>35.7</ele>
   </trkpt>
   <trkpt lat="51.46472000000001" lon="-0.93386">
    <ele>35.65</ele>
   </trkpt>
   <trkpt lat="51.46517000000001" lon="-0.9328000000000001">
    <ele>35.61</ele>
   </trkpt>
   <trkpt lat="51.46538" lon="-0.93249">
    <ele>35.7</ele>
   </trkpt>
   <trkpt lat="51.46595000000001" lon="-0.93181">
    <ele>35.65</ele>
   </trkpt>
   <trkpt lat="51.466260000000005" lon="-0.93149">
    <ele>35.63</ele>
   </trkpt>
   <trkpt lat="51.467020000000005" lon="-0.93088">
    <ele>35.53000000000001</ele>
   </trkpt>
   <trkpt lat="51.467110000000005" lon="-0.93076">
    <ele>35.53000000000001</ele>
   </trkpt>
   <trkpt lat="51.467290000000006" lon="-0.93032">
    <ele>35.53000000000001</ele>
   </trkpt>
   <trkpt lat="51.467290000000006" lon="-0.92993">
    <ele>35.53000000000001</ele>
   </trkpt>
   <trkpt lat="51.46723" lon="-0.9292400000000001">
    <ele>35.660000000000004</ele>
   </trkpt>
   <trkpt lat="51.46698000000001" lon="-0.92788">
    <ele>35.93</ele>
   </trkpt>
   <trkpt lat="51.46693500274538" lon="-0.9270749990192997">
    <ele>35.9</ele>
   </trkpt>
   <trkpt lat="51.46689000000001" lon="-0.92627">
    <ele>36.2</ele>
   </trkpt>
   <trkpt lat="51.466860000000004" lon="-0.92527">
    <ele>36.160000000000004</ele>
   </trkpt>
   <trkpt lat="51.46687500252424" lon="-0.9245000001065397">
    <ele>36.21000000000001</ele>
   </trkpt>
   <trkpt lat="51.46689000000001" lon="-0.92373">
    <ele>36.2</ele>
   </trkpt>
   <trkpt lat="51.467060000000004" lon="-0.92288">
    <ele>36.1</ele>
   </trkpt>
   <trkpt lat="51.46726" lon="-0.9221900000000001">
    <ele>36.24</ele>
   </trkpt>
   <trkpt lat="51.46741" lon="-0.92188">
    <ele>36.2</ele>
   </trkpt>
   <trkpt lat="51.46766" lon="-0.9215800000000001">
    <ele>36.28</ele>
   </trkpt>
   <trkpt lat="51.46808000000001" lon="-0.9211900000000001">
    <ele>36.96</ele>
   </trkpt>
   <trkpt lat="51.46844" lon="-0.921">
    <ele>37.33</ele>
   </trkpt>
   <trkpt lat="51.4692700001905" lon="-0.9208300030787344">
    <ele>36.660000000000004</ele>
   </trkpt>
   <trkpt lat="51.4701" lon="-0.92066">
    <ele>36.2</ele>
   </trkpt>
   <trkpt lat="51.47017" lon="-0.9205300000000001">
    <ele>36.2</ele>
   </trkpt>
   <trkpt lat="51.470560000000006" lon="-0.92044">
    <ele>36.2</ele>
   </trkpt>
   <trkpt lat="51.470600000000005" lon="-0.9204600000000001">
    <ele>36.2</ele>
   </trkpt>
   <trkpt lat="51.47063000000001" lon="-0.9204100000000001">
    <ele>36.2</ele>
   </trkpt>
   <trkpt lat="51.47113" lon="-0.9201900000000001">
    <ele>36.18</ele>
   </trkpt>
   <trkpt lat="51.471810000000005" lon="-0.91961">
    <ele>36.230000000000004</ele>
   </trkpt>
   <trkpt lat="51.47229" lon="-0.91883">
    <ele>37.09</ele>
   </trkpt>
   <trkpt lat="51.472730000000006" lon="-0.9181800000000001">
    <ele>37.02</ele>
   </trkpt>
   <trkpt lat="51.47305000000001" lon="-0.91773">
    <ele>36.92</ele>
   </trkpt>
   <trkpt lat="51.473310000000005" lon="-0.91722">
    <ele>36.120000000000005</ele>
   </trkpt>
   <trkpt lat="51.47354000000001" lon="-0.9169700000000001">
    <ele>35.92</ele>
   </trkpt>
   <trkpt lat="51.473890000000004" lon="-0.91644">
    <ele>35.96000000000001</ele>
   </trkpt>
   <trkpt lat="51.474090000000004" lon="-0.9159700000000001">
    <ele>35.76</ele>
   </trkpt>
   <trkpt lat="51.474280001968246" lon="-0.915290002825312">
    <ele>35.730000000000004</ele>
   </trkpt>
   <trkpt lat="51.474470000000004" lon="-0.91461">
    <ele>35.72</ele>
   </trkpt>
   <trkpt lat="51.47478" lon="-0.91429">
    <ele>35.49</ele>
   </trkpt>
   <trkpt lat="51.47491" lon="-0.91422">
    <ele>35.47</ele>
   </trkpt>
   <trkpt lat="51.47529" lon="-0.91405">
    <ele>35.57</ele>
   </trkpt>
   <trkpt lat="51.475350000000006" lon="-0.9139700000000001">
    <ele>35.57</ele>
   </trkpt>
   <trkpt lat="51.475390000000004" lon="-0.91385">
    <ele>35.7</ele>
   </trkpt>
   <trkpt lat="51.475410000000004" lon="-0.9134300000000001">
    <ele>36.39000000000001</ele>
   </trkpt>
   <trkpt lat="51.475750000000005" lon="-0.9139700000000001">
    <ele>37.49</ele>
   </trkpt>
   <trkpt lat="51.47598000000001" lon="-0.91439">
    <ele>36.43000000000001</ele>
   </trkpt>
   <trkpt lat="51.476200000000006" lon="-0.9150900000000001">
    <ele>36.550000000000004</ele>
   </trkpt>
   <trkpt lat="51.476570002488266" lon="-0.9158549937940047">
    <ele>36.62</ele>
   </trkpt>
   <trkpt lat="51.476940000000006" lon="-0.9166200000000001">
    <ele>36.32000000000001</ele>
   </trkpt>
   <trkpt lat="51.477000000000004" lon="-0.91695">
    <ele>35.92</ele>
   </trkpt>
   <trkpt lat="51.47695" lon="-0.91729">
    <ele>35.84</ele>
   </trkpt>
   <trkpt lat="51.47715" lon="-0.91766">
    <ele>35.88</ele>
   </trkpt>
   <trkpt lat="51.47728000000001" lon="-0.91812">
    <ele>36.120000000000005</ele>
   </trkpt>
   <trkpt lat="51.47753" lon="-0.9188200000000001">
    <ele>35.94</ele>
   </trkpt>
   <trkpt lat="51.477360000000004" lon="-0.9189700000000001">
    <ele>35.910000000000004</ele>
   </trkpt>
   <trkpt lat="51.477230000000006" lon="-0.9191300000000001">
    <ele>36.02</ele>
   </trkpt>
   <trkpt lat="51.477270000000004" lon="-0.91946">
    <ele>36.09</ele>
   </trkpt>
   <trkpt lat="51.47746" lon="-0.92022">
    <ele>36.24</ele>
   </trkpt>
   <trkpt lat="51.47764" lon="-0.92061">
    <ele>36.02</ele>
   </trkpt>
   <trkpt lat="51.47775000000001" lon="-0.92098">
    <ele>35.94</ele>
   </trkpt>
   <trkpt lat="51.47786000000001" lon="-0.9212600000000001">
    <ele>35.86</ele>
   </trkpt>
   <trkpt lat="51.47816" lon="-0.92168">
    <ele>35.870000000000005</ele>
   </trkpt>
   <trkpt lat="51.478725001296844" lon="-0.9222549927661128">
    <ele>35.85</ele>
   </trkpt>
   <trkpt lat="51.479290000000006" lon="-0.92283">
    <ele>35.97</ele>
   </trkpt>
   <trkpt lat="51.479490000000006" lon="-0.92293">
    <ele>36.120000000000005</ele>
   </trkpt>
   <trkpt lat="51.480025000298376" lon="-0.9231249977623737">
    <ele>35.410000000000004</ele>
   </trkpt>
   <trkpt lat="51.480560000000004" lon="-0.92332">
    <ele>35.480000000000004</ele>
   </trkpt>
   <trkpt lat="51.48086000000001" lon="-0.9235300000000001">
    <ele>35.39</ele>
   </trkpt>
   <trkpt lat="51.481410000000004" lon="-0.92393">
    <ele>34.980000000000004</ele>
   </trkpt>
   <trkpt lat="51.48193000054544" lon="-0.9242449964830872">
    <ele>35.2</ele>
   </trkpt>
   <trkpt lat="51.48245000000001" lon="-0.92456">
    <ele>34.940000000000005</ele>
   </trkpt>
   <trkpt lat="51.48290500002205" lon="-0.9246099995023844">
    <ele>35.28000000000001</ele>
   </trkpt>
   <trkpt lat="51.483360000000005" lon="-0.92466">
    <ele>34.95</ele>
   </trkpt>
   <trkpt lat="51.484" lon="-0.92481">
    <ele>34.97</ele>
   </trkpt>
   <trkpt lat="51.48422000000001" lon="-0.92495">
    <ele>35.35</ele>
   </trkpt>
   <trkpt lat="51.48429" lon="-0.925">
    <ele>35.45</ele>
   </trkpt>
   <trkpt lat="51.48451000000001" lon="-0.92534">
    <ele>35.870000000000005</ele>
   </trkpt>
   <trkpt lat="51.484840000000005" lon="-0.9260400000000001">
    <ele>37.07000000000001</ele>
   </trkpt>
   <trkpt lat="51.48501" lon="-0.9261400000000001">
    <ele>38.46</ele>
   </trkpt>
   <trkpt lat="51.484930000000006" lon="-0.92622">
    <ele>41.21</ele>
   </trkpt>
   <trkpt lat="51.48498000000001" lon="-0.9263300000000001">
    <ele>41.21</ele>
   </trkpt>
   <trkpt lat="51.48540000074905" lon="-0.9258950040641746">
    <ele>44.97</ele>
   </trkpt>
   <trkpt lat="51.485820000000004" lon="-0.9254600000000001">
    <ele>46.790000000000006</ele>
   </trkpt>
   <trkpt lat="51.48612000000001" lon="-0.9253100000000001">
    <ele>47.730000000000004</ele>
   </trkpt>
   <trkpt lat="51.486110000000004" lon="-0.9252400000000001">
    <ele>47.730000000000004</ele>
   </trkpt>
   <trkpt lat="51.48639000000001" lon="-0.9250700000000001">
    <ele>48.39</ele>
   </trkpt>
   <trkpt lat="51.486610000000006" lon="-0.9249">
    <ele>49.580000000000005</ele>
   </trkpt>
   <trkpt lat="51.487373335933775" lon="-0.9254533148038555">
    <ele>57.53</ele>
   </trkpt>
   <trkpt lat="51.488136669263945" lon="-0.926006648134504">
    <ele>63.94000000000001</ele>
   </trkpt>
   <trkpt lat="51.4889" lon="-0.92656">
    <ele>65.54</ele>
   </trkpt>
   <trkpt lat="51.4894450009241" lon="-0.9269849950413859">
    <ele>65.63000000000001</ele>
   </trkpt>
   <trkpt lat="51.489990000000006" lon="-0.9274100000000001">
    <ele>68.74000000000001</ele>
   </trkpt>
   <trkpt lat="51.49057500127609" lon="-0.9279599929331376">
    <ele>76.33000000000001</ele>
   </trkpt>
   <trkpt lat="51.49116" lon="-0.9285100000000001">
    <ele>84.23000000000002</ele>
   </trkpt>
   <trkpt lat="51.491676669675996" lon="-0.9291066531215235">
    <ele>89.93</ele>
   </trkpt>
   <trkpt lat="51.4921933363247" lon="-0.9297033197672352">
    <ele>91.3</ele>
   </trkpt>
   <trkpt lat="51.49271" lon="-0.9303000000000001">
    <ele>92.31</ele>
   </trkpt>
   <trkpt lat="51.49341500012311" lon="-0.9304199981546949">
    <ele>92.21000000000001</ele>
   </trkpt>
   <trkpt lat="51.49412" lon="-0.93054">
    <ele>92.08000000000001</ele>
   </trkpt>
   <trkpt lat="51.49441" lon="-0.93054">
    <ele>92.16000000000001</ele>
   </trkpt>
   <trkpt lat="51.494530000000005" lon="-0.93059">
    <ele>92.43</ele>
   </trkpt>
   <trkpt lat="51.494890000000005" lon="-0.931">
    <ele>93.78</ele>
   </trkpt>
   <trkpt lat="51.495490000000004" lon="-0.93093">
    <ele>94.00000000000001</ele>
   </trkpt>
   <trkpt lat="51.496170000000006" lon="-0.9307400000000001">
    <ele>94.14</ele>
   </trkpt>
   <trkpt lat="51.49683" lon="-0.93059">
    <ele>93.89</ele>
   </trkpt>
   <trkpt lat="51.497350000000004" lon="-0.9303300000000001">
    <ele>93.7</ele>
   </trkpt>
   <trkpt lat="51.497940001493255" lon="-0.9297150080806462">
    <ele>93.46</ele>
   </trkpt>
   <trkpt lat="51.49853" lon="-0.9291">
    <ele>93.32000000000001</ele>
   </trkpt>
   <trkpt lat="51.49925" lon="-0.92827">
    <ele>93.02000000000001</ele>
   </trkpt>
   <trkpt lat="51.499700000000004" lon="-0.92771">
    <ele>92.38</ele>
   </trkpt>
   <trkpt lat="51.500080000000004" lon="-0.9270100000000001">
    <ele>91.7</ele>
   </trkpt>
   <trkpt lat="51.50025" lon="-0.92656">
    <ele>91.73</ele>
   </trkpt>
   <trkpt lat="51.500330000000005" lon="-0.9264100000000001">
    <ele>91.98</ele>
   </trkpt>
   <trkpt lat="51.500490000000006" lon="-0.9262600000000001">
    <ele>91.98</ele>
   </trkpt>
   <trkpt lat="51.500550000000004" lon="-0.9263600000000001">
    <ele>91.43</ele>
   </trkpt>
   <trkpt lat="51.501065001184806" lon="-0.926869994314997">
    <ele>89.94</ele>
   </trkpt>
   <trkpt lat="51.501580000000004" lon="-0.9273800000000001">
    <ele>88.23</ele>
   </trkpt>
   <trkpt lat="51.50168000000001" lon="-0.92742">
    <ele>88.23</ele>
   </trkpt>
   <trkpt lat="51.50188000000001" lon="-0.9278600000000001">
    <ele>88.26</ele>
   </trkpt>
   <trkpt lat="51.50226000000001" lon="-0.92795">
    <ele>88.55</ele>
   </trkpt>
   <trkpt lat="51.50273000000001" lon="-0.9281">
    <ele>89.83</ele>
   </trkpt>
   <trkpt lat="51.50345" lon="-0.92832">
    <ele>91.16</ele>
   </trkpt>
   <trkpt lat="51.50406666705911" lon="-0.9285466605154837">
    <ele>91.18</ele>
   </trkpt>
   <trkpt lat="51.50468333368138" lon="-0.9287733271657304">
    <ele>91.09</ele>
   </trkpt>
   <trkpt lat="51.505300000000005" lon="-0.929">
    <ele>91.02</ele>
   </trkpt>
   <trkpt lat="51.505809999991286" lon="-0.9291499982904039">
    <ele>90.50000000000001</ele>
   </trkpt>
   <trkpt lat="51.50632" lon="-0.9293000000000001">
    <ele>89.98</ele>
   </trkpt>
   <trkpt lat="51.506510000000006" lon="-0.92944">
    <ele>89.31</ele>
   </trkpt>
   <trkpt lat="51.507160000000006" lon="-0.9296800000000001">
    <ele>87.06000000000002</ele>
   </trkpt>
   <trkpt lat="51.50761000000001" lon="-0.9297000000000001">
    <ele>86.52000000000001</ele>
   </trkpt>
   <trkpt lat="51.50790000000001" lon="-0.9293000000000001">
    <ele>85.63000000000001</ele>
   </trkpt>
   <trkpt lat="51.50809" lon="-0.9288500000000001">
    <ele>85.12</ele>
   </trkpt>
   <trkpt lat="51.50827" lon="-0.92822">
    <ele>85.8</ele>
   </trkpt>
   <trkpt lat="51.50849" lon="-0.92722">
    <ele>85.46000000000001</ele>
   </trkpt>
   <trkpt lat="51.50876500286289" lon="-0.926400004936387">
    <ele>85.06</ele>
   </trkpt>
   <trkpt lat="51.509040000000006" lon="-0.9255800000000001">
    <ele>85.26</ele>
   </trkpt>
   <trkpt lat="51.50945" lon="-0.92505">
    <ele>87.43</ele>
   </trkpt>
   <trkpt lat="51.50986000070487" lon="-0.9246100040865062">
    <ele>88.67000000000002</ele>
   </trkpt>
   <trkpt lat="51.510270000000006" lon="-0.92417">
    <ele>88.65</ele>
   </trkpt>
   <trkpt lat="51.51024" lon="-0.9240700000000001">
    <ele>88.65</ele>
   </trkpt>
   <trkpt lat="51.51023000000001" lon="-0.9238500000000001">
    <ele>88.62</ele>
   </trkpt>
   <trkpt lat="51.510250000000006" lon="-0.9234800000000001">
    <ele>88.56000000000002</ele>
   </trkpt>
   <trkpt lat="51.51060001810983" lon="-0.9224480317143124">
    <ele>90.07000000000001</ele>
   </trkpt>
   <trkpt lat="51.51095002716494" lon="-0.9214160475716009">
    <ele>91.17</ele>
   </trkpt>
   <trkpt lat="51.511300027165134" lon="-0.9203840475718333">
    <ele>91.74</ele>
   </trkpt>
   <trkpt lat="51.511650018110124" lon="-0.9193520317149773">
    <ele>91.65</ele>
   </trkpt>
   <trkpt lat="51.51200000000001" lon="-0.91832">
    <ele>90.52</ele>
   </trkpt>
   <trkpt lat="51.51211000000001" lon="-0.91822">
    <ele>90.52</ele>
   </trkpt>
   <trkpt lat="51.51216" lon="-0.9180900000000001">
    <ele>90.34</ele>
   </trkpt>
   <trkpt lat="51.512150000000005" lon="-0.91773">
    <ele>89.95</ele>
   </trkpt>
   <trkpt lat="51.51218" lon="-0.9176300000000001">
    <ele>89.91</ele>
   </trkpt>
   <trkpt lat="51.51225" lon="-0.91749">
    <ele>89.94</ele>
   </trkpt>
   <trkpt lat="51.51238000000001" lon="-0.9171400000000001">
    <ele>89.7</ele>
   </trkpt>
   <trkpt lat="51.512690000000006" lon="-0.91668">
    <ele>89.81</ele>
   </trkpt>
   <trkpt lat="51.51277" lon="-0.91644">
    <ele>89.65</ele>
   </trkpt>
   <trkpt lat="51.513110000000005" lon="-0.9159400000000001">
    <ele>88.91</ele>
   </trkpt>
   <trkpt lat="51.51335" lon="-0.91546">
    <ele>88.29</ele>
   </trkpt>
   <trkpt lat="51.51346" lon="-0.9145800000000001">
    <ele>86.58</ele>
   </trkpt>
   <trkpt lat="51.513540000000006" lon="-0.9135800000000001">
    <ele>85.59000000000002</ele>
   </trkpt>
   <trkpt lat="51.51364" lon="-0.91271">
    <ele>84.25</ele>
   </trkpt>
   <trkpt lat="51.51364" lon="-0.9125300000000001">
    <ele>83.95</ele>
   </trkpt>
   <trkpt lat="51.51361000000001" lon="-0.9124500000000001">
    <ele>83.95</ele>
   </trkpt>
   <trkpt lat="51.513310000000004" lon="-0.9122600000000001">
    <ele>83.7</ele>
   </trkpt>
   <trkpt lat="51.51328" lon="-0.9122100000000001">
    <ele>82.95</ele>
   </trkpt>
   <trkpt lat="51.51308" lon="-0.91139">
    <ele>82.39</ele>
   </trkpt>
   <trkpt lat="51.51299" lon="-0.91066">
    <ele>81.7</ele>
   </trkpt>
   <trkpt lat="51.51289001041892" lon="-0.9095533285443808">
    <ele>80.92</ele>
   </trkpt>
   <trkpt lat="51.5127900104252" lon="-0.9084466619472127">
    <ele>80.51</ele>
   </trkpt>
   <trkpt lat="51.512690000000006" lon="-0.90734">
    <ele>80.08000000000001</ele>
   </trkpt>
   <trkpt lat="51.5125666793289" lon="-0.906119993469745">
    <ele>79.35000000000001</ele>
   </trkpt>
   <trkpt lat="51.512443346003174" lon="-0.9048999935451596">
    <ele>77.81</ele>
   </trkpt>
   <trkpt lat="51.51232" lon="-0.90368">
    <ele>77.81</ele>
   </trkpt>
   <trkpt lat="51.512370000000004" lon="-0.90339">
    <ele>78.51</ele>
   </trkpt>
   <trkpt lat="51.51261000201768" lon="-0.9027050035432925">
    <ele>77.87</ele>
   </trkpt>
   <trkpt lat="51.51285000000001" lon="-0.90202">
    <ele>77.23</ele>
   </trkpt>
   <trkpt lat="51.512750000000004" lon="-0.90195">
    <ele>76.83000000000001</ele>
   </trkpt>
   <trkpt lat="51.512840000000004" lon="-0.9020100000000001">
    <ele>77.2</ele>
   </trkpt>
   <trkpt lat="51.51314000000001" lon="-0.9023800000000001">
    <ele>77.92</ele>
   </trkpt>
   <trkpt lat="51.51341000000001" lon="-0.9024900000000001">
    <ele>78.05000000000001</ele>
   </trkpt>
   <trkpt lat="51.513540000000006" lon="-0.90256">
    <ele>78.14</ele>
   </trkpt>
   <trkpt lat="51.5138" lon="-0.9028">
    <ele>78.14</ele>
   </trkpt>
   <trkpt lat="51.514050000000005" lon="-0.90319">
    <ele>78.77000000000001</ele>
   </trkpt>
   <trkpt lat="51.51436" lon="-0.9034900000000001">
    <ele>78.95</ele>
   </trkpt>
   <trkpt lat="51.5151899999664" lon="-0.9035133324819141">
    <ele>77.35</ele>
   </trkpt>
   <trkpt lat="51.5160199999282" lon="-0.9035366658141544">
    <ele>71.97</ele>
   </trkpt>
   <trkpt lat="51.516850000000005" lon="-0.90356">
    <ele>70.99000000000001</ele>
   </trkpt>
   <trkpt lat="51.51729" lon="-0.9036900000000001">
    <ele>72.8</ele>
   </trkpt>
   <trkpt lat="51.51733" lon="-0.90358">
    <ele>72.74</ele>
   </trkpt>
   <trkpt lat="51.517869999892675" lon="-0.9036199995172988">
    <ele>72.77</ele>
   </trkpt>
   <trkpt lat="51.51841" lon="-0.90366">
    <ele>72.35000000000001</ele>
   </trkpt>
   <trkpt lat="51.51909000012567" lon="-0.9038999963745843">
    <ele>71.88</ele>
   </trkpt>
   <trkpt lat="51.51977" lon="-0.90414">
    <ele>69.86</ele>
   </trkpt>
   <trkpt lat="51.520100000000006" lon="-0.9044000000000001">
    <ele>65.78</ele>
   </trkpt>
   <trkpt lat="51.52053" lon="-0.90412">
    <ele>57.43</ele>
   </trkpt>
   <trkpt lat="51.52082000000001" lon="-0.90358">
    <ele>48.040000000000006</ele>
   </trkpt>
   <trkpt lat="51.521080000000005" lon="-0.9031800000000001">
    <ele>43.43</ele>
   </trkpt>
   <trkpt lat="51.52172" lon="-0.9024500000000001">
    <ele>37.21</ele>
   </trkpt>
   <trkpt lat="51.521840000000005" lon="-0.9020400000000001">
    <ele>36.85</ele>
   </trkpt>
   <trkpt lat="51.52216000000001" lon="-0.90146">
    <ele>36.82000000000001</ele>
   </trkpt>
   <trkpt lat="51.52235" lon="-0.9006000000000001">
    <ele>37.14000000000001</ele>
   </trkpt>
   <trkpt lat="51.52246" lon="-0.90029">
    <ele>37.24</ele>
   </trkpt>
   <trkpt lat="51.52259" lon="-0.90012">
    <ele>37.49</ele>
   </trkpt>
   <trkpt lat="51.522670000000005" lon="-0.90007">
    <ele>37.77</ele>
   </trkpt>
   <trkpt lat="51.52272000000001" lon="-0.9000400000000001">
    <ele>38.09</ele>
   </trkpt>
   <trkpt lat="51.522890000000004" lon="-0.90002">
    <ele>38.62</ele>
   </trkpt>
   <trkpt lat="51.52313" lon="-0.9000900000000001">
    <ele>40.050000000000004</ele>
   </trkpt>
   <trkpt lat="51.52357000000001" lon="-0.9002600000000001">
    <ele>44.730000000000004</ele>
   </trkpt>
   <trkpt lat="51.52405" lon="-0.90036">
    <ele>48.690000000000005</ele>
   </trkpt>
   <trkpt lat="51.524660000000004" lon="-0.90061">
    <ele>52.35000000000001</ele>
   </trkpt>
   <trkpt lat="51.52488" lon="-0.90068">
    <ele>53.43000000000001</ele>
   </trkpt>
   <trkpt lat="51.525560000000006" lon="-0.90075">
    <ele>53.26</ele>
   </trkpt>
   <trkpt lat="51.52588" lon="-0.9008200000000001">
    <ele>52.730000000000004</ele>
   </trkpt>
   <trkpt lat="51.526444999975446" lon="-0.9008849991885308">
    <ele>50.88</ele>
   </trkpt>
   <trkpt lat="51.527010000000004" lon="-0.90095">
    <ele>49.120000000000005</ele>
   </trkpt>
   <trkpt lat="51.52716" lon="-0.90095">
    <ele>48.46</ele>
   </trkpt>
   <trkpt lat="51.527210000000004" lon="-0.9000400000000001">
    <ele>45.790000000000006</ele>
   </trkpt>
   <trkpt lat="51.52729" lon="-0.89914">
    <ele>42.65</ele>
   </trkpt>
   <trkpt lat="51.52740000350051" lon="-0.8982300023588138">
    <ele>40.68</ele>
   </trkpt>
   <trkpt lat="51.52751000000001" lon="-0.8973200000000001">
    <ele>38.75</ele>
   </trkpt>
   <trkpt lat="51.52758000000001" lon="-0.89729">
    <ele>38.75</ele>
   </trkpt>
   <trkpt lat="51.527550000000005" lon="-0.8972100000000001">
    <ele>38.75</ele>
   </trkpt>
   <trkpt lat="51.527550000000005" lon="-0.89709">
    <ele>38.41</ele>
   </trkpt>
   <trkpt lat="51.527620000000006" lon="-0.89651">
    <ele>38.24</ele>
   </trkpt>
   <trkpt lat="51.527660000000004" lon="-0.8963800000000001">
    <ele>38.24</ele>
   </trkpt>
   <trkpt lat="51.527750000000005" lon="-0.8962300000000001">
    <ele>38.31</ele>
   </trkpt>
   <trkpt lat="51.527820000000006" lon="-0.8960300000000001">
    <ele>38.19</ele>
   </trkpt>
   <trkpt lat="51.52763" lon="-0.8959100000000001">
    <ele>38.09</ele>
   </trkpt>
   <trkpt lat="51.527680000000004" lon="-0.89514">
    <ele>36.67</ele>
   </trkpt>
   <trkpt lat="51.52801" lon="-0.8938">
    <ele>35.410000000000004</ele>
   </trkpt>
   <trkpt lat="51.528400000000005" lon="-0.8927200000000001">
    <ele>38.2</ele>
   </trkpt>
   <trkpt lat="51.52852000000001" lon="-0.89236">
    <ele>38.21</ele>
   </trkpt>
   <trkpt lat="51.528650000000006" lon="-0.89168">
    <ele>35.83</ele>
   </trkpt>
   <trkpt lat="51.52872000000001" lon="-0.8907800000000001">
    <ele>32.730000000000004</ele>
   </trkpt>
   <trkpt lat="51.528890000000004" lon="-0.8895500000000001">
    <ele>32.25</ele>
   </trkpt>
   <trkpt lat="51.52902" lon="-0.8888">
    <ele>32.39</ele>
   </trkpt>
   <trkpt lat="51.52928000000001" lon="-0.8877800000000001">
    <ele>32.480000000000004</ele>
   </trkpt>
   <trkpt lat="51.52978500164062" lon="-0.888384993390713">
    <ele>32.29</ele>
   </trkpt>
   <trkpt lat="51.53029" lon="-0.8889900000000001">
    <ele>31.78</ele>
   </trkpt>
   <trkpt lat="51.53076500359442" lon="-0.8899199901363902">
    <ele>31.73</ele>
   </trkpt>
   <trkpt lat="51.531240000000004" lon="-0.89085">
    <ele>31.630000000000006</ele>
   </trkpt>
   <trkpt lat="51.53143000000001" lon="-0.8915000000000001">
    <ele>31.57</ele>
   </trkpt>
   <trkpt lat="51.53154000000001" lon="-0.89207">
    <ele>31.61</ele>
   </trkpt>
   <trkpt lat="51.53179" lon="-0.89292">
    <ele>31.51</ele>
   </trkpt>
   <trkpt lat="51.532000000000004" lon="-0.8934300000000001">
    <ele>31.470000000000006</ele>
   </trkpt>
   <trkpt lat="51.532490003733464" lon="-0.8943799895754886">
    <ele>31.42</ele>
   </trkpt>
   <trkpt lat="51.53298" lon="-0.8953300000000001">
    <ele>31.55</ele>
   </trkpt>
   <trkpt lat="51.533260000000006" lon="-0.8959300000000001">
    <ele>31.53</ele>
   </trkpt>
   <trkpt lat="51.533120000000004" lon="-0.89612">
    <ele>31.66</ele>
   </trkpt>
   <trkpt lat="51.532770000000006" lon="-0.8953300000000001">
    <ele>31.57</ele>
   </trkpt>
   <trkpt lat="51.53253" lon="-0.89539">
    <ele>32.080000000000005</ele>
   </trkpt>
   <trkpt lat="51.53257000000001" lon="-0.8958200000000001">
    <ele>32.400000000000006</ele>
   </trkpt>
   <trkpt lat="51.532560000000004" lon="-0.8959900000000001">
    <ele>32.6</ele>
   </trkpt>
   <trkpt lat="51.5326" lon="-0.89624">
    <ele>32.5</ele>
   </trkpt>
   <trkpt lat="51.53273" lon="-0.8967200000000001">
    <ele>32.440000000000005</ele>
   </trkpt>
   <trkpt lat="51.532790000000006" lon="-0.89707">
    <ele>32.470000000000006</ele>
   </trkpt>
   <trkpt lat="51.53316" lon="-0.89773">
    <ele>32.67</ele>
   </trkpt>
   <trkpt lat="51.53334" lon="-0.89814">
    <ele>32.629999999999995</ele>
   </trkpt>
   <trkpt lat="51.533620000000006" lon="-0.89863">
    <ele>32.71</ele>
   </trkpt>
   <trkpt lat="51.533710000000006" lon="-0.8986900000000001">
    <ele>32.71</ele>
   </trkpt>
   <trkpt lat="51.533710000000006" lon="-0.89875">
    <ele>32.71</ele>
   </trkpt>
   <trkpt lat="51.533970000000004" lon="-0.8991000000000001">
    <ele>32.79</ele>
   </trkpt>
   <trkpt lat="51.53399" lon="-0.89924">
    <ele>32.86</ele>
   </trkpt>
   <trkpt lat="51.53408" lon="-0.89936">
    <ele>32.89</ele>
   </trkpt>
   <trkpt lat="51.53414" lon="-0.89941">
    <ele>32.89</ele>
   </trkpt>
   <trkpt lat="51.53428" lon="-0.8994500000000001">
    <ele>32.86</ele>
   </trkpt>
   <trkpt lat="51.53443000000001" lon="-0.8996400000000001">
    <ele>33.0</ele>
   </trkpt>
   <trkpt lat="51.5345" lon="-0.8996900000000001">
    <ele>33.04</ele>
   </trkpt>
   <trkpt lat="51.53495" lon="-0.89995">
    <ele>32.79</ele>
   </trkpt>
   <trkpt lat="51.535230000000006" lon="-0.9003800000000001">
    <ele>32.95</ele>
   </trkpt>
   <trkpt lat="51.5347" lon="-0.90117">
    <ele>34.440000000000005</ele>
   </trkpt>
   <trkpt lat="51.534580000000005" lon="-0.9013000000000001">
    <ele>34.440000000000005</ele>
   </trkpt>
   <trkpt lat="51.53445000000001" lon="-0.90151">
    <ele>35.02</ele>
   </trkpt>
   <trkpt lat="51.53437" lon="-0.9018200000000001">
    <ele>35.21000000000001</ele>
   </trkpt>
   <trkpt lat="51.53432" lon="-0.90195">
    <ele>35.33</ele>
   </trkpt>
   <trkpt lat="51.534240000000004" lon="-0.9024200000000001">
    <ele>35.59</ele>
   </trkpt>
   <trkpt lat="51.534220000000005" lon="-0.9026500000000001">
    <ele>35.67</ele>
   </trkpt>
   <trkpt lat="51.53499000000001" lon="-0.9030100000000001">
    <ele>36.07000000000001</ele>
   </trkpt>
   <trkpt lat="51.53548000053933" lon="-0.9033149968062235">
    <ele>36.410000000000004</ele>
   </trkpt>
   <trkpt lat="51.535970000000006" lon="-0.9036200000000001">
    <ele>36.13</ele>
   </trkpt>
   <trkpt lat="51.53672" lon="-0.90417">
    <ele>35.72</ele>
   </trkpt>
   <trkpt lat="51.53757" lon="-0.90461">
    <ele>36.85</ele>
   </trkpt>
   <trkpt lat="51.53764" lon="-0.9037100000000001">
    <ele>36.19</ele>
   </trkpt>
   <trkpt lat="51.537690000000005" lon="-0.90297">
    <ele>35.64000000000001</ele>
   </trkpt>
   <trkpt lat="51.537690000000005" lon="-0.9024500000000001">
    <ele>35.27</ele>
   </trkpt>
   <trkpt lat="51.53763000000001" lon="-0.90195">
    <ele>34.99</ele>
   </trkpt>
   <trkpt lat="51.537580000000005" lon="-0.9013100000000001">
    <ele>34.81</ele>
   </trkpt>
   <trkpt lat="51.53754000231769" lon="-0.9005699991698765">
    <ele>35.57</ele>
   </trkpt>
   <trkpt lat="51.5375" lon="-0.89983">
    <ele>34.88</ele>
   </trkpt>
   <trkpt lat="51.53743000000001" lon="-0.8991800000000001">
    <ele>33.78</ele>
   </trkpt>
   <trkpt lat="51.53735" lon="-0.8988">
    <ele>33.64</ele>
   </trkpt>
   <trkpt lat="51.5371" lon="-0.8979800000000001">
    <ele>33.95</ele>
   </trkpt>
   <trkpt lat="51.53728" lon="-0.89768">
    <ele>33.190000000000005</ele>
   </trkpt>
   <trkpt lat="51.537330000000004" lon="-0.89753">
    <ele>33.190000000000005</ele>
   </trkpt>
   <trkpt lat="51.53735" lon="-0.8973800000000001">
    <ele>32.79</ele>
   </trkpt>
   <trkpt lat="51.53743000000001" lon="-0.8972600000000001">
    <ele>32.79</ele>
   </trkpt>
   <trkpt lat="51.537470000000006" lon="-0.89724">
    <ele>32.79</ele>
   </trkpt>
   <trkpt lat="51.53786" lon="-0.8973800000000001">
    <ele>32.17</ele>
   </trkpt>
   <trkpt lat="51.538140000000006" lon="-0.8973800000000001">
    <ele>32.11</ele>
   </trkpt>
   <trkpt lat="51.538270000000004" lon="-0.8974000000000001">
    <ele>32.050000000000004</ele>
   </trkpt>
   <trkpt lat="51.538965000113116" lon="-0.8974149997733581">
    <ele>31.94</ele>
   </trkpt>
   <trkpt lat="51.539660000000005" lon="-0.8974300000000001">
    <ele>31.87</ele>
   </trkpt>
   <trkpt lat="51.540380000000006" lon="-0.8974700000000001">
    <ele>31.98</ele>
   </trkpt>
   <trkpt lat="51.54091500006159" lon="-0.8974749999417942">
    <ele>31.96</ele>
   </trkpt>
   <trkpt lat="51.541450000000005" lon="-0.89748">
    <ele>32.040000000000006</ele>
   </trkpt>
   <trkpt lat="51.5416" lon="-0.89746">
    <ele>32.050000000000004</ele>
   </trkpt>
   <trkpt lat="51.54236" lon="-0.8970400000000001">
    <ele>31.73</ele>
   </trkpt>
   <trkpt lat="51.54278000027265" lon="-0.8967250030191397">
    <ele>31.830000000000002</ele>
   </trkpt>
   <trkpt lat="51.543200000000006" lon="-0.89641">
    <ele>32.13</ele>
   </trkpt>
   <trkpt lat="51.543260000000004" lon="-0.8963300000000001">
    <ele>32.13</ele>
   </trkpt>
   <trkpt lat="51.543330000000005" lon="-0.89609">
    <ele>32.13</ele>
   </trkpt>
   <trkpt lat="51.543400000000005" lon="-0.8956500000000001">
    <ele>32.14</ele>
   </trkpt>
   <trkpt lat="51.54348" lon="-0.89548">
    <ele>32.25</ele>
   </trkpt>
   <trkpt lat="51.543910000000004" lon="-0.89531">
    <ele>32.59</ele>
   </trkpt>
   <trkpt lat="51.544540000000005" lon="-0.8951100000000001">
    <ele>32.410000000000004</ele>
   </trkpt>
   <trkpt lat="51.545070000264225" lon="-0.8948950024768149">
    <ele>32.260000000000005</ele>
   </trkpt>
   <trkpt lat="51.54560000000001" lon="-0.89468">
    <ele>32.53</ele>
   </trkpt>
   <trkpt lat="51.54587" lon="-0.89448">
    <ele>32.96</ele>
   </trkpt>
   <trkpt lat="51.546040000000005" lon="-0.89431">
    <ele>33.59</ele>
   </trkpt>
   <trkpt lat="51.54618000000001" lon="-0.8942300000000001">
    <ele>34.13</ele>
   </trkpt>
   <trkpt lat="51.54634" lon="-0.89419">
    <ele>34.300000000000004</ele>
   </trkpt>
   <trkpt lat="51.546670000000006" lon="-0.89407">
    <ele>34.760000000000005</ele>
   </trkpt>
   <trkpt lat="51.54718000030642" lon="-0.893765003472004">
    <ele>35.04</ele>
   </trkpt>
   <trkpt lat="51.54769" lon="-0.89346">
    <ele>35.31</ele>
   </trkpt>
   <trkpt lat="51.54795000000001" lon="-0.8933800000000001">
    <ele>34.46</ele>
   </trkpt>
   <trkpt lat="51.54838" lon="-0.89317">
    <ele>34.260000000000005</ele>
   </trkpt>
   <trkpt lat="51.548640000000006" lon="-0.89292">
    <ele>34.5</ele>
   </trkpt>
   <trkpt lat="51.54881" lon="-0.89268">
    <ele>34.78</ele>
   </trkpt>
   <trkpt lat="51.54887" lon="-0.8925500000000001">
    <ele>34.78</ele>
   </trkpt>
   <trkpt lat="51.54900000000001" lon="-0.89241">
    <ele>34.89</ele>
   </trkpt>
   <trkpt lat="51.54925" lon="-0.8921600000000001">
    <ele>35.33</ele>
   </trkpt>
   <trkpt lat="51.549710000000005" lon="-0.89163">
    <ele>36.06</ele>
   </trkpt>
   <trkpt lat="51.550050000000006" lon="-0.8910100000000001">
    <ele>36.88</ele>
   </trkpt>
   <trkpt lat="51.55024" lon="-0.8907200000000001">
    <ele>36.25000000000001</ele>
   </trkpt>
   <trkpt lat="51.550470000000004" lon="-0.8905500000000001">
    <ele>34.68</ele>
   </trkpt>
   <trkpt lat="51.55087" lon="-0.89031">
    <ele>33.79</ele>
   </trkpt>
   <trkpt lat="51.550810000000006" lon="-0.8901600000000001">
    <ele>33.760000000000005</ele>
   </trkpt>
   <trkpt lat="51.550990000000006" lon="-0.88941">
    <ele>34.83</ele>
   </trkpt>
   <trkpt lat="51.55111" lon="-0.8891300000000001">
    <ele>35.4</ele>
   </trkpt>
   <trkpt lat="51.55115000000001" lon="-0.8890000000000001">
    <ele>35.5</ele>
   </trkpt>
   <trkpt lat="51.551660000000005" lon="-0.88804">
    <ele>34.17</ele>
   </trkpt>
   <trkpt lat="51.55203000361517" lon="-0.8871250073007855">
    <ele>33.28</ele>
   </trkpt>
   <trkpt lat="51.552400000000006" lon="-0.88621">
    <ele>32.61</ele>
   </trkpt>
   <trkpt lat="51.55277" lon="-0.88502">
    <ele>32.68</ele>
   </trkpt>
   <trkpt lat="51.552830002461754" lon="-0.8842600009119579">
    <ele>32.79</ele>
   </trkpt>
   <trkpt lat="51.552890000000005" lon="-0.8835000000000001">
    <ele>33.68</ele>
   </trkpt>
   <trkpt lat="51.552930006163194" lon="-0.8822950012834636">
    <ele>35.61</ele>
   </trkpt>
   <trkpt lat="51.55297" lon="-0.88109">
    <ele>37.22</ele>
   </trkpt>
   <trkpt lat="51.552940007520775" lon="-0.8797599992790727">
    <ele>38.56</ele>
   </trkpt>
   <trkpt lat="51.552910000000004" lon="-0.87843">
    <ele>38.68000000000001</ele>
   </trkpt>
   <trkpt lat="51.55275000458822" lon="-0.8773949965915356">
    <ele>38.24</ele>
   </trkpt>
   <trkpt lat="51.55259" lon="-0.87636">
    <ele>38.49</ele>
   </trkpt>
   <trkpt lat="51.552410003550314" lon="-0.8754449963405798">
    <ele>38.14</ele>
   </trkpt>
   <trkpt lat="51.55223" lon="-0.87453">
    <ele>35.050000000000004</ele>
   </trkpt>
   <trkpt lat="51.55204000191944" lon="-0.8738599972429772">
    <ele>34.39</ele>
   </trkpt>
   <trkpt lat="51.55185" lon="-0.87319">
    <ele>36.22</ele>
   </trkpt>
   <trkpt lat="51.55156" lon="-0.8719500000000001">
    <ele>41.38</ele>
   </trkpt>
   <trkpt lat="51.551370000000006" lon="-0.87109">
    <ele>38.78</ele>
   </trkpt>
   <trkpt lat="51.551230000000004" lon="-0.8702000000000001">
    <ele>36.09</ele>
   </trkpt>
   <trkpt lat="51.551390000000005" lon="-0.87016">
    <ele>34.85000000000001</ele>
   </trkpt>
   <trkpt lat="51.551590000000004" lon="-0.87004">
    <ele>34.49</ele>
   </trkpt>
   <trkpt lat="51.55219" lon="-0.8695100000000001">
    <ele>32.11</ele>
   </trkpt>
   <trkpt lat="51.552290000000006" lon="-0.8699000000000001">
    <ele>31.91</ele>
   </trkpt>
   <trkpt lat="51.55237" lon="-0.87031">
    <ele>32.019999999999996</ele>
   </trkpt>
   <trkpt lat="51.55243" lon="-0.8707900000000001">
    <ele>31.73</ele>
   </trkpt>
   <trkpt lat="51.55268" lon="-0.87097">
    <ele>31.46</ele>
   </trkpt>
   <trkpt lat="51.553110000000004" lon="-0.8714000000000001">
    <ele>31.360000000000007</ele>
   </trkpt>
   <trkpt lat="51.55324" lon="-0.8716">
    <ele>31.360000000000007</ele>
   </trkpt>
   <trkpt lat="51.55348000000001" lon="-0.8720100000000001">
    <ele>31.540000000000006</ele>
   </trkpt>
   <trkpt lat="51.553650000000005" lon="-0.87226">
    <ele>31.490000000000002</ele>
   </trkpt>
   <trkpt lat="51.553790000000006" lon="-0.87231">
    <ele>31.12</ele>
   </trkpt>
   <trkpt lat="51.554140000000004" lon="-0.87221">
    <ele>30.96</ele>
   </trkpt>
   <trkpt lat="51.55443" lon="-0.8721800000000001">
    <ele>30.97</ele>
   </trkpt>
   <trkpt lat="51.55521" lon="-0.87248">
    <ele>31.740000000000002</ele>
   </trkpt>
   <trkpt lat="51.55552" lon="-0.8725">
    <ele>32.199999999999996</ele>
   </trkpt>
   <trkpt lat="51.555910000000004" lon="-0.8724500000000001">
    <ele>32.230000000000004</ele>
   </trkpt>
   <trkpt lat="51.55663500019237" lon="-0.8722550031000424">
    <ele>30.860000000000003</ele>
   </trkpt>
   <trkpt lat="51.55736" lon="-0.8720600000000001">
    <ele>30.770000000000003</ele>
   </trkpt>
   <trkpt lat="51.557700000000004" lon="-0.87199">
    <ele>30.720000000000002</ele>
   </trkpt>
   <trkpt lat="51.55782000000001" lon="-0.87199">
    <ele>30.720000000000002</ele>
   </trkpt>
   <trkpt lat="51.55791000000001" lon="-0.8720100000000001">
    <ele>30.840000000000003</ele>
   </trkpt>
   <trkpt lat="51.55845000000001" lon="-0.8725700000000001">
    <ele>30.97</ele>
   </trkpt>
   <trkpt lat="51.558600000000006" lon="-0.8727">
    <ele>31.01</ele>
   </trkpt>
   <trkpt lat="51.5591" lon="-0.8730100000000001">
    <ele>31.26</ele>
   </trkpt>
   <trkpt lat="51.559340000000006" lon="-0.8732000000000001">
    <ele>31.32</ele>
   </trkpt>
   <trkpt lat="51.55957" lon="-0.8732500000000001">
    <ele>31.57</ele>
   </trkpt>
   <trkpt lat="51.559610000000006" lon="-0.8731800000000001">
    <ele>31.700000000000006</ele>
   </trkpt>
   <trkpt lat="51.55968000000001" lon="-0.87311">
    <ele>31.900000000000006</ele>
   </trkpt>
   <trkpt lat="51.559670000000004" lon="-0.8729600000000001">
    <ele>31.900000000000006</ele>
   </trkpt>
   <trkpt lat="51.55978" lon="-0.87294">
    <ele>32.010000000000005</ele>
   </trkpt>
   <trkpt lat="51.55984" lon="-0.8728600000000001">
    <ele>32.010000000000005</ele>
   </trkpt>
   <trkpt lat="51.559920000000005" lon="-0.87248">
    <ele>31.98</ele>
   </trkpt>
   <trkpt lat="51.559900000000006" lon="-0.87238">
    <ele>31.98</ele>
   </trkpt>
   <trkpt lat="51.55955" lon="-0.8718400000000001">
    <ele>31.96</ele>
   </trkpt>
   <trkpt lat="51.559450000000005" lon="-0.87175">
    <ele>32.11</ele>
   </trkpt>
   <trkpt lat="51.55932000000001" lon="-0.8717300000000001">
    <ele>32.36</ele>
   </trkpt>
   <trkpt lat="51.55932000000001" lon="-0.8714200000000001">
    <ele>32.019999999999996</ele>
   </trkpt>
   <trkpt lat="51.55899" lon="-0.87102">
    <ele>31.700000000000006</ele>
   </trkpt>
   <trkpt lat="51.55894000000001" lon="-0.87094">
    <ele>31.67</ele>
   </trkpt>
   <trkpt lat="51.558620000000005" lon="-0.87004">
    <ele>31.76</ele>
   </trkpt>
   <trkpt lat="51.558530000000005" lon="-0.86982">
    <ele>31.76</ele>
   </trkpt>
   <trkpt lat="51.55854" lon="-0.8697400000000001">
    <ele>31.790000000000006</ele>
   </trkpt>
   <trkpt lat="51.55865000000001" lon="-0.8695900000000001">
    <ele>31.790000000000006</ele>
   </trkpt>
   <trkpt lat="51.55868" lon="-0.8695">
    <ele>31.790000000000006</ele>
   </trkpt>
   <trkpt lat="51.55868" lon="-0.86943">
    <ele>31.790000000000006</ele>
   </trkpt>
   <trkpt lat="51.55866" lon="-0.8694000000000001">
    <ele>31.87</ele>
   </trkpt>
   <trkpt lat="51.55866" lon="-0.8690100000000001">
    <ele>31.700000000000006</ele>
   </trkpt>
   <trkpt lat="51.55868" lon="-0.86892">
    <ele>31.720000000000006</ele>
   </trkpt>
   <trkpt lat="51.558910000000004" lon="-0.8687300000000001">
    <ele>32.14</ele>
   </trkpt>
   <trkpt lat="51.55897" lon="-0.86894">
    <ele>32.300000000000004</ele>
   </trkpt>
   <trkpt lat="51.55923000000001" lon="-0.8696">
    <ele>34.07</ele>
   </trkpt>
   <trkpt lat="51.55944" lon="-0.8700100000000001">
    <ele>34.49</ele>
   </trkpt>
   <trkpt lat="51.559830000000005" lon="-0.87065">
    <ele>34.67</ele>
   </trkpt>
   <trkpt lat="51.560340000000004" lon="-0.87155">
    <ele>35.04</ele>
   </trkpt>
   <trkpt lat="51.560900000000004" lon="-0.87263">
    <ele>35.42</ele>
   </trkpt>
   <trkpt lat="51.561400000000006" lon="-0.87365">
    <ele>35.18</ele>
   </trkpt>
   <trkpt lat="51.561690000000006" lon="-0.8742900000000001">
    <ele>35.08</ele>
   </trkpt>
   <trkpt lat="51.56203667318879" lon="-0.8751666532762594">
    <ele>34.910000000000004</ele>
   </trkpt>
   <trkpt lat="51.56238333984606" lon="-0.876043319918934">
    <ele>33.97</ele>
   </trkpt>
   <trkpt lat="51.56273" lon="-0.87692">
    <ele>32.93</ele>
   </trkpt>
   <trkpt lat="51.562830000000005" lon="-0.87731">
    <ele>32.629999999999995</ele>
   </trkpt>
   <trkpt lat="51.562870000000004" lon="-0.87802">
    <ele>32.17</ele>
   </trkpt>
   <trkpt lat="51.56293" lon="-0.87836">
    <ele>32.17</ele>
   </trkpt>
   <trkpt lat="51.56315000000001" lon="-0.87921">
    <ele>32.67</ele>
   </trkpt>
   <trkpt lat="51.56342500368086" lon="-0.880134994557361">
    <ele>33.95</ele>
   </trkpt>
   <trkpt lat="51.563700000000004" lon="-0.8810600000000001">
    <ele>35.9</ele>
   </trkpt>
   <trkpt lat="51.563860000000005" lon="-0.88177">
    <ele>37.07000000000001</ele>
   </trkpt>
   <trkpt lat="51.56389" lon="-0.88204">
    <ele>37.410000000000004</ele>
   </trkpt>
   <trkpt lat="51.563880000000005" lon="-0.8823400000000001">
    <ele>37.67</ele>
   </trkpt>
   <trkpt lat="51.56438000008554" lon="-0.8824699985740582">
    <ele>39.36000000000001</ele>
   </trkpt>
   <trkpt lat="51.56488" lon="-0.8826">
    <ele>40.39</ele>
   </trkpt>
   <trkpt lat="51.56575333341468" lon="-0.8827133289759624">
    <ele>42.57</ele>
   </trkpt>
   <trkpt lat="51.56662666672023" lon="-0.8828266623055878">
    <ele>45.63</ele>
   </trkpt>
   <trkpt lat="51.5675" lon="-0.8829400000000001">
    <ele>47.93000000000001</ele>
   </trkpt>
   <trkpt lat="51.56792" lon="-0.8830300000000001">
    <ele>49.06</ele>
   </trkpt>
   <trkpt lat="51.5683" lon="-0.88319">
    <ele>50.36</ele>
   </trkpt>
   <trkpt lat="51.56899000000001" lon="-0.88319">
    <ele>51.870000000000005</ele>
   </trkpt>
   <trkpt lat="51.56938" lon="-0.8832700000000001">
    <ele>52.95</ele>
   </trkpt>
   <trkpt lat="51.56974" lon="-0.88331">
    <ele>53.53</ele>
   </trkpt>
   <trkpt lat="51.57043000028802" lon="-0.8835549962930702">
    <ele>54.96</ele>
   </trkpt>
   <trkpt lat="51.57112000000001" lon="-0.8838">
    <ele>56.830000000000005</ele>
   </trkpt>
   <trkpt lat="51.57191" lon="-0.88421">
    <ele>58.74000000000001</ele>
   </trkpt>
   <trkpt lat="51.57262000000001" lon="-0.88453">
    <ele>60.74</ele>
   </trkpt>
   <trkpt lat="51.573285001063624" lon="-0.8850399925070103">
    <ele>62.81</ele>
   </trkpt>
   <trkpt lat="51.57395" lon="-0.8855500000000001">
    <ele>64.28999999999999</ele>
   </trkpt>
   <trkpt lat="51.574200000000005" lon="-0.8859400000000001">
    <ele>65.45</ele>
   </trkpt>
   <trkpt lat="51.57453" lon="-0.8868400000000001">
    <ele>68.28</ele>
   </trkpt>
   <trkpt lat="51.57484" lon="-0.88753">
    <ele>71.28000000000002</ele>
   </trkpt>
   <trkpt lat="51.575160000000004" lon="-0.88868">
    <ele>74.16</ele>
   </trkpt>
   <trkpt lat="51.57526000000001" lon="-0.8892100000000001">
    <ele>76.28</ele>
   </trkpt>
   <trkpt lat="51.57528000000001" lon="-0.8896000000000001">
    <ele>78.85000000000001</ele>
   </trkpt>
   <trkpt lat="51.57537000000001" lon="-0.88987">
    <ele>79.89</ele>
   </trkpt>
   <trkpt lat="51.57551" lon="-0.89007">
    <ele>83.15</ele>
   </trkpt>
   <trkpt lat="51.57564000000001" lon="-0.8901100000000001">
    <ele>85.48</ele>
   </trkpt>
   <trkpt lat="51.575990000000004" lon="-0.8901100000000001">
    <ele>88.71000000000001</ele>
   </trkpt>
   <trkpt lat="51.57631000000001" lon="-0.8899400000000001">
    <ele>94.15</ele>
   </trkpt>
   <trkpt lat="51.576755000257194" lon="-0.8897850014635758">
    <ele>99.51</ele>
   </trkpt>
   <trkpt lat="51.577200000000005" lon="-0.88963">
    <ele>103.75</ele>
   </trkpt>
   <trkpt lat="51.577600000000004" lon="-0.88929">
    <ele>107.73</ele>
   </trkpt>
   <trkpt lat="51.5783199999739" lon="-0.8891750018350306">
    <ele>109.34</ele>
   </trkpt>
   <trkpt lat="51.579040000000006" lon="-0.8890600000000001">
    <ele>110.23</ele>
   </trkpt>
   <trkpt lat="51.579699999929986" lon="-0.8891099992677398">
    <ele>112.71000000000001</ele>
   </trkpt>
   <trkpt lat="51.580360000000006" lon="-0.8891600000000001">
    <ele>113.52000000000001</ele>
   </trkpt>
   <trkpt lat="51.580920000000006" lon="-0.88975">
    <ele>115.52000000000001</ele>
   </trkpt>
   <trkpt lat="51.58120500154343" lon="-0.8903449963503984">
    <ele>117.07000000000001</ele>
   </trkpt>
   <trkpt lat="51.58149" lon="-0.8909400000000001">
    <ele>119.76</ele>
   </trkpt>
   <trkpt lat="51.581810000000004" lon="-0.89209">
    <ele>124.27</ele>
   </trkpt>
   <trkpt lat="51.58196" lon="-0.8925000000000001">
    <ele>125.57000000000001</ele>
   </trkpt>
   <trkpt lat="51.58243" lon="-0.8933700000000001">
    <ele>128.41000000000003</ele>
   </trkpt>
   <trkpt lat="51.582930000000005" lon="-0.8940300000000001">
    <ele>111.37</ele>
   </trkpt>
   <trkpt lat="51.5829" lon="-0.89431">
    <ele>113.38000000000001</ele>
   </trkpt>
   <trkpt lat="51.58299" lon="-0.89553">
    <ele>121.72000000000001</ele>
   </trkpt>
   <trkpt lat="51.58323000000001" lon="-0.89614">
    <ele>127.18</ele>
   </trkpt>
   <trkpt lat="51.58326" lon="-0.8966200000000001">
    <ele>129.65</ele>
   </trkpt>
   <trkpt lat="51.583000000000006" lon="-0.89707">
    <ele>135.27</ele>
   </trkpt>
   <trkpt lat="51.58301000838576" lon="-0.8984749995289669">
    <ele>137.27</ele>
   </trkpt>
   <trkpt lat="51.583020000000005" lon="-0.8998800000000001">
    <ele>145.75000000000003</ele>
   </trkpt>
   <trkpt lat="51.583580000000005" lon="-0.9006000000000001">
    <ele>152.10000000000002</ele>
   </trkpt>
   <trkpt lat="51.58410000000001" lon="-0.9009900000000001">
    <ele>157.31</ele>
   </trkpt>
   <trkpt lat="51.584230000000005" lon="-0.90112">
    <ele>158.06</ele>
   </trkpt>
   <trkpt lat="51.58466000000001" lon="-0.9019">
    <ele>161.97</ele>
   </trkpt>
   <trkpt lat="51.58520000000001" lon="-0.9027700000000001">
    <ele>164.86</ele>
   </trkpt>
   <trkpt lat="51.58531000000001" lon="-0.9028700000000001">
    <ele>165.52</ele>
   </trkpt>
   <trkpt lat="51.58597" lon="-0.90329">
    <ele>167.09</ele>
   </trkpt>
   <trkpt lat="51.58657" lon="-0.9036200000000001">
    <ele>168.19</ele>
   </trkpt>
   <trkpt lat="51.587070000000004" lon="-0.90419">
    <ele>170.07000000000002</ele>
   </trkpt>
   <trkpt lat="51.587450000000004" lon="-0.9048200000000001">
    <ele>171.99</ele>
   </trkpt>
   <trkpt lat="51.587590000000006" lon="-0.9049900000000001">
    <ele>173.02</ele>
   </trkpt>
   <trkpt lat="51.58793000000001" lon="-0.90534">
    <ele>174.77</ele>
   </trkpt>
   <trkpt lat="51.58805" lon="-0.90551">
    <ele>175.38</ele>
   </trkpt>
   <trkpt lat="51.58816" lon="-0.90639">
    <ele>175.63</ele>
   </trkpt>
   <trkpt lat="51.58816" lon="-0.9064300000000001">
    <ele>175.75</ele>
   </trkpt>
   <trkpt lat="51.588530000000006" lon="-0.907">
    <ele>176.1</ele>
   </trkpt>
   <trkpt lat="51.588710000000006" lon="-0.90724">
    <ele>176.06000000000003</ele>
   </trkpt>
   <trkpt lat="51.588890000000006" lon="-0.9074000000000001">
    <ele>176.0</ele>
   </trkpt>
   <trkpt lat="51.58939" lon="-0.9075300000000001">
    <ele>177.31000000000003</ele>
   </trkpt>
   <trkpt lat="51.58989500010315" lon="-0.9074600007667335">
    <ele>179.23000000000002</ele>
   </trkpt>
   <trkpt lat="51.5904" lon="-0.90739">
    <ele>181.33</ele>
   </trkpt>
   <trkpt lat="51.59094" lon="-0.90758">
    <ele>182.66000000000003</ele>
   </trkpt>
   <trkpt lat="51.591480000000004" lon="-0.90773">
    <ele>184.19000000000003</ele>
   </trkpt>
   <trkpt lat="51.5919" lon="-0.90773">
    <ele>185.84</ele>
   </trkpt>
   <trkpt lat="51.5925" lon="-0.9076200000000001">
    <ele>188.23000000000002</ele>
   </trkpt>
   <trkpt lat="51.592510000000004" lon="-0.90856">
    <ele>187.88000000000002</ele>
   </trkpt>
   <trkpt lat="51.59259" lon="-0.9097500000000001">
    <ele>188.15</ele>
   </trkpt>
   <trkpt lat="51.592750002286664" lon="-0.9104849973725825">
    <ele>188.56</ele>
   </trkpt>
   <trkpt lat="51.59291" lon="-0.91122">
    <ele>189.04000000000002</ele>
   </trkpt>
   <trkpt lat="51.59312000894215" lon="-0.912246657107336">
    <ele>188.97000000000003</ele>
   </trkpt>
   <trkpt lat="51.59333000892864" lon="-0.9132733237077593">
    <ele>189.43</ele>
   </trkpt>
   <trkpt lat="51.593540000000004" lon="-0.9143000000000001">
    <ele>189.57000000000002</ele>
   </trkpt>
   <trkpt lat="51.593500000000006" lon="-0.91412">
    <ele>189.77</ele>
   </trkpt>
   <trkpt lat="51.59389" lon="-0.9139700000000001">
    <ele>190.11</ele>
   </trkpt>
   <trkpt lat="51.59432" lon="-0.9139700000000001">
    <ele>190.51000000000002</ele>
   </trkpt>
   <trkpt lat="51.594550000000005" lon="-0.9138400000000001">
    <ele>189.8</ele>
   </trkpt>
   <trkpt lat="51.59501" lon="-0.9129">
    <ele>188.88000000000002</ele>
   </trkpt>
   <trkpt lat="51.595510000000004" lon="-0.91224">
    <ele>187.12</ele>
   </trkpt>
   <trkpt lat="51.59564" lon="-0.9118700000000001">
    <ele>184.99</ele>
   </trkpt>
   <trkpt lat="51.595763342831496" lon="-0.9108133389726135">
    <ele>178.57</ele>
   </trkpt>
   <trkpt lat="51.59588667617648" lon="-0.9097566722063523">
    <ele>171.17000000000002</ele>
   </trkpt>
   <trkpt lat="51.59601000000001" lon="-0.9087000000000001">
    <ele>166.42000000000002</ele>
   </trkpt>
   <trkpt lat="51.596190005019636" lon="-0.907610004487025">
    <ele>162.39000000000001</ele>
   </trkpt>
   <trkpt lat="51.59637000000001" lon="-0.9065200000000001">
    <ele>159.74</ele>
   </trkpt>
   <trkpt lat="51.59659000296749" lon="-0.9056850040235623">
    <ele>156.56</ele>
   </trkpt>
   <trkpt lat="51.596810000000005" lon="-0.90485">
    <ele>153.29000000000002</ele>
   </trkpt>
   <trkpt lat="51.59694500219496" lon="-0.904130002178998">
    <ele>150.47000000000003</ele>
   </trkpt>
   <trkpt lat="51.597080000000005" lon="-0.90341">
    <ele>148.21</ele>
   </trkpt>
   <trkpt lat="51.597060000000006" lon="-0.90283">
    <ele>145.68</ele>
   </trkpt>
   <trkpt lat="51.597240000000006" lon="-0.90175">
    <ele>143.06000000000003</ele>
   </trkpt>
   <trkpt lat="51.597660000000005" lon="-0.90058">
    <ele>139.26000000000002</ele>
   </trkpt>
   <trkpt lat="51.5981" lon="-0.8999">
    <ele>136.20000000000002</ele>
   </trkpt>
   <trkpt lat="51.5985" lon="-0.8994300000000001">
    <ele>133.56</ele>
   </trkpt>
   <trkpt lat="51.59879" lon="-0.89929">
    <ele>132.86</ele>
   </trkpt>
   <trkpt lat="51.599450000000004" lon="-0.89924">
    <ele>129.51000000000002</ele>
   </trkpt>
   <trkpt lat="51.599880000000006" lon="-0.89929">
    <ele>128.49</ele>
   </trkpt>
   <trkpt lat="51.6002" lon="-0.89951">
    <ele>126.25</ele>
   </trkpt>
   <trkpt lat="51.60054" lon="-0.90017">
    <ele>123.92000000000002</ele>
   </trkpt>
   <trkpt lat="51.600950000747694" lon="-0.900594996142464">
    <ele>122.26</ele>
   </trkpt>
   <trkpt lat="51.60136000000001" lon="-0.90102">
    <ele>119.99000000000001</ele>
   </trkpt>
   <trkpt lat="51.60172000000001" lon="-0.9011600000000001">
    <ele>118.15</ele>
   </trkpt>
   <trkpt lat="51.602250000000005" lon="-0.90114">
    <ele>116.17</ele>
   </trkpt>
   <trkpt lat="51.602720000000005" lon="-0.90095">
    <ele>114.51</ele>
   </trkpt>
   <trkpt lat="51.60302" lon="-0.90063">
    <ele>113.59</ele>
   </trkpt>
   <trkpt lat="51.60323" lon="-0.9001600000000001">
    <ele>112.53</ele>
   </trkpt>
   <trkpt lat="51.60345500270082" lon="-0.8993600040276736">
    <ele>110.32000000000001</ele>
   </trkpt>
   <trkpt lat="51.603680000000004" lon="-0.89856">
    <ele>109.46000000000001</ele>
   </trkpt>
   <trkpt lat="51.60394" lon="-0.89792">
    <ele>107.21000000000001</ele>
   </trkpt>
   <trkpt lat="51.604440000000004" lon="-0.89736">
    <ele>105.02</ele>
   </trkpt>
   <trkpt lat="51.60493" lon="-0.8970400000000001">
    <ele>103.25</ele>
   </trkpt>
   <trkpt lat="51.60533" lon="-0.89685">
    <ele>102.29</ele>
   </trkpt>
   <trkpt lat="51.60581999989665" lon="-0.8968250002752172">
    <ele>100.60000000000001</ele>
   </trkpt>
   <trkpt lat="51.60631000000001" lon="-0.8968">
    <ele>99.09</ele>
   </trkpt>
   <trkpt lat="51.606660000000005" lon="-0.8969">
    <ele>98.43</ele>
   </trkpt>
   <trkpt lat="51.60685" lon="-0.8970600000000001">
    <ele>98.29</ele>
   </trkpt>
   <trkpt lat="51.60690500832852" lon="-0.8984599983763066">
    <ele>102.13000000000001</ele>
   </trkpt>
   <trkpt lat="51.60696" lon="-0.8998600000000001">
    <ele>106.51</ele>
   </trkpt>
   <trkpt lat="51.607000000000006" lon="-0.89985">
    <ele>106.51</ele>
   </trkpt>
   <trkpt lat="51.607040000000005" lon="-0.89975">
    <ele>106.51</ele>
   </trkpt>
   <trkpt lat="51.60768000661742" lon="-0.8991260351849665">
    <ele>99.85000000000001</ele>
   </trkpt>
   <trkpt lat="51.60832000992714" lon="-0.898502052777423">
    <ele>98.25</ele>
   </trkpt>
   <trkpt lat="51.608960009929035" lon="-0.8978780527765609">
    <ele>100.51</ele>
   </trkpt>
   <trkpt lat="51.609600006622905" lon="-0.8972540351815712">
    <ele>101.93</ele>
   </trkpt>
   <trkpt lat="51.610240000000005" lon="-0.89663">
    <ele>103.17000000000002</ele>
   </trkpt>
   <trkpt lat="51.610755001027385" lon="-0.8961400055518834">
    <ele>101.97</ele>
   </trkpt>
   <trkpt lat="51.611270000000005" lon="-0.8956500000000001">
    <ele>98.44000000000001</ele>
   </trkpt>
   <trkpt lat="51.61139000000001" lon="-0.89558">
    <ele>98.24000000000001</ele>
   </trkpt>
   <trkpt lat="51.61159000000001" lon="-0.8953700000000001">
    <ele>95.67999999999999</ele>
   </trkpt>
   <trkpt lat="51.61209000130263" lon="-0.8948400057219451">
    <ele>92.29</ele>
   </trkpt>
   <trkpt lat="51.612590000000004" lon="-0.89431">
    <ele>89.62</ele>
   </trkpt>
   <trkpt lat="51.61278" lon="-0.8940500000000001">
    <ele>88.54</ele>
   </trkpt>
   <trkpt lat="51.612770000000005" lon="-0.8939400000000001">
    <ele>88.03000000000002</ele>
   </trkpt>
   <trkpt lat="51.61298000000001" lon="-0.8936000000000001">
    <ele>84.91000000000001</ele>
   </trkpt>
   <trkpt lat="51.613130000000005" lon="-0.8935000000000001">
    <ele>84.26</ele>
   </trkpt>
   <trkpt lat="51.61327000000001" lon="-0.89329">
    <ele>83.28</ele>
   </trkpt>
   <trkpt lat="51.61341" lon="-0.89319">
    <ele>82.85000000000001</ele>
   </trkpt>
   <trkpt lat="51.613690000000005" lon="-0.89314">
    <ele>82.26</ele>
   </trkpt>
   <trkpt lat="51.613710000000005" lon="-0.8926000000000001">
    <ele>81.72</ele>
   </trkpt>
   <trkpt lat="51.61352" lon="-0.8920000000000001">
    <ele>81.0</ele>
   </trkpt>
   <trkpt lat="51.613440000000004" lon="-0.8918">
    <ele>81.0</ele>
   </trkpt>
   <trkpt lat="51.61321" lon="-0.8914000000000001">
    <ele>80.72</ele>
   </trkpt>
   <trkpt lat="51.613020000000006" lon="-0.89109">
    <ele>80.35000000000001</ele>
   </trkpt>
   <trkpt lat="51.612790000000004" lon="-0.89073">
    <ele>80.23</ele>
   </trkpt>
   <trkpt lat="51.61265" lon="-0.89046">
    <ele>79.72000000000001</ele>
   </trkpt>
   <trkpt lat="51.61242000000001" lon="-0.88982">
    <ele>79.33000000000001</ele>
   </trkpt>
   <trkpt lat="51.61206000000001" lon="-0.88863">
    <ele>78.74000000000001</ele>
   </trkpt>
   <trkpt lat="51.61195000000001" lon="-0.88836">
    <ele>78.74000000000001</ele>
   </trkpt>
   <trkpt lat="51.611790000000006" lon="-0.8880500000000001">
    <ele>78.51</ele>
   </trkpt>
   <trkpt lat="51.61164" lon="-0.8876200000000001">
    <ele>78.24000000000001</ele>
   </trkpt>
   <trkpt lat="51.611560000000004" lon="-0.88726">
    <ele>78.27000000000001</ele>
   </trkpt>
   <trkpt lat="51.61157000000001" lon="-0.8869400000000001">
    <ele>78.38000000000001</ele>
   </trkpt>
   <trkpt lat="51.61164" lon="-0.88668">
    <ele>78.60000000000001</ele>
   </trkpt>
   <trkpt lat="51.611740000000005" lon="-0.8864500000000001">
    <ele>79.44000000000001</ele>
   </trkpt>
   <trkpt lat="51.611900000000006" lon="-0.8859400000000001">
    <ele>80.63000000000001</ele>
   </trkpt>
   <trkpt lat="51.61213000000001" lon="-0.8848">
    <ele>83.92</ele>
   </trkpt>
   <trkpt lat="51.61229" lon="-0.88412">
    <ele>86.79</ele>
   </trkpt>
   <trkpt lat="51.61231" lon="-0.8839400000000001">
    <ele>87.26</ele>
   </trkpt>
   <trkpt lat="51.612280000000005" lon="-0.88336">
    <ele>88.12</ele>
   </trkpt>
   <trkpt lat="51.61229" lon="-0.8831200000000001">
    <ele>88.41</ele>
   </trkpt>
   <trkpt lat="51.612320000000004" lon="-0.88292">
    <ele>88.48</ele>
   </trkpt>
   <trkpt lat="51.61251000000001" lon="-0.88236">
    <ele>88.97</ele>
   </trkpt>
   <trkpt lat="51.612680000000005" lon="-0.88177">
    <ele>87.31000000000002</ele>
   </trkpt>
   <trkpt lat="51.612820000000006" lon="-0.88104">
    <ele>84.28</ele>
   </trkpt>
   <trkpt lat="51.61292" lon="-0.8807200000000001">
    <ele>83.06</ele>
   </trkpt>
   <trkpt lat="51.613240000000005" lon="-0.8801800000000001">
    <ele>81.57000000000001</ele>
   </trkpt>
   <trkpt lat="51.613290000000006" lon="-0.8800500000000001">
    <ele>81.32000000000001</ele>
   </trkpt>
   <trkpt lat="51.61334" lon="-0.8798">
    <ele>81.23</ele>
   </trkpt>
   <trkpt lat="51.61339" lon="-0.87902">
    <ele>81.27000000000001</ele>
   </trkpt>
   <trkpt lat="51.613730000000004" lon="-0.8791500000000001">
    <ele>81.14999999999999</ele>
   </trkpt>
   <trkpt lat="51.61428" lon="-0.8793200000000001">
    <ele>81.5</ele>
   </trkpt>
   <trkpt lat="51.614990000000006" lon="-0.8794500000000001">
    <ele>82.65</ele>
   </trkpt>
   <trkpt lat="51.615190000000005" lon="-0.8795400000000001">
    <ele>82.88000000000001</ele>
   </trkpt>
   <trkpt lat="51.6159" lon="-0.87997">
    <ele>84.47</ele>
   </trkpt>
   <trkpt lat="51.61634" lon="-0.8800100000000001">
    <ele>85.42</ele>
   </trkpt>
   <trkpt lat="51.61695" lon="-0.88026">
    <ele>86.48</ele>
   </trkpt>
   <trkpt lat="51.61717" lon="-0.88031">
    <ele>86.92000000000002</ele>
   </trkpt>
   <trkpt lat="51.617290000000004" lon="-0.88016">
    <ele>85.69</ele>
   </trkpt>
   <trkpt lat="51.61735" lon="-0.8801300000000001">
    <ele>85.69</ele>
   </trkpt>
   <trkpt lat="51.61739000000001" lon="-0.88016">
    <ele>85.69</ele>
   </trkpt>
   <trkpt lat="51.61764" lon="-0.8801700000000001">
    <ele>85.63000000000001</ele>
   </trkpt>
   <trkpt lat="51.61779000000001" lon="-0.8802700000000001">
    <ele>87.66</ele>
   </trkpt>
   <trkpt lat="51.61782" lon="-0.8803300000000001">
    <ele>87.66</ele>
   </trkpt>
   <trkpt lat="51.617810000000006" lon="-0.8804000000000001">
    <ele>87.66</ele>
   </trkpt>
   <trkpt lat="51.618230000000004" lon="-0.88063">
    <ele>88.42000000000002</ele>
   </trkpt>
   <trkpt lat="51.618755000542805" lon="-0.880969996100235">
    <ele>88.87</ele>
   </trkpt>
   <trkpt lat="51.61928" lon="-0.88131">
    <ele>89.28000000000002</ele>
   </trkpt>
   <trkpt lat="51.61939" lon="-0.88146">
    <ele>89.28000000000002</ele>
   </trkpt>
   <trkpt lat="51.619400000000006" lon="-0.8814700000000001">
    <ele>89.28000000000002</ele>
   </trkpt>
   <trkpt lat="51.61957" lon="-0.88192">
    <ele>89.57000000000001</ele>
   </trkpt>
   <trkpt lat="51.61977" lon="-0.88297">
    <ele>90.47000000000001</ele>
   </trkpt>
   <trkpt lat="51.61984" lon="-0.8831200000000001">
    <ele>90.47000000000001</ele>
   </trkpt>
   <trkpt lat="51.619710000000005" lon="-0.88385">
    <ele>90.94000000000001</ele>
   </trkpt>
   <trkpt lat="51.619600000000005" lon="-0.8852300000000001">
    <ele>92.03</ele>
   </trkpt>
   <trkpt lat="51.619600000000005" lon="-0.88658">
    <ele>92.29</ele>
   </trkpt>
   <trkpt lat="51.61972" lon="-0.8875000000000001">
    <ele>93.46</ele>
   </trkpt>
   <trkpt lat="51.6199" lon="-0.8880600000000001">
    <ele>93.93</ele>
   </trkpt>
   <trkpt lat="51.62044" lon="-0.88885">
    <ele>94.77000000000001</ele>
   </trkpt>
   <trkpt lat="51.62075" lon="-0.88912">
    <ele>95.29</ele>
   </trkpt>
   <trkpt lat="51.621430000000004" lon="-0.89004">
    <ele>96.69000000000001</ele>
   </trkpt>
   <trkpt lat="51.62211000123526" lon="-0.8905749919979595">
    <ele>97.7</ele>
   </trkpt>
   <trkpt lat="51.62279" lon="-0.8911100000000001">
    <ele>98.91000000000001</ele>
   </trkpt>
   <trkpt lat="51.623490000000004" lon="-0.8918400000000001">
    <ele>99.7</ele>
   </trkpt>
   <trkpt lat="51.62382500140988" lon="-0.8924049959196799">
    <ele>100.84000000000002</ele>
   </trkpt>
   <trkpt lat="51.62416" lon="-0.89297">
    <ele>101.4</ele>
   </trkpt>
   <trkpt lat="51.62463" lon="-0.89353">
    <ele>102.42000000000002</ele>
   </trkpt>
   <trkpt lat="51.62503" lon="-0.8939400000000001">
    <ele>103.49000000000001</ele>
   </trkpt>
   <trkpt lat="51.625350000000005" lon="-0.89409">
    <ele>104.05</ele>
   </trkpt>
   <trkpt lat="51.625750000000004" lon="-0.8943800000000001">
    <ele>104.79</ele>
   </trkpt>
   <trkpt lat="51.62623499990327" lon="-0.8944799989022951">
    <ele>105.04</ele>
   </trkpt>
   <trkpt lat="51.626720000000006" lon="-0.89458">
    <ele>106.37</ele>
   </trkpt>
   <trkpt lat="51.6272" lon="-0.8947200000000001">
    <ele>107.00000000000001</ele>
   </trkpt>
   <trkpt lat="51.62744000000001" lon="-0.8949900000000001">
    <ele>107.53000000000002</ele>
   </trkpt>
   <trkpt lat="51.62783" lon="-0.89514">
    <ele>108.14000000000001</ele>
   </trkpt>
   <trkpt lat="51.628280000000004" lon="-0.89563">
    <ele>108.81</ele>
   </trkpt>
   <trkpt lat="51.62856000000001" lon="-0.89648">
    <ele>109.97000000000001</ele>
   </trkpt>
   <trkpt lat="51.6288150020145" lon="-0.8971749959927071">
    <ele>111.00000000000001</ele>
   </trkpt>
   <trkpt lat="51.629070000000006" lon="-0.8978700000000001">
    <ele>111.51</ele>
   </trkpt>
   <trkpt lat="51.62942" lon="-0.89863">
    <ele>112.24000000000001</ele>
   </trkpt>
   <trkpt lat="51.63008000000001" lon="-0.8993200000000001">
    <ele>114.28</ele>
   </trkpt>
   <trkpt lat="51.630030000000005" lon="-0.89968">
    <ele>115.42</ele>
   </trkpt>
   <trkpt lat="51.6302" lon="-0.9001600000000001">
    <ele>119.75</ele>
   </trkpt>
   <trkpt lat="51.63035000000001" lon="-0.90051">
    <ele>121.19</ele>
   </trkpt>
   <trkpt lat="51.630280000000006" lon="-0.90107">
    <ele>123.78000000000002</ele>
   </trkpt>
   <trkpt lat="51.630300000000005" lon="-0.90168">
    <ele>127.39</ele>
   </trkpt>
   <trkpt lat="51.63024000000001" lon="-0.9023800000000001">
    <ele>130.91</ele>
   </trkpt>
   <trkpt lat="51.630570000000006" lon="-0.90258">
    <ele>133.44</ele>
   </trkpt>
   <trkpt lat="51.63076" lon="-0.9026500000000001">
    <ele>133.91</ele>
   </trkpt>
   <trkpt lat="51.630880000000005" lon="-0.9031000000000001">
    <ele>136.19</ele>
   </trkpt>
   <trkpt lat="51.63074" lon="-0.90436">
    <ele>143.59000000000003</ele>
   </trkpt>
   <trkpt lat="51.63064000000001" lon="-0.90461">
    <ele>146.89000000000001</ele>
   </trkpt>
   <trkpt lat="51.630030000000005" lon="-0.9054800000000001">
    <ele>155.12</ele>
   </trkpt>
   <trkpt lat="51.62958500049202" lon="-0.9058600038311777">
    <ele>165.47</ele>
   </trkpt>
   <trkpt lat="51.62914000000001" lon="-0.90624">
    <ele>172.37000000000003</ele>
   </trkpt>
   <trkpt lat="51.628910000000005" lon="-0.9064800000000001">
    <ele>177.17000000000002</ele>
   </trkpt>
   <trkpt lat="51.628800000000005" lon="-0.9066500000000001">
    <ele>180.42000000000002</ele>
   </trkpt>
   <trkpt lat="51.62867000000001" lon="-0.90697">
    <ele>184.56</ele>
   </trkpt>
   <trkpt lat="51.628620000000005" lon="-0.90724">
    <ele>186.60000000000002</ele>
   </trkpt>
   <trkpt lat="51.62912000000001" lon="-0.90761">
    <ele>184.34</ele>
   </trkpt>
   <trkpt lat="51.62952000000001" lon="-0.90797">
    <ele>184.55</ele>
   </trkpt>
   <trkpt lat="51.629870000000004" lon="-0.9082600000000001">
    <ele>186.37</ele>
   </trkpt>
   <trkpt lat="51.630290000416174" lon="-0.9085649971914217">
    <ele>188.89</ele>
   </trkpt>
   <trkpt lat="51.63071000000001" lon="-0.9088700000000001">
    <ele>193.12</ele>
   </trkpt>
   <trkpt lat="51.631240000000005" lon="-0.90929">
    <ele>196.06</ele>
   </trkpt>
   <trkpt lat="51.631660000000004" lon="-0.9095300000000001">
    <ele>198.67000000000002</ele>
   </trkpt>
   <trkpt lat="51.631980000000006" lon="-0.90968">
    <ele>199.54000000000002</ele>
   </trkpt>
   <trkpt lat="51.63252000006754" lon="-0.9098749976446003">
    <ele>201.8</ele>
   </trkpt>
   <trkpt lat="51.63306000000001" lon="-0.91007">
    <ele>203.36</ele>
   </trkpt>
   <trkpt lat="51.633740000980175" lon="-0.9104099898044801">
    <ele>206.03</ele>
   </trkpt>
   <trkpt lat="51.63442000097851" lon="-0.9107499898034552">
    <ele>207.17000000000002</ele>
   </trkpt>
   <trkpt lat="51.6351" lon="-0.9110900000000001">
    <ele>208.26000000000002</ele>
   </trkpt>
   <trkpt lat="51.6353" lon="-0.9112600000000001">
    <ele>208.82</ele>
   </trkpt>
   <trkpt lat="51.635830000000006" lon="-0.91183">
    <ele>210.21</ele>
   </trkpt>
   <trkpt lat="51.63617000000001" lon="-0.9122800000000001">
    <ele>211.44000000000003</ele>
   </trkpt>
   <trkpt lat="51.636535001880546" lon="-0.912944994652639">
    <ele>212.87</ele>
   </trkpt>
   <trkpt lat="51.636900000000004" lon="-0.91361">
    <ele>214.6</ele>
   </trkpt>
   <trkpt lat="51.63734" lon="-0.9142800000000001">
    <ele>216.42000000000002</ele>
   </trkpt>
   <trkpt lat="51.637640000000005" lon="-0.91478">
    <ele>218.13000000000002</ele>
   </trkpt>
   <trkpt lat="51.63808" lon="-0.91532">
    <ele>219.34</ele>
   </trkpt>
   <trkpt lat="51.63862" lon="-0.9158700000000001">
    <ele>220.60000000000002</ele>
   </trkpt>
   <trkpt lat="51.638285003934854" lon="-0.9168350071854738">
    <ele>223.77</ele>
   </trkpt>
   <trkpt lat="51.637950000000004" lon="-0.9178000000000001">
    <ele>222.72000000000003</ele>
   </trkpt>
   <trkpt lat="51.637840000000004" lon="-0.9180100000000001">
    <ele>222.14000000000001</ele>
   </trkpt>
   <trkpt lat="51.638090000000005" lon="-0.9181600000000001">
    <ele>222.78</ele>
   </trkpt>
   <trkpt lat="51.638090000000005" lon="-0.91922">
    <ele>219.89000000000001</ele>
   </trkpt>
   <trkpt lat="51.63833" lon="-0.9203600000000001">
    <ele>212.71</ele>
   </trkpt>
   <trkpt lat="51.63844" lon="-0.92098">
    <ele>208.61</ele>
   </trkpt>
   <trkpt lat="51.638450000000006" lon="-0.9214100000000001">
    <ele>205.64000000000001</ele>
   </trkpt>
   <trkpt lat="51.63834000000001" lon="-0.92188">
    <ele>199.95000000000002</ele>
   </trkpt>
   <trkpt lat="51.63824" lon="-0.92217">
    <ele>195.97</ele>
   </trkpt>
   <trkpt lat="51.638070000000006" lon="-0.92359">
    <ele>180.18</ele>
   </trkpt>
   <trkpt lat="51.638020000000004" lon="-0.92388">
    <ele>177.4</ele>
   </trkpt>
   <trkpt lat="51.63801" lon="-0.92412">
    <ele>174.78</ele>
   </trkpt>
   <trkpt lat="51.638070000000006" lon="-0.9247500000000001">
    <ele>169.95000000000002</ele>
   </trkpt>
   <trkpt lat="51.638110000000005" lon="-0.925">
    <ele>167.20000000000002</ele>
   </trkpt>
   <trkpt lat="51.63819" lon="-0.92515">
    <ele>166.18</ele>
   </trkpt>
   <trkpt lat="51.638310000000004" lon="-0.9252400000000001">
    <ele>164.28</ele>
   </trkpt>
   <trkpt lat="51.638690000000004" lon="-0.92527">
    <ele>161.61</ele>
   </trkpt>
   <trkpt lat="51.63902" lon="-0.92517">
    <ele>157.47000000000003</ele>
   </trkpt>
   <trkpt lat="51.63911" lon="-0.92505">
    <ele>155.87</ele>
   </trkpt>
   <trkpt lat="51.63935000000001" lon="-0.92505">
    <ele>153.98</ele>
   </trkpt>
   <trkpt lat="51.63979500006126" lon="-0.9248800016917222">
    <ele>145.77</ele>
   </trkpt>
   <trkpt lat="51.640240000000006" lon="-0.92471">
    <ele>139.51000000000002</ele>
   </trkpt>
   <trkpt lat="51.64038000000001" lon="-0.92473">
    <ele>137.32</ele>
   </trkpt>
   <trkpt lat="51.641040000000004" lon="-0.92444">
    <ele>131.5</ele>
   </trkpt>
   <trkpt lat="51.64092" lon="-0.92471">
    <ele>131.76000000000002</ele>
   </trkpt>
   <trkpt lat="51.640640000000005" lon="-0.92493">
    <ele>132.21</ele>
   </trkpt>
   <trkpt lat="51.64021000118055" lon="-0.9254650051166123">
    <ele>132.55</ele>
   </trkpt>
   <trkpt lat="51.63978" lon="-0.926">
    <ele>133.23000000000002</ele>
   </trkpt>
   <trkpt lat="51.63906500217721" lon="-0.9267200113765208">
    <ele>132.33</ele>
   </trkpt>
   <trkpt lat="51.63835" lon="-0.92744">
    <ele>128.34</ele>
   </trkpt>
   <trkpt lat="51.637820000739424" lon="-0.9278400046294675">
    <ele>126.18</ele>
   </trkpt>
   <trkpt lat="51.63729000000001" lon="-0.9282400000000001">
    <ele>124.37</ele>
   </trkpt>
   <trkpt lat="51.636970000000005" lon="-0.92839">
    <ele>124.44000000000001</ele>
   </trkpt>
   <trkpt lat="51.636530000180805" lon="-0.9285500015260667">
    <ele>125.22</ele>
   </trkpt>
   <trkpt lat="51.63609" lon="-0.92871">
    <ele>125.58</ele>
   </trkpt>
   <trkpt lat="51.635335000156246" lon="-0.9289300036766212">
    <ele>126.03</ele>
   </trkpt>
   <trkpt lat="51.63458000000001" lon="-0.92915">
    <ele>125.68</ele>
   </trkpt>
   <trkpt lat="51.633860000000006" lon="-0.9293500000000001">
    <ele>124.31</ele>
   </trkpt>
   <trkpt lat="51.63347" lon="-0.92949">
    <ele>126.54</ele>
   </trkpt>
   <trkpt lat="51.63318" lon="-0.92961">
    <ele>128.02</ele>
   </trkpt>
   <trkpt lat="51.63293" lon="-0.9298200000000001">
    <ele>129.29000000000002</ele>
   </trkpt>
   <trkpt lat="51.632670000000005" lon="-0.92988">
    <ele>129.38000000000002</ele>
   </trkpt>
   <trkpt lat="51.632540000000006" lon="-0.92998">
    <ele>129.91</ele>
   </trkpt>
   <trkpt lat="51.63233" lon="-0.9302400000000001">
    <ele>131.71</ele>
   </trkpt>
   <trkpt lat="51.63199500149893" lon="-0.9308500046531951">
    <ele>139.1</ele>
   </trkpt>
   <trkpt lat="51.631660000000004" lon="-0.9314600000000001">
    <ele>146.71</ele>
   </trkpt>
   <trkpt lat="51.63134" lon="-0.93259">
    <ele>163.53</ele>
   </trkpt>
   <trkpt lat="51.63125" lon="-0.9333400000000001">
    <ele>171.21</ele>
   </trkpt>
   <trkpt lat="51.630900000000004" lon="-0.93415">
    <ele>179.33</ele>
   </trkpt>
   <trkpt lat="51.63067" lon="-0.93454">
    <ele>182.75000000000003</ele>
   </trkpt>
   <trkpt lat="51.63053000000001" lon="-0.9351200000000001">
    <ele>189.85000000000002</ele>
   </trkpt>
   <trkpt lat="51.63026000000001" lon="-0.9359500000000001">
    <ele>196.60000000000002</ele>
   </trkpt>
   <trkpt lat="51.62951" lon="-0.93654">
    <ele>203.15000000000003</ele>
   </trkpt>
   <trkpt lat="51.62890000003702" lon="-0.9367350026618533">
    <ele>205.39000000000001</ele>
   </trkpt>
   <trkpt lat="51.62829000000001" lon="-0.93693">
    <ele>206.82</ele>
   </trkpt>
   <trkpt lat="51.62807" lon="-0.9371">
    <ele>207.32</ele>
   </trkpt>
   <trkpt lat="51.628115002516004" lon="-0.9378699992003704">
    <ele>209.34000000000003</ele>
   </trkpt>
   <trkpt lat="51.62816" lon="-0.93864">
    <ele>210.99</ele>
   </trkpt>
   <trkpt lat="51.62780000000001" lon="-0.9391600000000001">
    <ele>210.50000000000003</ele>
   </trkpt>
   <trkpt lat="51.62738" lon="-0.93986">
    <ele>208.41</ele>
   </trkpt>
   <trkpt lat="51.62751" lon="-0.9403500000000001">
    <ele>209.39000000000001</ele>
   </trkpt>
   <trkpt lat="51.62762000000001" lon="-0.94066">
    <ele>212.05</ele>
   </trkpt>
   <trkpt lat="51.62776" lon="-0.9412900000000001">
    <ele>214.23</ele>
   </trkpt>
   <trkpt lat="51.627880005058834" lon="-0.9423799972338944">
    <ele>216.98</ele>
   </trkpt>
   <trkpt lat="51.62800000000001" lon="-0.94347">
    <ele>219.45</ele>
   </trkpt>
   <trkpt lat="51.62812" lon="-0.94425">
    <ele>220.50000000000003</ele>
   </trkpt>
   <trkpt lat="51.628350000000005" lon="-0.94503">
    <ele>221.58</ele>
   </trkpt>
   <trkpt lat="51.62857" lon="-0.94559">
    <ele>222.20000000000002</ele>
   </trkpt>
   <trkpt lat="51.628890000000006" lon="-0.9462400000000001">
    <ele>222.86</ele>
   </trkpt>
   <trkpt lat="51.62918500196855" lon="-0.946914995687219">
    <ele>223.08</ele>
   </trkpt>
   <trkpt lat="51.62948" lon="-0.94759">
    <ele>223.24</ele>
   </trkpt>
   <trkpt lat="51.62975500213902" lon="-0.9482949957983556">
    <ele>223.61</ele>
   </trkpt>
   <trkpt lat="51.630030000000005" lon="-0.9490000000000001">
    <ele>224.04000000000002</ele>
   </trkpt>
   <trkpt lat="51.63017000000001" lon="-0.9494000000000001">
    <ele>224.3</ele>
   </trkpt>
   <trkpt lat="51.630030000000005" lon="-0.9490000000000001">
    <ele>224.04000000000002</ele>
   </trkpt>
   <trkpt lat="51.629810000000006" lon="-0.9492700000000001">
    <ele>223.15</ele>
   </trkpt>
   <trkpt lat="51.62948" lon="-0.9492">
    <ele>221.98000000000002</ele>
   </trkpt>
   <trkpt lat="51.62935" lon="-0.94959">
    <ele>221.03</ele>
   </trkpt>
   <trkpt lat="51.62942" lon="-0.94974">
    <ele>220.64000000000001</ele>
   </trkpt>
   <trkpt lat="51.628890000000006" lon="-0.94991">
    <ele>216.47000000000003</ele>
   </trkpt>
   <trkpt lat="51.62822000002306" lon="-0.9498049984455615">
    <ele>210.77</ele>
   </trkpt>
   <trkpt lat="51.62755000000001" lon="-0.9497000000000001">
    <ele>207.54000000000002</ele>
   </trkpt>
   <trkpt lat="51.6269700000283" lon="-0.949654999426235">
    <ele>203.64000000000001</ele>
   </trkpt>
   <trkpt lat="51.62639000000001" lon="-0.9496100000000001">
    <ele>200.54000000000002</ele>
   </trkpt>
   <trkpt lat="51.625960000000006" lon="-0.94959">
    <ele>199.35000000000002</ele>
   </trkpt>
   <trkpt lat="51.62543" lon="-0.94959">
    <ele>194.57000000000002</ele>
   </trkpt>
   <trkpt lat="51.62480000000001" lon="-0.9496600000000001">
    <ele>190.32000000000002</ele>
   </trkpt>
   <trkpt lat="51.624410000000005" lon="-0.94976">
    <ele>187.98000000000002</ele>
   </trkpt>
   <trkpt lat="51.623670000000004" lon="-0.9498900000000001">
    <ele>184.10000000000002</ele>
   </trkpt>
   <trkpt lat="51.623380000000004" lon="-0.94998">
    <ele>181.82</ele>
   </trkpt>
   <trkpt lat="51.623000000000005" lon="-0.94991">
    <ele>179.52</ele>
   </trkpt>
   <trkpt lat="51.62263" lon="-0.94996">
    <ele>177.00000000000003</ele>
   </trkpt>
   <trkpt lat="51.622530000000005" lon="-0.9500000000000001">
    <ele>176.45000000000002</ele>
   </trkpt>
   <trkpt lat="51.62232" lon="-0.9500400000000001">
    <ele>175.94</ele>
   </trkpt>
   <trkpt lat="51.62214" lon="-0.9500500000000001">
    <ele>174.88</ele>
   </trkpt>
   <trkpt lat="51.621930000000006" lon="-0.95013">
    <ele>172.6</ele>
   </trkpt>
   <trkpt lat="51.62156" lon="-0.9501700000000001">
    <ele>170.47</ele>
   </trkpt>
   <trkpt lat="51.621370000000006" lon="-0.95013">
    <ele>168.68</ele>
   </trkpt>
   <trkpt lat="51.621030000000005" lon="-0.95003">
    <ele>167.04000000000002</ele>
   </trkpt>
   <trkpt lat="51.62073" lon="-0.9498700000000001">
    <ele>165.69</ele>
   </trkpt>
   <trkpt lat="51.620670000000004" lon="-0.95047">
    <ele>167.54000000000002</ele>
   </trkpt>
   <trkpt lat="51.62073" lon="-0.95096">
    <ele>170.07000000000002</ele>
   </trkpt>
   <trkpt lat="51.620940000000004" lon="-0.95215">
    <ele>171.1</ele>
   </trkpt>
   <trkpt lat="51.620940000000004" lon="-0.9521400000000001">
    <ele>171.1</ele>
   </trkpt>
   <trkpt lat="51.62115000000001" lon="-0.95276">
    <ele>171.82</ele>
   </trkpt>
   <trkpt lat="51.621610000000004" lon="-0.95364">
    <ele>174.69</ele>
   </trkpt>
   <trkpt lat="51.62182000000001" lon="-0.95413">
    <ele>176.11</ele>
   </trkpt>
   <trkpt lat="51.621970000000005" lon="-0.95437">
    <ele>177.04</ele>
   </trkpt>
   <trkpt lat="51.622350000000004" lon="-0.95513">
    <ele>179.07</ele>
   </trkpt>
   <trkpt lat="51.622780000000006" lon="-0.95579">
    <ele>181.61</ele>
   </trkpt>
   <trkpt lat="51.62322" lon="-0.95635">
    <ele>184.17000000000002</ele>
   </trkpt>
   <trkpt lat="51.623610000000006" lon="-0.95664">
    <ele>186.79000000000002</ele>
   </trkpt>
   <trkpt lat="51.623850000000004" lon="-0.95674">
    <ele>187.54000000000002</ele>
   </trkpt>
   <trkpt lat="51.624050000000004" lon="-0.9568800000000001">
    <ele>187.77</ele>
   </trkpt>
   <trkpt lat="51.62445" lon="-0.9572700000000001">
    <ele>189.57000000000002</ele>
   </trkpt>
   <trkpt lat="51.62471000000001" lon="-0.9576100000000001">
    <ele>191.03</ele>
   </trkpt>
   <trkpt lat="51.624810000000004" lon="-0.95779">
    <ele>191.62</ele>
   </trkpt>
   <trkpt lat="51.625020000000006" lon="-0.95798">
    <ele>192.81</ele>
   </trkpt>
   <trkpt lat="51.62518000000001" lon="-0.9582">
    <ele>193.11</ele>
   </trkpt>
   <trkpt lat="51.62543" lon="-0.9584300000000001">
    <ele>194.26000000000002</ele>
   </trkpt>
   <trkpt lat="51.62566" lon="-0.95859">
    <ele>195.02</ele>
   </trkpt>
   <trkpt lat="51.626310000000004" lon="-0.95874">
    <ele>197.8</ele>
   </trkpt>
   <trkpt lat="51.62697500006769" lon="-0.9586650010944007">
    <ele>200.91</ele>
   </trkpt>
   <trkpt lat="51.62764000000001" lon="-0.95859">
    <ele>203.64000000000001</ele>
   </trkpt>
   <trkpt lat="51.627970000000005" lon="-0.95859">
    <ele>206.17000000000002</ele>
   </trkpt>
   <trkpt lat="51.628420000000006" lon="-0.95884">
    <ele>207.48000000000002</ele>
   </trkpt>
   <trkpt lat="51.62866" lon="-0.9591500000000001">
    <ele>208.62000000000003</ele>
   </trkpt>
   <trkpt lat="51.628980000000006" lon="-0.95962">
    <ele>211.22000000000003</ele>
   </trkpt>
   <trkpt lat="51.629310000000004" lon="-0.9603200000000001">
    <ele>213.46</ele>
   </trkpt>
   <trkpt lat="51.62933" lon="-0.9606800000000001">
    <ele>215.52</ele>
   </trkpt>
   <trkpt lat="51.629340000000006" lon="-0.96157">
    <ele>219.47000000000003</ele>
   </trkpt>
   <trkpt lat="51.62926" lon="-0.96245">
    <ele>222.98000000000002</ele>
   </trkpt>
   <trkpt lat="51.62905000000001" lon="-0.9638500000000001">
    <ele>229.52000000000004</ele>
   </trkpt>
   <trkpt lat="51.62953" lon="-0.9642000000000001">
    <ele>230.79000000000002</ele>
   </trkpt>
   <trkpt lat="51.629670000000004" lon="-0.96435">
    <ele>231.3</ele>
   </trkpt>
   <trkpt lat="51.630320000000005" lon="-0.96513">
    <ele>234.76000000000002</ele>
   </trkpt>
   <trkpt lat="51.63087000382387" lon="-0.9657999837661553">
    <ele>236.61</ele>
   </trkpt>
   <trkpt lat="51.63142000383487" lon="-0.9664699837793087">
    <ele>238.19</ele>
   </trkpt>
   <trkpt lat="51.63197" lon="-0.9671400000000001">
    <ele>239.26000000000002</ele>
   </trkpt>
   <trkpt lat="51.63243500078665" lon="-0.9675699955931636">
    <ele>239.76000000000002</ele>
   </trkpt>
   <trkpt lat="51.63290000000001" lon="-0.9680000000000001">
    <ele>240.87000000000003</ele>
   </trkpt>
   <trkpt lat="51.63309" lon="-0.9681600000000001">
    <ele>240.78000000000003</ele>
   </trkpt>
   <trkpt lat="51.63346000000001" lon="-0.9685400000000001">
    <ele>241.47</ele>
   </trkpt>
   <trkpt lat="51.63383" lon="-0.9688500000000001">
    <ele>241.62000000000003</ele>
   </trkpt>
   <trkpt lat="51.63434000008948" lon="-0.9690849972907415">
    <ele>241.87000000000003</ele>
   </trkpt>
   <trkpt lat="51.63485000000001" lon="-0.9693200000000001">
    <ele>242.07</ele>
   </trkpt>
   <trkpt lat="51.63514000000001" lon="-0.9693800000000001">
    <ele>242.40000000000003</ele>
   </trkpt>
   <trkpt lat="51.63589" lon="-0.9693700000000001">
    <ele>243.1</ele>
   </trkpt>
   <trkpt lat="51.636560000217656" lon="-0.9692300041257979">
    <ele>243.17000000000002</ele>
   </trkpt>
   <trkpt lat="51.63723000026884" lon="-0.9690900041151768">
    <ele>242.6</ele>
   </trkpt>
   <trkpt lat="51.6379" lon="-0.9689500000000001">
    <ele>242.29000000000002</ele>
   </trkpt>
   <trkpt lat="51.63808001250661" lon="-0.970163323720532">
    <ele>240.09000000000003</ele>
   </trkpt>
   <trkpt lat="51.638260012509505" lon="-0.9713766570730908">
    <ele>236.76000000000002</ele>
   </trkpt>
   <trkpt lat="51.63844" lon="-0.9725900000000001">
    <ele>227.92000000000002</ele>
   </trkpt>
   <trkpt lat="51.638490000000004" lon="-0.97274">
    <ele>225.69000000000003</ele>
   </trkpt>
   <trkpt lat="51.63863000328452" lon="-0.9736199972573749">
    <ele>216.81000000000003</ele>
   </trkpt>
   <trkpt lat="51.63877" lon="-0.9745">
    <ele>207.16</ele>
   </trkpt>
   <trkpt lat="51.63879000000001" lon="-0.97535">
    <ele>197.49</ele>
   </trkpt>
   <trkpt lat="51.63886" lon="-0.97572">
    <ele>193.27</ele>
   </trkpt>
   <trkpt lat="51.638960000000004" lon="-0.9759800000000001">
    <ele>191.43</ele>
   </trkpt>
   <trkpt lat="51.639100000000006" lon="-0.97623">
    <ele>185.8</ele>
   </trkpt>
   <trkpt lat="51.63942" lon="-0.97645">
    <ele>181.17000000000002</ele>
   </trkpt>
   <trkpt lat="51.639810000000004" lon="-0.9769800000000001">
    <ele>173.90000000000003</ele>
   </trkpt>
   <trkpt lat="51.640040000000006" lon="-0.9772500000000001">
    <ele>171.28</ele>
   </trkpt>
   <trkpt lat="51.64049000155502" lon="-0.9778299944072769">
    <ele>162.66000000000003</ele>
   </trkpt>
   <trkpt lat="51.64094000000001" lon="-0.9784100000000001">
    <ele>157.85000000000002</ele>
   </trkpt>
   <trkpt lat="51.64144333788426" lon="-0.9791399838298808">
    <ele>155.95</ele>
   </trkpt>
   <trkpt lat="51.64194667124262" lon="-0.9798699838659093">
    <ele>152.93</ele>
   </trkpt>
   <trkpt lat="51.642450000000004" lon="-0.9806">
    <ele>149.89000000000001</ele>
   </trkpt>
   <trkpt lat="51.642570000000006" lon="-0.98079">
    <ele>148.65</ele>
   </trkpt>
   <trkpt lat="51.642860000000006" lon="-0.98116">
    <ele>145.84000000000003</ele>
   </trkpt>
   <trkpt lat="51.64325" lon="-0.9816900000000001">
    <ele>143.45000000000002</ele>
   </trkpt>
   <trkpt lat="51.6437425095313" lon="-0.9825549718114043">
    <ele>142.11</ele>
   </trkpt>
   <trkpt lat="51.64423501270816" lon="-0.9834199624141764">
    <ele>138.88</ele>
   </trkpt>
   <trkpt lat="51.64472750953035" lon="-0.9842849718088145">
    <ele>134.85</ele>
   </trkpt>
   <trkpt lat="51.64522" lon="-0.9851500000000001">
    <ele>132.55</ele>
   </trkpt>
   <trkpt lat="51.64519000000001" lon="-0.98521">
    <ele>132.52</ele>
   </trkpt>
   <trkpt lat="51.64455" lon="-0.98577">
    <ele>133.60000000000002</ele>
   </trkpt>
   <trkpt lat="51.64394000000001" lon="-0.98616">
    <ele>134.76000000000002</ele>
   </trkpt>
   <trkpt lat="51.64365" lon="-0.9865">
    <ele>134.26000000000002</ele>
   </trkpt>
   <trkpt lat="51.64321" lon="-0.9869100000000001">
    <ele>133.60000000000002</ele>
   </trkpt>
   <trkpt lat="51.642810000000004" lon="-0.98755">
    <ele>132.11</ele>
   </trkpt>
   <trkpt lat="51.642250000000004" lon="-0.98821">
    <ele>132.42000000000002</ele>
   </trkpt>
   <trkpt lat="51.64173" lon="-0.9890100000000001">
    <ele>135.44</ele>
   </trkpt>
   <trkpt lat="51.64161000000001" lon="-0.9893000000000001">
    <ele>136.39000000000001</ele>
   </trkpt>
   <trkpt lat="51.64152000000001" lon="-0.98965">
    <ele>137.11</ele>
   </trkpt>
   <trkpt lat="51.641310000000004" lon="-0.99072">
    <ele>134.73000000000002</ele>
   </trkpt>
   <trkpt lat="51.641160000000006" lon="-0.9912000000000001">
    <ele>132.39000000000001</ele>
   </trkpt>
   <trkpt lat="51.64096000000001" lon="-0.9916900000000001">
    <ele>131.24</ele>
   </trkpt>
   <trkpt lat="51.640820000000005" lon="-0.99194">
    <ele>130.99</ele>
   </trkpt>
   <trkpt lat="51.64061" lon="-0.99206">
    <ele>131.25</ele>
   </trkpt>
   <trkpt lat="51.640260000000005" lon="-0.9922200000000001">
    <ele>132.88</ele>
   </trkpt>
   <trkpt lat="51.64069004127101" lon="-0.9933221386016707">
    <ele>134.15</ele>
   </trkpt>
   <trkpt lat="51.641120072225" lon="-0.9944242981077364">
    <ele>134.15</ele>
   </trkpt>
   <trkpt lat="51.64155009286163" lon="-0.9955264785184142">
    <ele>134.15</ele>
   </trkpt>
   <trkpt lat="51.64198010318051" lon="-0.9966286798339221">
    <ele>134.15</ele>
   </trkpt>
   <trkpt lat="51.64241010318132" lon="-0.9977309020544769">
    <ele>110.53</ele>
   </trkpt>
   <trkpt lat="51.6428400928637" lon="-0.9988331451802956">
    <ele>110.53</ele>
   </trkpt>
   <trkpt lat="51.643270072227295" lon="-0.999935409211596">
    <ele>110.53</ele>
   </trkpt>
   <trkpt lat="51.64370004127175" lon="-1.0010376941485952">
    <ele>110.53</ele>
   </trkpt>
   <trkpt lat="51.644130000000004" lon="-1.00214">
    <ele>110.53</ele>
   </trkpt>
   <trkpt lat="51.64369226441596" lon="-1.0010254694737741">
    <ele>110.53</ele>
   </trkpt>
   <trkpt lat="51.64325451828227" lon="-0.9999109604676325">
    <ele>110.53</ele>
   </trkpt>
   <trkpt lat="51.64281676159929" lon="-0.9987964729813404">
    <ele>110.53</ele>
   </trkpt>
   <trkpt lat="51.6423789943674" lon="-0.9976820070146629">
    <ele>110.53</ele>
   </trkpt>
   <trkpt lat="51.641941216586964" lon="-0.9965675625673653">
    <ele>135.3</ele>
   </trkpt>
   <trkpt lat="51.64150342825836" lon="-0.9954531396392127">
    <ele>135.3</ele>
   </trkpt>
   <trkpt lat="51.641065629381934" lon="-0.9943387382299701">
    <ele>135.3</ele>
   </trkpt>
   <trkpt lat="51.64062781995807" lon="-0.9932243583394025">
    <ele>135.3</ele>
   </trkpt>
   <trkpt lat="51.640190000000004" lon="-0.99211">
    <ele>135.3</ele>
   </trkpt>
   <trkpt lat="51.63971" lon="-0.9923100000000001">
    <ele>134.07000000000002</ele>
   </trkpt>
   <trkpt lat="51.639410000000005" lon="-0.99248">
    <ele>134.66</ele>
   </trkpt>
   <trkpt lat="51.63911" lon="-0.9925700000000001">
    <ele>135.58</ele>
   </trkpt>
   <trkpt lat="51.638920000000006" lon="-0.99267">
    <ele>136.27</ele>
   </trkpt>
   <trkpt lat="51.63875" lon="-0.9928400000000001">
    <ele>136.67000000000002</ele>
   </trkpt>
   <trkpt lat="51.63862" lon="-0.9930000000000001">
    <ele>137.07</ele>
   </trkpt>
   <trkpt lat="51.638060003279534" lon="-0.9938900111239881">
    <ele>138.71</ele>
   </trkpt>
   <trkpt lat="51.6375" lon="-0.9947800000000001">
    <ele>137.75</ele>
   </trkpt>
   <trkpt lat="51.63711000000001" lon="-0.9955200000000001">
    <ele>133.58</ele>
   </trkpt>
   <trkpt lat="51.636990000000004" lon="-0.9957">
    <ele>131.93</ele>
   </trkpt>
   <trkpt lat="51.63667" lon="-0.99604">
    <ele>129.15</ele>
   </trkpt>
   <trkpt lat="51.636160000000004" lon="-0.9963500000000001">
    <ele>127.48</ele>
   </trkpt>
   <trkpt lat="51.63599000000001" lon="-0.9965">
    <ele>127.51</ele>
   </trkpt>
   <trkpt lat="51.63582" lon="-0.9967">
    <ele>127.82000000000001</ele>
   </trkpt>
   <trkpt lat="51.635510000000004" lon="-0.9972300000000001">
    <ele>127.78</ele>
   </trkpt>
   <trkpt lat="51.63533" lon="-0.9977400000000001">
    <ele>126.12</ele>
   </trkpt>
   <trkpt lat="51.63523000000001" lon="-0.9979600000000001">
    <ele>125.37</ele>
   </trkpt>
   <trkpt lat="51.635110000000005" lon="-0.99814">
    <ele>125.04</ele>
   </trkpt>
   <trkpt lat="51.634910000000005" lon="-0.99838">
    <ele>124.13</ele>
   </trkpt>
   <trkpt lat="51.634530000000005" lon="-0.9987">
    <ele>122.58000000000001</ele>
   </trkpt>
   <trkpt lat="51.63429000000001" lon="-0.99882">
    <ele>122.58000000000001</ele>
   </trkpt>
   <trkpt lat="51.634080000000004" lon="-0.9988900000000001">
    <ele>121.67000000000002</ele>
   </trkpt>
   <trkpt lat="51.63391000000001" lon="-0.9989100000000001">
    <ele>121.3</ele>
   </trkpt>
   <trkpt lat="51.63378" lon="-0.9989800000000001">
    <ele>121.11000000000001</ele>
   </trkpt>
   <trkpt lat="51.63355000000001" lon="-0.9992800000000001">
    <ele>121.22</ele>
   </trkpt>
   <trkpt lat="51.633410000000005" lon="-0.99943">
    <ele>121.29</ele>
   </trkpt>
   <trkpt lat="51.6332" lon="-0.9997">
    <ele>121.84</ele>
   </trkpt>
   <trkpt lat="51.63277" lon="-1.00041">
    <ele>124.69000000000001</ele>
   </trkpt>
   <trkpt lat="51.632270000000005" lon="-1.00133">
    <ele>129.38000000000002</ele>
   </trkpt>
   <trkpt lat="51.63188500166387" lon="-1.0019500052118395">
    <ele>131.66</ele>
   </trkpt>
   <trkpt lat="51.6315" lon="-1.0025700000000002">
    <ele>133.75</ele>
   </trkpt>
   <trkpt lat="51.63104500267858" lon="-1.0033600078754061">
    <ele>134.01000000000002</ele>
   </trkpt>
   <trkpt lat="51.630590000000005" lon="-1.00415">
    <ele>134.23000000000002</ele>
   </trkpt>
   <trkpt lat="51.63053000000001" lon="-1.0042300000000002">
    <ele>134.18</ele>
   </trkpt>
   <trkpt lat="51.630320000000005" lon="-1.00465">
    <ele>134.38</ele>
   </trkpt>
   <trkpt lat="51.630250000000004" lon="-1.00481">
    <ele>134.27</ele>
   </trkpt>
   <trkpt lat="51.63015000000001" lon="-1.00515">
    <ele>134.14000000000001</ele>
   </trkpt>
   <trkpt lat="51.62981000218859" lon="-1.0058800056315937">
    <ele>134.52</ele>
   </trkpt>
   <trkpt lat="51.629470000000005" lon="-1.00661">
    <ele>134.63</ele>
   </trkpt>
   <trkpt lat="51.629195002776214" lon="-1.0074250050731972">
    <ele>135.6</ele>
   </trkpt>
   <trkpt lat="51.62892" lon="-1.00824">
    <ele>136.70000000000002</ele>
   </trkpt>
   <trkpt lat="51.628490000000006" lon="-1.00932">
    <ele>138.87</ele>
   </trkpt>
   <trkpt lat="51.62818000000001" lon="-1.01">
    <ele>140.25</ele>
   </trkpt>
   <trkpt lat="51.627720000000004" lon="-1.01072">
    <ele>141.37000000000003</ele>
   </trkpt>
   <trkpt lat="51.62758" lon="-1.01091">
    <ele>141.55</ele>
   </trkpt>
   <trkpt lat="51.627050000000004" lon="-1.0119">
    <ele>143.48000000000002</ele>
   </trkpt>
   <trkpt lat="51.62665500272442" lon="-1.0126950068408542">
    <ele>144.93</ele>
   </trkpt>
   <trkpt lat="51.62626" lon="-1.01349">
    <ele>146.88</ele>
   </trkpt>
   <trkpt lat="51.62624" lon="-1.01366">
    <ele>146.88</ele>
   </trkpt>
   <trkpt lat="51.6258100028681" lon="-1.0144750076351186">
    <ele>146.64000000000001</ele>
   </trkpt>
   <trkpt lat="51.62538000000001" lon="-1.01529">
    <ele>144.3</ele>
   </trkpt>
   <trkpt lat="51.62511000000001" lon="-1.01586">
    <ele>143.78000000000003</ele>
   </trkpt>
   <trkpt lat="51.62480000000001" lon="-1.01661">
    <ele>143.61</ele>
   </trkpt>
   <trkpt lat="51.62447" lon="-1.0176">
    <ele>144.38</ele>
   </trkpt>
   <trkpt lat="51.624320000000004" lon="-1.01831">
    <ele>144.32</ele>
   </trkpt>
   <trkpt lat="51.62402" lon="-1.01946">
    <ele>142.87000000000003</ele>
   </trkpt>
   <trkpt lat="51.62373" lon="-1.02078">
    <ele>139.41</ele>
   </trkpt>
   <trkpt lat="51.62350000000001" lon="-1.0220200000000002">
    <ele>136.73000000000002</ele>
   </trkpt>
   <trkpt lat="51.623450000000005" lon="-1.02247">
    <ele>135.64000000000001</ele>
   </trkpt>
   <trkpt lat="51.62322" lon="-1.02346">
    <ele>135.29000000000002</ele>
   </trkpt>
   <trkpt lat="51.62324" lon="-1.02421">
    <ele>136.04000000000002</ele>
   </trkpt>
   <trkpt lat="51.62330000000001" lon="-1.02488">
    <ele>137.72</ele>
   </trkpt>
   <trkpt lat="51.62341000000001" lon="-1.02546">
    <ele>138.87</ele>
   </trkpt>
   <trkpt lat="51.62366000548859" lon="-1.0265949938245653">
    <ele>139.09</ele>
   </trkpt>
   <trkpt lat="51.62391" lon="-1.02773">
    <ele>138.98000000000002</ele>
   </trkpt>
   <trkpt lat="51.62393" lon="-1.02793">
    <ele>139.1</ele>
   </trkpt>
   <trkpt lat="51.62388000000001" lon="-1.02813">
    <ele>139.11</ele>
   </trkpt>
   <trkpt lat="51.62350000000001" lon="-1.02909">
    <ele>137.70000000000002</ele>
   </trkpt>
   <trkpt lat="51.623250000000006" lon="-1.02953">
    <ele>136.99</ele>
   </trkpt>
   <trkpt lat="51.623000000000005" lon="-1.0299">
    <ele>136.36</ele>
   </trkpt>
   <trkpt lat="51.622640000000004" lon="-1.03047">
    <ele>134.76000000000002</ele>
   </trkpt>
   <trkpt lat="51.622170000000004" lon="-1.03159">
    <ele>132.13</ele>
   </trkpt>
   <trkpt lat="51.622150000000005" lon="-1.0317100000000001">
    <ele>132.13</ele>
   </trkpt>
   <trkpt lat="51.621950000000005" lon="-1.03193">
    <ele>132.10000000000002</ele>
   </trkpt>
   <trkpt lat="51.621770000000005" lon="-1.03251">
    <ele>131.22</ele>
   </trkpt>
   <trkpt lat="51.62145" lon="-1.03318">
    <ele>129.39000000000001</ele>
   </trkpt>
   <trkpt lat="51.621030000000005" lon="-1.034">
    <ele>127.63000000000002</ele>
   </trkpt>
   <trkpt lat="51.6206800028399" lon="-1.03481500624244">
    <ele>127.13000000000002</ele>
   </trkpt>
   <trkpt lat="51.62033" lon="-1.03563">
    <ele>125.56</ele>
   </trkpt>
   <trkpt lat="51.61975" lon="-1.0365">
    <ele>122.33000000000001</ele>
   </trkpt>
   <trkpt lat="51.61954000000001" lon="-1.03674">
    <ele>121.71000000000001</ele>
   </trkpt>
   <trkpt lat="51.61899000527485" lon="-1.0375300191873105">
    <ele>119.43</ele>
   </trkpt>
   <trkpt lat="51.618440005247976" lon="-1.0383200192255653">
    <ele>116.97</ele>
   </trkpt>
   <trkpt lat="51.61789" lon="-1.03911">
    <ele>112.64</ele>
   </trkpt>
   <trkpt lat="51.61766" lon="-1.03939">
    <ele>111.44000000000001</ele>
   </trkpt>
   <trkpt lat="51.61737" lon="-1.04003">
    <ele>107.64000000000001</ele>
   </trkpt>
   <trkpt lat="51.61737" lon="-1.04017">
    <ele>106.61000000000001</ele>
   </trkpt>
   <trkpt lat="51.61722" lon="-1.0404600000000002">
    <ele>105.82000000000001</ele>
   </trkpt>
   <trkpt lat="51.61721000000001" lon="-1.04047">
    <ele>105.82000000000001</ele>
   </trkpt>
   <trkpt lat="51.6169" lon="-1.04088">
    <ele>104.45000000000002</ele>
   </trkpt>
   <trkpt lat="51.61623" lon="-1.04071">
    <ele>101.27000000000001</ele>
   </trkpt>
   <trkpt lat="51.61560000000001" lon="-1.04075">
    <ele>101.54</ele>
   </trkpt>
   <trkpt lat="51.61518" lon="-1.04088">
    <ele>103.36</ele>
   </trkpt>
   <trkpt lat="51.614630000000005" lon="-1.04108">
    <ele>105.39000000000001</ele>
   </trkpt>
   <trkpt lat="51.614050000000006" lon="-1.04115">
    <ele>111.35000000000001</ele>
   </trkpt>
   <trkpt lat="51.61388" lon="-1.04112">
    <ele>113.59</ele>
   </trkpt>
   <trkpt lat="51.613580000000006" lon="-1.04128">
    <ele>114.57000000000001</ele>
   </trkpt>
   <trkpt lat="51.61321" lon="-1.04129">
    <ele>115.62000000000002</ele>
   </trkpt>
   <trkpt lat="51.61283" lon="-1.04142">
    <ele>116.89</ele>
   </trkpt>
   <trkpt lat="51.61219500122423" lon="-1.0419950082069012">
    <ele>118.28</ele>
   </trkpt>
   <trkpt lat="51.611560000000004" lon="-1.04257">
    <ele>113.45</ele>
   </trkpt>
   <trkpt lat="51.61077" lon="-1.0432400000000002">
    <ele>110.12</ele>
   </trkpt>
   <trkpt lat="51.610235000995296" lon="-1.0437350058758381">
    <ele>109.72000000000001</ele>
   </trkpt>
   <trkpt lat="51.609700000000004" lon="-1.04423">
    <ele>110.09</ele>
   </trkpt>
   <trkpt lat="51.609005001659916" lon="-1.0448600096684004">
    <ele>109.81</ele>
   </trkpt>
   <trkpt lat="51.60831" lon="-1.04549">
    <ele>110.68</ele>
   </trkpt>
   <trkpt lat="51.60760000106735" lon="-1.0459950079089808">
    <ele>114.04</ele>
   </trkpt>
   <trkpt lat="51.60689000000001" lon="-1.0465">
    <ele>116.45</ele>
   </trkpt>
   <trkpt lat="51.60645500021944" lon="-1.04675500247648">
    <ele>118.60000000000001</ele>
   </trkpt>
   <trkpt lat="51.60602" lon="-1.04701">
    <ele>119.17000000000002</ele>
   </trkpt>
   <trkpt lat="51.60558500014134" lon="-1.047235002193822">
    <ele>119.05</ele>
   </trkpt>
   <trkpt lat="51.60515" lon="-1.04746">
    <ele>118.07000000000001</ele>
   </trkpt>
   <trkpt lat="51.60465500013459" lon="-1.0477100027916164">
    <ele>115.93</ele>
   </trkpt>
   <trkpt lat="51.60416000000001" lon="-1.04796">
    <ele>112.11000000000001</ele>
   </trkpt>
   <trkpt lat="51.60356" lon="-1.04813">
    <ele>111.69000000000001</ele>
   </trkpt>
   <trkpt lat="51.60282" lon="-1.04823">
    <ele>113.83000000000001</ele>
   </trkpt>
   <trkpt lat="51.602180000000004" lon="-1.04837">
    <ele>116.16000000000001</ele>
   </trkpt>
   <trkpt lat="51.60145000000001" lon="-1.04875">
    <ele>119.85000000000001</ele>
   </trkpt>
   <trkpt lat="51.60094000043115" lon="-1.0491200042645359">
    <ele>123.98</ele>
   </trkpt>
   <trkpt lat="51.60043" lon="-1.04949">
    <ele>129.48000000000002</ele>
   </trkpt>
   <trkpt lat="51.6" lon="-1.04982">
    <ele>136.0</ele>
   </trkpt>
   <trkpt lat="51.599720000000005" lon="-1.04996">
    <ele>139.03</ele>
   </trkpt>
   <trkpt lat="51.59939000000001" lon="-1.04999">
    <ele>141.51000000000002</ele>
   </trkpt>
   <trkpt lat="51.59902" lon="-1.0501">
    <ele>146.24</ele>
   </trkpt>
   <trkpt lat="51.598850000000006" lon="-1.05003">
    <ele>149.41000000000003</ele>
   </trkpt>
   <trkpt lat="51.598420000000004" lon="-1.05016">
    <ele>152.89000000000001</ele>
   </trkpt>
   <trkpt lat="51.59823" lon="-1.0503">
    <ele>155.60000000000002</ele>
   </trkpt>
   <trkpt lat="51.598060000000004" lon="-1.0503">
    <ele>156.82000000000002</ele>
   </trkpt>
   <trkpt lat="51.5977" lon="-1.05027">
    <ele>159.0</ele>
   </trkpt>
   <trkpt lat="51.597500000000004" lon="-1.0503">
    <ele>159.23000000000002</ele>
   </trkpt>
   <trkpt lat="51.59685" lon="-1.0506">
    <ele>154.9</ele>
   </trkpt>
   <trkpt lat="51.59655000000001" lon="-1.05088">
    <ele>152.7</ele>
   </trkpt>
   <trkpt lat="51.59612500318058" lon="-1.0500149919098478">
    <ele>149.34</ele>
   </trkpt>
   <trkpt lat="51.5957" lon="-1.04915">
    <ele>148.67000000000002</ele>
   </trkpt>
   <trkpt lat="51.59521" lon="-1.04837">
    <ele>148.92000000000002</ele>
   </trkpt>
   <trkpt lat="51.594770000000004" lon="-1.04786">
    <ele>148.51</ele>
   </trkpt>
   <trkpt lat="51.59445" lon="-1.04766">
    <ele>148.72000000000003</ele>
   </trkpt>
   <trkpt lat="51.59422000000001" lon="-1.04738">
    <ele>149.24</ele>
   </trkpt>
   <trkpt lat="51.59396" lon="-1.04694">
    <ele>150.68</ele>
   </trkpt>
   <trkpt lat="51.59358500268508" lon="-1.0461649938775561">
    <ele>152.59</ele>
   </trkpt>
   <trkpt lat="51.593210000000006" lon="-1.04539">
    <ele>153.15</ele>
   </trkpt>
   <trkpt lat="51.593090000000004" lon="-1.04508">
    <ele>153.32000000000002</ele>
   </trkpt>
   <trkpt lat="51.592830000000006" lon="-1.04389">
    <ele>151.24</ele>
   </trkpt>
   <trkpt lat="51.59254500272629" lon="-1.0430949951271178">
    <ele>150.89000000000001</ele>
   </trkpt>
   <trkpt lat="51.59226" lon="-1.0423">
    <ele>149.41000000000003</ele>
   </trkpt>
   <trkpt lat="51.59208" lon="-1.04155">
    <ele>146.51</ele>
   </trkpt>
   <trkpt lat="51.59194" lon="-1.04088">
    <ele>144.96</ele>
   </trkpt>
   <trkpt lat="51.59180500274287" lon="-1.0400799977644135">
    <ele>143.98000000000002</ele>
   </trkpt>
   <trkpt lat="51.59167000000001" lon="-1.03928">
    <ele>143.48000000000002</ele>
   </trkpt>
   <trkpt lat="51.591550000000005" lon="-1.0387700000000002">
    <ele>143.71</ele>
   </trkpt>
   <trkpt lat="51.591390000000004" lon="-1.03823">
    <ele>143.97</ele>
   </trkpt>
   <trkpt lat="51.591280000000005" lon="-1.0381200000000002">
    <ele>143.97</ele>
   </trkpt>
   <trkpt lat="51.59152" lon="-1.0378200000000002">
    <ele>144.02</ele>
   </trkpt>
   <trkpt lat="51.59143" lon="-1.03644">
    <ele>143.63</ele>
   </trkpt>
   <trkpt lat="51.5911700058075" lon="-1.0352699932671774">
    <ele>144.29</ele>
   </trkpt>
   <trkpt lat="51.59091" lon="-1.0341">
    <ele>146.29</ele>
   </trkpt>
   <trkpt lat="51.59072500185247" lon="-1.0334399973189135">
    <ele>147.82</ele>
   </trkpt>
   <trkpt lat="51.590540000000004" lon="-1.03278">
    <ele>147.87</ele>
   </trkpt>
   <trkpt lat="51.590145004402224" lon="-1.0317599910850976">
    <ele>150.15</ele>
   </trkpt>
   <trkpt lat="51.58975" lon="-1.03074">
    <ele>152.67</ele>
   </trkpt>
   <trkpt lat="51.589330000000004" lon="-1.02993">
    <ele>157.32000000000002</ele>
   </trkpt>
   <trkpt lat="51.58887000000001" lon="-1.02888">
    <ele>164.54000000000002</ele>
   </trkpt>
   <trkpt lat="51.588640000000005" lon="-1.02796">
    <ele>165.53</ele>
   </trkpt>
   <trkpt lat="51.588775002454014" lon="-1.0272000022577241">
    <ele>165.49</ele>
   </trkpt>
   <trkpt lat="51.588910000000006" lon="-1.02644">
    <ele>165.45000000000002</ele>
   </trkpt>
   <trkpt lat="51.589150000000004" lon="-1.02535">
    <ele>167.15</ele>
   </trkpt>
   <trkpt lat="51.58948" lon="-1.0243">
    <ele>169.85</ele>
   </trkpt>
   <trkpt lat="51.589760002603086" lon="-1.0235200047563826">
    <ele>172.12000000000003</ele>
   </trkpt>
   <trkpt lat="51.59004" lon="-1.02274">
    <ele>175.16</ele>
   </trkpt>
   <trkpt lat="51.590345002562124" lon="-1.0219600052946334">
    <ele>176.8</ele>
   </trkpt>
   <trkpt lat="51.590650000000004" lon="-1.02118">
    <ele>179.07</ele>
   </trkpt>
   <trkpt lat="51.590900000000005" lon="-1.02044">
    <ele>180.53000000000003</ele>
   </trkpt>
   <trkpt lat="51.591010000000004" lon="-1.01956">
    <ele>183.85000000000002</ele>
   </trkpt>
   <trkpt lat="51.59101501577409" lon="-1.0184475003461546">
    <ele>187.91000000000003</ele>
   </trkpt>
   <trkpt lat="51.59102002103219" lon="-1.0173350004468942">
    <ele>191.07000000000002</ele>
   </trkpt>
   <trkpt lat="51.5910250157743" lon="-1.0162225003027334">
    <ele>196.09</ele>
   </trkpt>
   <trkpt lat="51.59103" lon="-1.0151100000000002">
    <ele>198.83</ele>
   </trkpt>
   <trkpt lat="51.59111500438416" lon="-1.0140950018108594">
    <ele>201.57000000000002</ele>
   </trkpt>
   <trkpt lat="51.59120000000001" lon="-1.01308">
    <ele>203.62000000000003</ele>
   </trkpt>
   <trkpt lat="51.591190000000005" lon="-1.01193">
    <ele>204.1</ele>
   </trkpt>
   <trkpt lat="51.591300000000004" lon="-1.0109400000000002">
    <ele>205.43000000000004</ele>
   </trkpt>
   <trkpt lat="51.59081500066159" lon="-1.0105199954398296">
    <ele>205.58</ele>
   </trkpt>
   <trkpt lat="51.59033" lon="-1.0101">
    <ele>205.17000000000002</ele>
   </trkpt>
   <trkpt lat="51.58976667374314" lon="-1.009186643996897">
    <ele>203.8</ele>
   </trkpt>
   <trkpt lat="51.589203340398285" lon="-1.0082733106452821">
    <ele>202.59</ele>
   </trkpt>
   <trkpt lat="51.588640000000005" lon="-1.00736">
    <ele>200.31</ele>
   </trkpt>
   <trkpt lat="51.588350000000005" lon="-1.00641">
    <ele>199.23000000000002</ele>
   </trkpt>
   <trkpt lat="51.58822000000001" lon="-1.00539">
    <ele>197.49</ele>
   </trkpt>
   <trkpt lat="51.58820000000001" lon="-1.00437">
    <ele>195.42000000000002</ele>
   </trkpt>
   <trkpt lat="51.58811000000001" lon="-1.00325">
    <ele>194.49</ele>
   </trkpt>
   <trkpt lat="51.58733" lon="-1.00387">
    <ele>196.55</ele>
   </trkpt>
   <trkpt lat="51.587250000000004" lon="-1.00397">
    <ele>196.66000000000003</ele>
   </trkpt>
   <trkpt lat="51.58719000000001" lon="-1.00418">
    <ele>196.74</ele>
   </trkpt>
   <trkpt lat="51.586850000000005" lon="-1.00475">
    <ele>197.16000000000003</ele>
   </trkpt>
   <trkpt lat="51.586760000000005" lon="-1.00488">
    <ele>197.18</ele>
   </trkpt>
   <trkpt lat="51.58626" lon="-1.00508">
    <ele>196.68</ele>
   </trkpt>
   <trkpt lat="51.585950000000004" lon="-1.00512">
    <ele>196.51000000000002</ele>
   </trkpt>
   <trkpt lat="51.58568" lon="-1.00522">
    <ele>196.35000000000002</ele>
   </trkpt>
   <trkpt lat="51.585510000000006" lon="-1.0054">
    <ele>195.94</ele>
   </trkpt>
   <trkpt lat="51.58496" lon="-1.00641">
    <ele>195.08</ele>
   </trkpt>
   <trkpt lat="51.584900000000005" lon="-1.00644">
    <ele>194.94</ele>
   </trkpt>
   <trkpt lat="51.58478" lon="-1.00505">
    <ele>193.86</ele>
   </trkpt>
   <trkpt lat="51.584470001408796" lon="-1.004489996317415">
    <ele>192.96</ele>
   </trkpt>
   <trkpt lat="51.584160000000004" lon="-1.00393">
    <ele>192.10999999999999</ele>
   </trkpt>
   <trkpt lat="51.583380000000005" lon="-1.00323">
    <ele>190.51000000000002</ele>
   </trkpt>
   <trkpt lat="51.58297000171497" lon="-1.0025849940975247">
    <ele>189.31</ele>
   </trkpt>
   <trkpt lat="51.58256" lon="-1.00194">
    <ele>188.2</ele>
   </trkpt>
   <trkpt lat="51.58207" lon="-1.00112">
    <ele>186.94000000000003</ele>
   </trkpt>
   <trkpt lat="51.581920000000004" lon="-1.00088">
    <ele>186.38000000000002</ele>
   </trkpt>
   <trkpt lat="51.581790000000005" lon="-1.0003900000000001">
    <ele>185.64000000000001</ele>
   </trkpt>
   <trkpt lat="51.581700000000005" lon="-0.99955">
    <ele>183.58</ele>
   </trkpt>
   <trkpt lat="51.58184000000001" lon="-0.9987400000000001">
    <ele>183.72000000000003</ele>
   </trkpt>
   <trkpt lat="51.58146000000001" lon="-0.99753">
    <ele>185.59</ele>
   </trkpt>
   <trkpt lat="51.58077" lon="-0.9968400000000001">
    <ele>188.48000000000002</ele>
   </trkpt>
   <trkpt lat="51.580000000000005" lon="-0.99616">
    <ele>191.06</ele>
   </trkpt>
   <trkpt lat="51.57959" lon="-0.99565">
    <ele>192.32000000000002</ele>
   </trkpt>
   <trkpt lat="51.579390000000004" lon="-0.9949100000000001">
    <ele>193.05</ele>
   </trkpt>
   <trkpt lat="51.57941" lon="-0.9934900000000001">
    <ele>193.28</ele>
   </trkpt>
   <trkpt lat="51.57876" lon="-0.99267">
    <ele>199.07000000000002</ele>
   </trkpt>
   <trkpt lat="51.578540000000004" lon="-0.9920100000000001">
    <ele>201.32000000000002</ele>
   </trkpt>
   <trkpt lat="51.5782" lon="-0.9914900000000001">
    <ele>198.67000000000002</ele>
   </trkpt>
   <trkpt lat="51.57808000000001" lon="-0.9913500000000001">
    <ele>198.22</ele>
   </trkpt>
   <trkpt lat="51.578030000000005" lon="-0.99143">
    <ele>197.27000000000004</ele>
   </trkpt>
   <trkpt lat="51.57791" lon="-0.99133">
    <ele>196.74</ele>
   </trkpt>
   <trkpt lat="51.577560000000005" lon="-0.99094">
    <ele>194.33</ele>
   </trkpt>
   <trkpt lat="51.57761000000001" lon="-0.9907900000000001">
    <ele>194.33</ele>
   </trkpt>
   <trkpt lat="51.57752000000001" lon="-0.9906900000000001">
    <ele>193.71</ele>
   </trkpt>
   <trkpt lat="51.57746" lon="-0.9906100000000001">
    <ele>193.71</ele>
   </trkpt>
   <trkpt lat="51.577150001214676" lon="-0.9900799964211762">
    <ele>192.83</ele>
   </trkpt>
   <trkpt lat="51.576840000000004" lon="-0.98955">
    <ele>191.76000000000002</ele>
   </trkpt>
   <trkpt lat="51.576750000000004" lon="-0.9894700000000001">
    <ele>191.76000000000002</ele>
   </trkpt>
   <trkpt lat="51.576640000000005" lon="-0.98945">
    <ele>191.46</ele>
   </trkpt>
   <trkpt lat="51.576530000000005" lon="-0.98945">
    <ele>191.12</ele>
   </trkpt>
   <trkpt lat="51.57623" lon="-0.9895600000000001">
    <ele>190.27</ele>
   </trkpt>
   <trkpt lat="51.57593000000001" lon="-0.98962">
    <ele>189.24</ele>
   </trkpt>
   <trkpt lat="51.57562" lon="-0.9895300000000001">
    <ele>188.71</ele>
   </trkpt>
   <trkpt lat="51.575540000000004" lon="-0.9890000000000001">
    <ele>188.63000000000002</ele>
   </trkpt>
   <trkpt lat="51.575450000000004" lon="-0.98865">
    <ele>188.42</ele>
   </trkpt>
   <trkpt lat="51.57518" lon="-0.9878500000000001">
    <ele>187.73000000000002</ele>
   </trkpt>
   <trkpt lat="51.574740000000006" lon="-0.98672">
    <ele>185.24</ele>
   </trkpt>
   <trkpt lat="51.57453" lon="-0.98626">
    <ele>183.59</ele>
   </trkpt>
   <trkpt lat="51.57432000000001" lon="-0.9858800000000001">
    <ele>182.73</ele>
   </trkpt>
   <trkpt lat="51.574270000000006" lon="-0.98589">
    <ele>182.63000000000002</ele>
   </trkpt>
   <trkpt lat="51.574220000000004" lon="-0.98582">
    <ele>182.63000000000002</ele>
   </trkpt>
   <trkpt lat="51.574000000000005" lon="-0.98582">
    <ele>180.78000000000003</ele>
   </trkpt>
   <trkpt lat="51.57329000000001" lon="-0.98565">
    <ele>177.44</ele>
   </trkpt>
   <trkpt lat="51.57245" lon="-0.9853500000000001">
    <ele>175.75</ele>
   </trkpt>
   <trkpt lat="51.571975000248116" lon="-0.985214998637856">
    <ele>174.53</ele>
   </trkpt>
   <trkpt lat="51.57150000000001" lon="-0.9850800000000001">
    <ele>173.78</ele>
   </trkpt>
   <trkpt lat="51.571200000000005" lon="-0.9846900000000001">
    <ele>171.98000000000002</ele>
   </trkpt>
   <trkpt lat="51.57076000000001" lon="-0.9842500000000001">
    <ele>170.79000000000002</ele>
   </trkpt>
   <trkpt lat="51.57025000079654" lon="-0.9838249952563247">
    <ele>168.41</ele>
   </trkpt>
   <trkpt lat="51.56974" lon="-0.9834">
    <ele>164.5</ele>
   </trkpt>
   <trkpt lat="51.56919000028704" lon="-0.9831299967223964">
    <ele>162.10000000000002</ele>
   </trkpt>
   <trkpt lat="51.56864" lon="-0.9828600000000001">
    <ele>158.41000000000003</ele>
   </trkpt>
   <trkpt lat="51.568110000000004" lon="-0.9826400000000001">
    <ele>156.01000000000002</ele>
   </trkpt>
   <trkpt lat="51.567620000000005" lon="-0.9820800000000001">
    <ele>152.69000000000003</ele>
   </trkpt>
   <trkpt lat="51.567370000000004" lon="-0.98177">
    <ele>150.47000000000003</ele>
   </trkpt>
   <trkpt lat="51.56702000000001" lon="-0.98077">
    <ele>148.33</ele>
   </trkpt>
   <trkpt lat="51.56661500209052" lon="-0.9800749938744732">
    <ele>145.85</ele>
   </trkpt>
   <trkpt lat="51.566210000000005" lon="-0.97938">
    <ele>144.43</ele>
   </trkpt>
   <trkpt lat="51.565470000000005" lon="-0.97889">
    <ele>143.29</ele>
   </trkpt>
   <trkpt lat="51.56483000000001" lon="-0.9785">
    <ele>142.95000000000002</ele>
   </trkpt>
   <trkpt lat="51.56438999999097" lon="-0.9783299983040263">
    <ele>142.91</ele>
   </trkpt>
   <trkpt lat="51.563950000000006" lon="-0.97816">
    <ele>142.6</ele>
   </trkpt>
   <trkpt lat="51.56356" lon="-0.9784700000000001">
    <ele>146.83</ele>
   </trkpt>
   <trkpt lat="51.563140000000004" lon="-0.9789200000000001">
    <ele>149.37</ele>
   </trkpt>
   <trkpt lat="51.563140000000004" lon="-0.97935">
    <ele>149.8</ele>
   </trkpt>
   <trkpt lat="51.56307" lon="-0.98006">
    <ele>151.01</ele>
   </trkpt>
   <trkpt lat="51.562960000000004" lon="-0.98062">
    <ele>151.77</ele>
   </trkpt>
   <trkpt lat="51.562760000000004" lon="-0.9815">
    <ele>153.37</ele>
   </trkpt>
   <trkpt lat="51.562630000000006" lon="-0.98218">
    <ele>154.23</ele>
   </trkpt>
   <trkpt lat="51.56250000000001" lon="-0.9826900000000001">
    <ele>155.4</ele>
   </trkpt>
   <trkpt lat="51.56241000000001" lon="-0.98357">
    <ele>156.77</ele>
   </trkpt>
   <trkpt lat="51.56172" lon="-0.9838600000000001">
    <ele>154.62</ele>
   </trkpt>
   <trkpt lat="51.561530000000005" lon="-0.98399">
    <ele>153.86</ele>
   </trkpt>
   <trkpt lat="51.56110000134239" lon="-0.9845500052824411">
    <ele>151.26</ele>
   </trkpt>
   <trkpt lat="51.56067" lon="-0.98511">
    <ele>151.27</ele>
   </trkpt>
   <trkpt lat="51.56044000000001" lon="-0.98528">
    <ele>152.86</ele>
   </trkpt>
   <trkpt lat="51.56026000000001" lon="-0.9854700000000001">
    <ele>153.18</ele>
   </trkpt>
   <trkpt lat="51.56016" lon="-0.98521">
    <ele>152.97000000000003</ele>
   </trkpt>
   <trkpt lat="51.55989" lon="-0.98467">
    <ele>150.58</ele>
   </trkpt>
   <trkpt lat="51.559540000000005" lon="-0.98433">
    <ele>148.88</ele>
   </trkpt>
   <trkpt lat="51.559070000000006" lon="-0.98406">
    <ele>147.27</ele>
   </trkpt>
   <trkpt lat="51.558690000000006" lon="-0.98377">
    <ele>145.3</ele>
   </trkpt>
   <trkpt lat="51.55829000000001" lon="-0.9836">
    <ele>143.44</ele>
   </trkpt>
   <trkpt lat="51.55789000000001" lon="-0.98333">
    <ele>142.13</ele>
   </trkpt>
   <trkpt lat="51.55748000096414" lon="-0.9828649958595214">
    <ele>139.75</ele>
   </trkpt>
   <trkpt lat="51.55707" lon="-0.9824">
    <ele>136.85</ele>
   </trkpt>
   <trkpt lat="51.55655500184659" lon="-0.9817299923342248">
    <ele>134.17000000000002</ele>
   </trkpt>
   <trkpt lat="51.55604" lon="-0.98106">
    <ele>129.54999999999998</ele>
   </trkpt>
   <trkpt lat="51.55557" lon="-0.9804">
    <ele>127.21000000000001</ele>
   </trkpt>
   <trkpt lat="51.5553" lon="-0.9801000000000001">
    <ele>127.93</ele>
   </trkpt>
   <trkpt lat="51.55519" lon="-0.97999">
    <ele>129.18</ele>
   </trkpt>
   <trkpt lat="51.55501" lon="-0.97972">
    <ele>129.9</ele>
   </trkpt>
   <trkpt lat="51.55481" lon="-0.97955">
    <ele>130.58</ele>
   </trkpt>
   <trkpt lat="51.554480000000005" lon="-0.97938">
    <ele>130.85000000000002</ele>
   </trkpt>
   <trkpt lat="51.553940000000004" lon="-0.97916">
    <ele>130.95000000000002</ele>
   </trkpt>
   <trkpt lat="51.553470000000004" lon="-0.97906">
    <ele>130.86</ele>
   </trkpt>
   <trkpt lat="51.55313" lon="-0.9790300000000001">
    <ele>130.48000000000002</ele>
   </trkpt>
   <trkpt lat="51.552350000000004" lon="-0.9792000000000001">
    <ele>129.86</ele>
   </trkpt>
   <trkpt lat="51.551590000000004" lon="-0.97972">
    <ele>128.9</ele>
   </trkpt>
   <trkpt lat="51.551390000000005" lon="-0.9798100000000001">
    <ele>128.94</ele>
   </trkpt>
   <trkpt lat="51.551210000000005" lon="-0.97972">
    <ele>128.25</ele>
   </trkpt>
   <trkpt lat="51.550940000000004" lon="-0.9802200000000001">
    <ele>125.75</ele>
   </trkpt>
   <trkpt lat="51.550700000000006" lon="-0.98101">
    <ele>124.29</ele>
   </trkpt>
   <trkpt lat="51.55022" lon="-0.9820400000000001">
    <ele>129.24</ele>
   </trkpt>
   <trkpt lat="51.55021000000001" lon="-0.98199">
    <ele>129.24</ele>
   </trkpt>
   <trkpt lat="51.54955" lon="-0.98172">
    <ele>130.26000000000002</ele>
   </trkpt>
   <trkpt lat="51.549080000000004" lon="-0.98157">
    <ele>130.38000000000002</ele>
   </trkpt>
   <trkpt lat="51.54860000000001" lon="-0.9815">
    <ele>130.68</ele>
   </trkpt>
   <trkpt lat="51.548320000000004" lon="-0.98189">
    <ele>130.76000000000002</ele>
   </trkpt>
   <trkpt lat="51.54791000201891" lon="-0.9825850063204575">
    <ele>129.70000000000002</ele>
   </trkpt>
   <trkpt lat="51.54750000000001" lon="-0.98328">
    <ele>130.44</ele>
   </trkpt>
   <trkpt lat="51.54697" lon="-0.9840300000000001">
    <ele>131.51999999999998</ele>
   </trkpt>
   <trkpt lat="51.546890000000005" lon="-0.9842400000000001">
    <ele>131.74</ele>
   </trkpt>
   <trkpt lat="51.54679" lon="-0.9842000000000001">
    <ele>131.69</ele>
   </trkpt>
   <trkpt lat="51.54641" lon="-0.9836400000000001">
    <ele>131.47</ele>
   </trkpt>
   <trkpt lat="51.54609000000001" lon="-0.9833100000000001">
    <ele>131.57000000000002</ele>
   </trkpt>
   <trkpt lat="51.545570000000005" lon="-0.9829300000000001">
    <ele>131.54000000000002</ele>
   </trkpt>
   <trkpt lat="51.545230000000004" lon="-0.98311">
    <ele>130.66</ele>
   </trkpt>
   <trkpt lat="51.54457000000001" lon="-0.98328">
    <ele>129.51000000000002</ele>
   </trkpt>
   <trkpt lat="51.54422" lon="-0.98423">
    <ele>127.19</ele>
   </trkpt>
   <trkpt lat="51.54406" lon="-0.98506">
    <ele>124.80000000000001</ele>
   </trkpt>
   <trkpt lat="51.54363000000001" lon="-0.98572">
    <ele>120.87</ele>
   </trkpt>
   <trkpt lat="51.54307000000001" lon="-0.98672">
    <ele>116.66000000000001</ele>
   </trkpt>
   <trkpt lat="51.54273500107685" lon="-0.9872450040131239">
    <ele>113.65</ele>
   </trkpt>
   <trkpt lat="51.54240000000001" lon="-0.98777">
    <ele>110.19000000000001</ele>
   </trkpt>
   <trkpt lat="51.5418" lon="-0.9884700000000001">
    <ele>102.76</ele>
   </trkpt>
   <trkpt lat="51.541790000000006" lon="-0.98987">
    <ele>96.75</ele>
   </trkpt>
   <trkpt lat="51.54157000358184" lon="-0.990780004141322">
    <ele>108.39000000000001</ele>
   </trkpt>
   <trkpt lat="51.54135" lon="-0.9916900000000001">
    <ele>116.19000000000001</ele>
   </trkpt>
   <trkpt lat="51.54112000000001" lon="-0.9916400000000001">
    <ele>118.14</ele>
   </trkpt>
   <trkpt lat="51.54084" lon="-0.9916">
    <ele>120.13000000000001</ele>
   </trkpt>
   <trkpt lat="51.54065000000001" lon="-0.99233">
    <ele>123.33000000000001</ele>
   </trkpt>
   <trkpt lat="51.5405" lon="-0.9934600000000001">
    <ele>124.71000000000001</ele>
   </trkpt>
   <trkpt lat="51.540250002851124" lon="-0.9942700042466794">
    <ele>125.61</ele>
   </trkpt>
   <trkpt lat="51.540000000000006" lon="-0.9950800000000001">
    <ele>126.96000000000001</ele>
   </trkpt>
   <trkpt lat="51.53981" lon="-0.9959500000000001">
    <ele>129.27</ele>
   </trkpt>
   <trkpt lat="51.53976" lon="-0.9963500000000001">
    <ele>131.4</ele>
   </trkpt>
   <trkpt lat="51.53979" lon="-0.9975700000000001">
    <ele>134.82000000000002</ele>
   </trkpt>
   <trkpt lat="51.539640000000006" lon="-0.9979600000000001">
    <ele>135.43</ele>
   </trkpt>
   <trkpt lat="51.539530000000006" lon="-0.9983900000000001">
    <ele>136.34</ele>
   </trkpt>
   <trkpt lat="51.53945" lon="-0.9986">
    <ele>137.0</ele>
   </trkpt>
   <trkpt lat="51.539410000000004" lon="-0.99911">
    <ele>137.28</ele>
   </trkpt>
   <trkpt lat="51.53922000000001" lon="-0.99977">
    <ele>138.17000000000002</ele>
   </trkpt>
   <trkpt lat="51.53907" lon="-1.00021">
    <ele>138.46</ele>
   </trkpt>
   <trkpt lat="51.538920000000005" lon="-1.00102">
    <ele>138.6</ele>
   </trkpt>
   <trkpt lat="51.53867" lon="-1.00163">
    <ele>138.52</ele>
   </trkpt>
   <trkpt lat="51.53866000000001" lon="-1.00203">
    <ele>138.42000000000002</ele>
   </trkpt>
   <trkpt lat="51.53842" lon="-1.00312">
    <ele>136.74</ele>
   </trkpt>
   <trkpt lat="51.538030000000006" lon="-1.0037">
    <ele>133.71</ele>
   </trkpt>
   <trkpt lat="51.537800000000004" lon="-1.00405">
    <ele>131.58</ele>
   </trkpt>
   <trkpt lat="51.5377" lon="-1.00428">
    <ele>129.54999999999998</ele>
   </trkpt>
   <trkpt lat="51.537710000000004" lon="-1.00441">
    <ele>130.15</ele>
   </trkpt>
   <trkpt lat="51.53752" lon="-1.00499">
    <ele>132.9</ele>
   </trkpt>
   <trkpt lat="51.53728" lon="-1.00553">
    <ele>134.43</ele>
   </trkpt>
   <trkpt lat="51.53726" lon="-1.00611">
    <ele>135.88</ele>
   </trkpt>
   <trkpt lat="51.537240000000004" lon="-1.00621">
    <ele>136.02</ele>
   </trkpt>
   <trkpt lat="51.536930000000005" lon="-1.00691">
    <ele>136.03</ele>
   </trkpt>
   <trkpt lat="51.53660000000001" lon="-1.0075">
    <ele>135.5</ele>
   </trkpt>
   <trkpt lat="51.53618" lon="-1.00811">
    <ele>134.13</ele>
   </trkpt>
   <trkpt lat="51.535520000000005" lon="-1.00898">
    <ele>131.36</ele>
   </trkpt>
   <trkpt lat="51.535120001399356" lon="-1.0095600051410463">
    <ele>132.81</ele>
   </trkpt>
   <trkpt lat="51.53472000000001" lon="-1.01014">
    <ele>132.70000000000002</ele>
   </trkpt>
   <trkpt lat="51.53427333724919" lon="-1.0108166799107834">
    <ele>132.33</ele>
   </trkpt>
   <trkpt lat="51.53382667060605" lon="-1.0114933465416258">
    <ele>131.86</ele>
   </trkpt>
   <trkpt lat="51.53338" lon="-1.01217">
    <ele>131.48000000000002</ele>
   </trkpt>
   <trkpt lat="51.532700000000006" lon="-1.01305">
    <ele>129.66</ele>
   </trkpt>
   <trkpt lat="51.532320000000006" lon="-1.01349">
    <ele>127.84</ele>
   </trkpt>
   <trkpt lat="51.53190000000001" lon="-1.0137500000000002">
    <ele>126.45</ele>
   </trkpt>
   <trkpt lat="51.53183000000001" lon="-1.01369">
    <ele>125.7</ele>
   </trkpt>
   <trkpt lat="51.5310300019278" lon="-1.0141666834217027">
    <ele>125.02000000000002</ele>
   </trkpt>
   <trkpt lat="51.530230001924046" lon="-1.0146433500902392">
    <ele>122.86000000000001</ele>
   </trkpt>
   <trkpt lat="51.529430000000005" lon="-1.01512">
    <ele>118.20000000000002</ele>
   </trkpt>
   <trkpt lat="51.528720000480185" lon="-1.0154050043903284">
    <ele>112.16000000000001</ele>
   </trkpt>
   <trkpt lat="51.52801" lon="-1.01569">
    <ele>115.25</ele>
   </trkpt>
   <trkpt lat="51.52797" lon="-1.01593">
    <ele>116.46000000000001</ele>
   </trkpt>
   <trkpt lat="51.52738" lon="-1.01681">
    <ele>120.87</ele>
   </trkpt>
   <trkpt lat="51.52697500209451" lon="-1.017515006302548">
    <ele>122.32000000000001</ele>
   </trkpt>
   <trkpt lat="51.52657000000001" lon="-1.0182200000000001">
    <ele>122.62</ele>
   </trkpt>
   <trkpt lat="51.526320000000005" lon="-1.0186700000000002">
    <ele>121.54</ele>
   </trkpt>
   <trkpt lat="51.525830000000006" lon="-1.01976">
    <ele>121.17000000000002</ele>
   </trkpt>
   <trkpt lat="51.525360000000006" lon="-1.0201">
    <ele>120.69</ele>
   </trkpt>
   <trkpt lat="51.52497" lon="-1.02044">
    <ele>119.68</ele>
   </trkpt>
   <trkpt lat="51.524620000000006" lon="-1.02091">
    <ele>119.19</ele>
   </trkpt>
   <trkpt lat="51.52396" lon="-1.02187">
    <ele>118.16000000000001</ele>
   </trkpt>
   <trkpt lat="51.52362500158556" lon="-1.0224800044805415">
    <ele>118.14</ele>
   </trkpt>
   <trkpt lat="51.52329" lon="-1.02309">
    <ele>118.31000000000002</ele>
   </trkpt>
   <trkpt lat="51.523050000000005" lon="-1.02363">
    <ele>118.84000000000002</ele>
   </trkpt>
   <trkpt lat="51.52287000403553" lon="-1.0246100041288067">
    <ele>118.16000000000001</ele>
   </trkpt>
   <trkpt lat="51.522690000000004" lon="-1.02559">
    <ele>117.79</ele>
   </trkpt>
   <trkpt lat="51.52261500330677" lon="-1.0264750017230027">
    <ele>117.82000000000001</ele>
   </trkpt>
   <trkpt lat="51.522540000000006" lon="-1.02736">
    <ele>118.41000000000001</ele>
   </trkpt>
   <trkpt lat="51.52240500207315" lon="-1.028070002471049">
    <ele>118.68</ele>
   </trkpt>
   <trkpt lat="51.522270000000006" lon="-1.02878">
    <ele>119.52000000000001</ele>
   </trkpt>
   <trkpt lat="51.52207000000001" lon="-1.0296">
    <ele>119.57000000000001</ele>
   </trkpt>
   <trkpt lat="51.52207000000001" lon="-1.0299">
    <ele>119.31000000000002</ele>
   </trkpt>
   <trkpt lat="51.52184500708609" lon="-1.0311900063023376">
    <ele>119.25</ele>
   </trkpt>
   <trkpt lat="51.521620000000006" lon="-1.03248">
    <ele>120.32000000000001</ele>
   </trkpt>
   <trkpt lat="51.52148500797" lon="-1.0338500041448886">
    <ele>121.58</ele>
   </trkpt>
   <trkpt lat="51.521350000000005" lon="-1.03522">
    <ele>122.68</ele>
   </trkpt>
   <trkpt lat="51.521190000000004" lon="-1.03613">
    <ele>123.39000000000001</ele>
   </trkpt>
   <trkpt lat="51.52102000000001" lon="-1.03695">
    <ele>124.04</ele>
   </trkpt>
   <trkpt lat="51.52091000000001" lon="-1.03742">
    <ele>124.42000000000002</ele>
   </trkpt>
   <trkpt lat="51.52065" lon="-1.03824">
    <ele>124.93</ele>
   </trkpt>
   <trkpt lat="51.52014500571341" lon="-1.039400012877637">
    <ele>125.43</ele>
   </trkpt>
   <trkpt lat="51.51964" lon="-1.0405600000000002">
    <ele>125.12</ele>
   </trkpt>
   <trkpt lat="51.5195" lon="-1.04078">
    <ele>124.83000000000001</ele>
   </trkpt>
   <trkpt lat="51.519090001176245" lon="-1.0412900045033513">
    <ele>123.78000000000002</ele>
   </trkpt>
   <trkpt lat="51.51868" lon="-1.0418">
    <ele>122.35000000000001</ele>
   </trkpt>
   <trkpt lat="51.51807" lon="-1.0425200000000001">
    <ele>120.8</ele>
   </trkpt>
   <trkpt lat="51.517540001762235" lon="-1.0431750076978998">
    <ele>118.58</ele>
   </trkpt>
   <trkpt lat="51.517010000000006" lon="-1.04383">
    <ele>117.27000000000001</ele>
   </trkpt>
   <trkpt lat="51.516386670728686" lon="-1.0445266858064064">
    <ele>114.52000000000001</ele>
   </trkpt>
   <trkpt lat="51.51576333733092" lon="-1.0452233525447263">
    <ele>113.2</ele>
   </trkpt>
   <trkpt lat="51.51514" lon="-1.0459200000000002">
    <ele>113.41000000000001</ele>
   </trkpt>
   <trkpt lat="51.5153" lon="-1.0463">
    <ele>116.30000000000001</ele>
   </trkpt>
   <trkpt lat="51.515840003351" lon="-1.046923318608694">
    <ele>120.41</ele>
   </trkpt>
   <trkpt lat="51.51638000339871" lon="-1.0475466519968626">
    <ele>123.39000000000001</ele>
   </trkpt>
   <trkpt lat="51.516920000000006" lon="-1.04817">
    <ele>124.86000000000001</ele>
   </trkpt>
   <trkpt lat="51.517450000000004" lon="-1.04884">
    <ele>124.26</ele>
   </trkpt>
   <trkpt lat="51.51802000264899" lon="-1.0496299901077168">
    <ele>122.77</ele>
   </trkpt>
   <trkpt lat="51.51859" lon="-1.0504200000000001">
    <ele>123.42000000000002</ele>
   </trkpt>
   <trkpt lat="51.51921500208252" lon="-1.0511049906960686">
    <ele>123.7</ele>
   </trkpt>
   <trkpt lat="51.51984" lon="-1.05179">
    <ele>123.04</ele>
   </trkpt>
   <trkpt lat="51.520210000000006" lon="-1.05284">
    <ele>123.00000000000001</ele>
   </trkpt>
   <trkpt lat="51.52019000000001" lon="-1.0530700000000002">
    <ele>124.32000000000001</ele>
   </trkpt>
   <trkpt lat="51.52044" lon="-1.05365">
    <ele>126.93</ele>
   </trkpt>
   <trkpt lat="51.520645001797" lon="-1.0542949971864843">
    <ele>128.35000000000002</ele>
   </trkpt>
   <trkpt lat="51.52085" lon="-1.05494">
    <ele>130.04000000000002</ele>
   </trkpt>
   <trkpt lat="51.521255003495725" lon="-1.055839992113028">
    <ele>131.54000000000002</ele>
   </trkpt>
   <trkpt lat="51.521660000000004" lon="-1.05674">
    <ele>133.28</ele>
   </trkpt>
   <trkpt lat="51.52193500283018" lon="-1.0575549950983925">
    <ele>135.89000000000001</ele>
   </trkpt>
   <trkpt lat="51.52221" lon="-1.05837">
    <ele>137.93000000000004</ele>
   </trkpt>
   <trkpt lat="51.52175000184705" lon="-1.0590450069498614">
    <ele>138.8</ele>
   </trkpt>
   <trkpt lat="51.52129000000001" lon="-1.05972">
    <ele>138.64000000000001</ele>
   </trkpt>
   <trkpt lat="51.52076" lon="-1.06084">
    <ele>137.34</ele>
   </trkpt>
   <trkpt lat="51.520450000000004" lon="-1.06138">
    <ele>136.9</ele>
   </trkpt>
   <trkpt lat="51.52" lon="-1.06193">
    <ele>139.85</ele>
   </trkpt>
   <trkpt lat="51.51961500188789" lon="-1.0625900055172437">
    <ele>140.46</ele>
   </trkpt>
   <trkpt lat="51.51923000000001" lon="-1.06325">
    <ele>139.57</ele>
   </trkpt>
   <trkpt lat="51.51886500668651" lon="-1.0645050100875528">
    <ele>140.23000000000002</ele>
   </trkpt>
   <trkpt lat="51.5185" lon="-1.06576">
    <ele>141.12000000000003</ele>
   </trkpt>
   <trkpt lat="51.51829000000001" lon="-1.06668">
    <ele>141.70000000000002</ele>
   </trkpt>
   <trkpt lat="51.51803500283654" lon="-1.0674900043840017">
    <ele>141.35</ele>
   </trkpt>
   <trkpt lat="51.51778" lon="-1.0683">
    <ele>140.85</ele>
   </trkpt>
   <trkpt lat="51.517465001854944" lon="-1.0689650046517103">
    <ele>140.57</ele>
   </trkpt>
   <trkpt lat="51.51715" lon="-1.06963">
    <ele>143.19</ele>
   </trkpt>
   <trkpt lat="51.516580000000005" lon="-1.07067">
    <ele>143.05</ele>
   </trkpt>
   <trkpt lat="51.516000000000005" lon="-1.07101">
    <ele>141.5</ele>
   </trkpt>
   <trkpt lat="51.51558000000001" lon="-1.07145">
    <ele>141.96</ele>
   </trkpt>
   <trkpt lat="51.515030001924295" lon="-1.0721100078820929">
    <ele>142.36</ele>
   </trkpt>
   <trkpt lat="51.514480000000006" lon="-1.07277">
    <ele>141.53</ele>
   </trkpt>
   <trkpt lat="51.51392500244977" lon="-1.073515008955647">
    <ele>139.3</ele>
   </trkpt>
   <trkpt lat="51.51337" lon="-1.07426">
    <ele>141.33</ele>
   </trkpt>
   <trkpt lat="51.51282000200437" lon="-1.0749600085515747">
    <ele>142.58</ele>
   </trkpt>
   <trkpt lat="51.51227" lon="-1.07566">
    <ele>140.63</ele>
   </trkpt>
   <trkpt lat="51.511626667290415" lon="-1.075936674492327">
    <ele>137.3</ele>
   </trkpt>
   <trkpt lat="51.51098333393001" lon="-1.076213341170501">
    <ele>134.03</ele>
   </trkpt>
   <trkpt lat="51.51034000000001" lon="-1.0764900000000002">
    <ele>134.47</ele>
   </trkpt>
   <trkpt lat="51.5099000001609" lon="-1.0767100021471525">
    <ele>134.44</ele>
   </trkpt>
   <trkpt lat="51.509460000000004" lon="-1.0769300000000002">
    <ele>133.96</ele>
   </trkpt>
   <trkpt lat="51.509160006242446" lon="-1.0757149918649644">
    <ele>130.57000000000002</ele>
   </trkpt>
   <trkpt lat="51.508860000000006" lon="-1.0745">
    <ele>126.19</ele>
   </trkpt>
   <trkpt lat="51.508680000000005" lon="-1.0736400000000001">
    <ele>122.94000000000001</ele>
   </trkpt>
   <trkpt lat="51.50850000387224" lon="-1.0726899964343115">
    <ele>121.41</ele>
   </trkpt>
   <trkpt lat="51.508320000000005" lon="-1.0717400000000001">
    <ele>120.23</ele>
   </trkpt>
   <trkpt lat="51.508320000000005" lon="-1.07148">
    <ele>120.15</ele>
   </trkpt>
   <trkpt lat="51.50829" lon="-1.07138">
    <ele>120.15</ele>
   </trkpt>
   <trkpt lat="51.50833" lon="-1.07118">
    <ele>120.15</ele>
   </trkpt>
   <trkpt lat="51.508340000000004" lon="-1.07087">
    <ele>120.09000000000002</ele>
   </trkpt>
   <trkpt lat="51.508280000000006" lon="-1.0704600000000002">
    <ele>119.79</ele>
   </trkpt>
   <trkpt lat="51.508210000000005" lon="-1.0701900000000002">
    <ele>119.54</ele>
   </trkpt>
   <trkpt lat="51.50798" lon="-1.0695700000000001">
    <ele>116.48000000000002</ele>
   </trkpt>
   <trkpt lat="51.507830000000006" lon="-1.06946">
    <ele>115.71000000000001</ele>
   </trkpt>
   <trkpt lat="51.50770000000001" lon="-1.06948">
    <ele>115.11</ele>
   </trkpt>
   <trkpt lat="51.50752000000001" lon="-1.06955">
    <ele>115.18</ele>
   </trkpt>
   <trkpt lat="51.50733" lon="-1.06952">
    <ele>116.16000000000001</ele>
   </trkpt>
   <trkpt lat="51.506930000000004" lon="-1.06935">
    <ele>121.24000000000001</ele>
   </trkpt>
   <trkpt lat="51.506420000000006" lon="-1.06925">
    <ele>124.26</ele>
   </trkpt>
   <trkpt lat="51.50553000000001" lon="-1.06921">
    <ele>125.14</ele>
   </trkpt>
   <trkpt lat="51.50473" lon="-1.06921">
    <ele>124.36000000000001</ele>
   </trkpt>
   <trkpt lat="51.504250000000006" lon="-1.06935">
    <ele>124.09</ele>
   </trkpt>
   <trkpt lat="51.503910000000005" lon="-1.06949">
    <ele>123.72000000000001</ele>
   </trkpt>
   <trkpt lat="51.50368" lon="-1.06955">
    <ele>123.10000000000001</ele>
   </trkpt>
   <trkpt lat="51.50325" lon="-1.06948">
    <ele>121.88000000000001</ele>
   </trkpt>
   <trkpt lat="51.50289" lon="-1.06935">
    <ele>120.38000000000001</ele>
   </trkpt>
   <trkpt lat="51.50269" lon="-1.06921">
    <ele>119.83</ele>
   </trkpt>
   <trkpt lat="51.50236" lon="-1.06894">
    <ele>117.66000000000001</ele>
   </trkpt>
   <trkpt lat="51.50208000000001" lon="-1.06864">
    <ele>115.93</ele>
   </trkpt>
   <trkpt lat="51.50164" lon="-1.06809">
    <ele>111.64</ele>
   </trkpt>
   <trkpt lat="51.501580000000004" lon="-1.06789">
    <ele>111.14</ele>
   </trkpt>
   <trkpt lat="51.50133500524137" lon="-1.0667799940469531">
    <ele>103.66</ele>
   </trkpt>
   <trkpt lat="51.501090000000005" lon="-1.0656700000000001">
    <ele>93.59</ele>
   </trkpt>
   <trkpt lat="51.50128" lon="-1.06565">
    <ele>98.26</ele>
   </trkpt>
   <trkpt lat="51.50139" lon="-1.06562">
    <ele>98.26</ele>
   </trkpt>
   <trkpt lat="51.50151" lon="-1.06545">
    <ele>99.38000000000001</ele>
   </trkpt>
   <trkpt lat="51.501630000000006" lon="-1.06508">
    <ele>102.62</ele>
   </trkpt>
   <trkpt lat="51.50168000000001" lon="-1.06474">
    <ele>104.73</ele>
   </trkpt>
   <trkpt lat="51.50168000000001" lon="-1.06444">
    <ele>108.52</ele>
   </trkpt>
   <trkpt lat="51.50164" lon="-1.0641200000000002">
    <ele>110.63000000000001</ele>
   </trkpt>
   <trkpt lat="51.50148" lon="-1.06335">
    <ele>112.58000000000001</ele>
   </trkpt>
   <trkpt lat="51.501430000000006" lon="-1.06295">
    <ele>112.63000000000001</ele>
   </trkpt>
   <trkpt lat="51.50148" lon="-1.0619800000000001">
    <ele>112.09</ele>
   </trkpt>
   <trkpt lat="51.501340000000006" lon="-1.06193">
    <ele>111.52000000000001</ele>
   </trkpt>
   <trkpt lat="51.50128" lon="-1.06182">
    <ele>111.52000000000001</ele>
   </trkpt>
   <trkpt lat="51.50126" lon="-1.06165">
    <ele>111.52000000000001</ele>
   </trkpt>
   <trkpt lat="51.50135" lon="-1.06112">
    <ele>110.24000000000001</ele>
   </trkpt>
   <trkpt lat="51.50133" lon="-1.0608300000000002">
    <ele>110.12</ele>
   </trkpt>
   <trkpt lat="51.501110000000004" lon="-1.06047">
    <ele>110.04</ele>
   </trkpt>
   <trkpt lat="51.500805001223995" lon="-1.0599099960516212">
    <ele>109.95</ele>
   </trkpt>
   <trkpt lat="51.5005" lon="-1.05935">
    <ele>109.76</ele>
   </trkpt>
   <trkpt lat="51.50016" lon="-1.0585600000000002">
    <ele>109.21000000000001</ele>
   </trkpt>
   <trkpt lat="51.49991000000001" lon="-1.05806">
    <ele>109.28</ele>
   </trkpt>
   <trkpt lat="51.49972" lon="-1.05776">
    <ele>108.81</ele>
   </trkpt>
   <trkpt lat="51.49953000000001" lon="-1.05755">
    <ele>108.24</ele>
   </trkpt>
   <trkpt lat="51.49922" lon="-1.05739">
    <ele>107.22000000000001</ele>
   </trkpt>
   <trkpt lat="51.49893" lon="-1.0570700000000002">
    <ele>106.01</ele>
   </trkpt>
   <trkpt lat="51.49848" lon="-1.0566300000000002">
    <ele>107.86000000000001</ele>
   </trkpt>
   <trkpt lat="51.498070000000006" lon="-1.0565">
    <ele>108.00000000000001</ele>
   </trkpt>
   <trkpt lat="51.49795" lon="-1.05647">
    <ele>107.16</ele>
   </trkpt>
   <trkpt lat="51.49765000000001" lon="-1.0563">
    <ele>101.48000000000002</ele>
   </trkpt>
   <trkpt lat="51.49741" lon="-1.05611">
    <ele>97.85000000000001</ele>
   </trkpt>
   <trkpt lat="51.497220000000006" lon="-1.05556">
    <ele>94.58000000000001</ele>
   </trkpt>
   <trkpt lat="51.49701" lon="-1.05508">
    <ele>90.3</ele>
   </trkpt>
   <trkpt lat="51.49656" lon="-1.0539">
    <ele>79.63000000000001</ele>
   </trkpt>
   <trkpt lat="51.49635000000001" lon="-1.05298">
    <ele>75.63</ele>
   </trkpt>
   <trkpt lat="51.496120000000005" lon="-1.05223">
    <ele>71.5</ele>
   </trkpt>
   <trkpt lat="51.495990000000006" lon="-1.05196">
    <ele>69.09000000000002</ele>
   </trkpt>
   <trkpt lat="51.495920000000005" lon="-1.0522">
    <ele>67.04</ele>
   </trkpt>
   <trkpt lat="51.496010000000005" lon="-1.05339">
    <ele>58.77</ele>
   </trkpt>
   <trkpt lat="51.495920000000005" lon="-1.05345">
    <ele>56.74</ele>
   </trkpt>
   <trkpt lat="51.4958" lon="-1.05339">
    <ele>55.43000000000001</ele>
   </trkpt>
   <trkpt lat="51.49562" lon="-1.05325">
    <ele>52.49</ele>
   </trkpt>
   <trkpt lat="51.495360000000005" lon="-1.05312">
    <ele>50.63</ele>
   </trkpt>
   <trkpt lat="51.495380000000004" lon="-1.0530300000000001">
    <ele>50.730000000000004</ele>
   </trkpt>
   <trkpt lat="51.495380000000004" lon="-1.05281">
    <ele>50.74000000000001</ele>
   </trkpt>
   <trkpt lat="51.4951425169377" lon="-1.0516574819648756">
    <ele>50.68</ele>
   </trkpt>
   <trkpt lat="51.49490502258057" lon="-1.0505049759389777">
    <ele>52.25000000000001</ele>
   </trkpt>
   <trkpt lat="51.49466751692885" lon="-1.04935248192265">
    <ele>52.94</ele>
   </trkpt>
   <trkpt lat="51.49443" lon="-1.0482">
    <ele>53.970000000000006</ele>
   </trkpt>
   <trkpt lat="51.494255014817874" lon="-1.0471224876464924">
    <ele>55.92</ele>
   </trkpt>
   <trkpt lat="51.49408001976312" lon="-1.046044983565678">
    <ele>58.84</ele>
   </trkpt>
   <trkpt lat="51.49390501483589" lon="-1.0449674877579076">
    <ele>61.03000000000001</ele>
   </trkpt>
   <trkpt lat="51.493730000000006" lon="-1.04389">
    <ele>64.53</ele>
   </trkpt>
   <trkpt lat="51.493570000000005" lon="-1.04328">
    <ele>64.68</ele>
   </trkpt>
   <trkpt lat="51.49329" lon="-1.0425900000000001">
    <ele>64.0</ele>
   </trkpt>
   <trkpt lat="51.49297000000001" lon="-1.04196">
    <ele>62.02</ele>
   </trkpt>
   <trkpt lat="51.49268000000001" lon="-1.04149">
    <ele>60.77</ele>
   </trkpt>
   <trkpt lat="51.4924" lon="-1.04108">
    <ele>58.800000000000004</ele>
   </trkpt>
   <trkpt lat="51.49193" lon="-1.04047">
    <ele>55.23</ele>
   </trkpt>
   <trkpt lat="51.4915" lon="-1.03986">
    <ele>54.37</ele>
   </trkpt>
   <trkpt lat="51.491170000000004" lon="-1.03915">
    <ele>53.52</ele>
   </trkpt>
   <trkpt lat="51.4908700014289" lon="-1.0385399956744836">
    <ele>52.97</ele>
   </trkpt>
   <trkpt lat="51.490570000000005" lon="-1.03793">
    <ele>52.03000000000001</ele>
   </trkpt>
   <trkpt lat="51.490050000000004" lon="-1.03698">
    <ele>49.870000000000005</ele>
   </trkpt>
   <trkpt lat="51.489675001186306" lon="-1.0364199951743194">
    <ele>47.370000000000005</ele>
   </trkpt>
   <trkpt lat="51.48930000000001" lon="-1.03586">
    <ele>45.300000000000004</ele>
   </trkpt>
   <trkpt lat="51.48875" lon="-1.03518">
    <ele>45.38</ele>
   </trkpt>
   <trkpt lat="51.488670000000006" lon="-1.03505">
    <ele>45.52</ele>
   </trkpt>
   <trkpt lat="51.48846" lon="-1.03478">
    <ele>46.3</ele>
   </trkpt>
   <trkpt lat="51.488400000000006" lon="-1.03464">
    <ele>47.43000000000001</ele>
   </trkpt>
   <trkpt lat="51.48839" lon="-1.0344300000000002">
    <ele>47.35</ele>
   </trkpt>
   <trkpt lat="51.488200000000006" lon="-1.03441">
    <ele>46.95</ele>
   </trkpt>
   <trkpt lat="51.48794" lon="-1.03447">
    <ele>45.87</ele>
   </trkpt>
   <trkpt lat="51.48783" lon="-1.03457">
    <ele>45.87</ele>
   </trkpt>
   <trkpt lat="51.48744000000001" lon="-1.0350400000000002">
    <ele>43.77</ele>
   </trkpt>
   <trkpt lat="51.48733000000001" lon="-1.03509">
    <ele>43.58</ele>
   </trkpt>
   <trkpt lat="51.487260000000006" lon="-1.03509">
    <ele>43.43</ele>
   </trkpt>
   <trkpt lat="51.486880000000006" lon="-1.03501">
    <ele>43.21000000000001</ele>
   </trkpt>
   <trkpt lat="51.48677000000001" lon="-1.0349400000000002">
    <ele>43.21000000000001</ele>
   </trkpt>
   <trkpt lat="51.4864650016726" lon="-1.0343199959303548">
    <ele>43.980000000000004</ele>
   </trkpt>
   <trkpt lat="51.486160000000005" lon="-1.0337">
    <ele>44.18</ele>
   </trkpt>
   <trkpt lat="51.48574000000001" lon="-1.03288">
    <ele>44.11</ele>
   </trkpt>
   <trkpt lat="51.485640000000004" lon="-1.0327300000000001">
    <ele>43.730000000000004</ele>
   </trkpt>
   <trkpt lat="51.485510000000005" lon="-1.03261">
    <ele>43.52</ele>
   </trkpt>
   <trkpt lat="51.485350000000004" lon="-1.03257">
    <ele>42.14</ele>
   </trkpt>
   <trkpt lat="51.48499" lon="-1.03257">
    <ele>41.330000000000005</ele>
   </trkpt>
   <trkpt lat="51.48487" lon="-1.03251">
    <ele>41.120000000000005</ele>
   </trkpt>
   <trkpt lat="51.484750000000005" lon="-1.03237">
    <ele>41.120000000000005</ele>
   </trkpt>
   <trkpt lat="51.484395001654136" lon="-1.0317249947700908">
    <ele>40.88</ele>
   </trkpt>
   <trkpt lat="51.48404000000001" lon="-1.03108">
    <ele>40.230000000000004</ele>
   </trkpt>
   <trkpt lat="51.4835350031816" lon="-1.0302149904211149">
    <ele>39.93</ele>
   </trkpt>
   <trkpt lat="51.48303000000001" lon="-1.02935">
    <ele>39.769999999999996</ele>
   </trkpt>
   <trkpt lat="51.48243" lon="-1.02871">
    <ele>39.35</ele>
   </trkpt>
   <trkpt lat="51.481880000000004" lon="-1.0276100000000001">
    <ele>39.85</ele>
   </trkpt>
   <trkpt lat="51.48138000289688" lon="-1.0267999912929242">
    <ele>39.63</ele>
   </trkpt>
   <trkpt lat="51.480880000000006" lon="-1.0259900000000002">
    <ele>39.910000000000004</ele>
   </trkpt>
   <trkpt lat="51.48037667055952" lon="-1.025313318396108">
    <ele>39.839999999999996</ele>
   </trkpt>
   <trkpt lat="51.479873337225" lon="-1.0246366517280838">
    <ele>39.78</ele>
   </trkpt>
   <trkpt lat="51.47937" lon="-1.02396">
    <ele>39.85</ele>
   </trkpt>
   <trkpt lat="51.47899" lon="-1.02339">
    <ele>39.78</ele>
   </trkpt>
   <trkpt lat="51.47865000175464" lon="-1.022744995164528">
    <ele>39.769999999999996</ele>
   </trkpt>
   <trkpt lat="51.47831000000001" lon="-1.0221">
    <ele>39.800000000000004</ele>
   </trkpt>
   <trkpt lat="51.47807" lon="-1.0221">
    <ele>39.790000000000006</ele>
   </trkpt>
   <trkpt lat="51.477810000000005" lon="-1.02142">
    <ele>39.769999999999996</ele>
   </trkpt>
   <trkpt lat="51.4774850072473" lon="-1.0201149907238716">
    <ele>39.61000000000001</ele>
   </trkpt>
   <trkpt lat="51.477160000000005" lon="-1.01881">
    <ele>39.78</ele>
   </trkpt>
   <trkpt lat="51.477000000000004" lon="-1.01824">
    <ele>39.839999999999996</ele>
   </trkpt>
   <trkpt lat="51.47681000000001" lon="-1.01766">
    <ele>39.470000000000006</ele>
   </trkpt>
   <trkpt lat="51.47645000000001" lon="-1.01678">
    <ele>39.089999999999996</ele>
   </trkpt>
   <trkpt lat="51.4763" lon="-1.01627">
    <ele>39.220000000000006</ele>
   </trkpt>
   <trkpt lat="51.475970000000004" lon="-1.01546">
    <ele>39.43</ele>
   </trkpt>
   <trkpt lat="51.475880000000004" lon="-1.0151400000000002">
    <ele>39.46</ele>
   </trkpt>
   <trkpt lat="51.47572" lon="-1.01414">
    <ele>40.42</ele>
   </trkpt>
   <trkpt lat="51.47545" lon="-1.01322">
    <ele>42.910000000000004</ele>
   </trkpt>
   <trkpt lat="51.47506000618864" lon="-1.01201498974128">
    <ele>44.18</ele>
   </trkpt>
   <trkpt lat="51.47467" lon="-1.01081">
    <ele>46.89</ele>
   </trkpt>
   <trkpt lat="51.474430000000005" lon="-1.01">
    <ele>48.230000000000004</ele>
   </trkpt>
   <trkpt lat="51.4742" lon="-1.00939">
    <ele>49.010000000000005</ele>
   </trkpt>
   <trkpt lat="51.47408" lon="-1.00881">
    <ele>50.510000000000005</ele>
   </trkpt>
   <trkpt lat="51.473910000000004" lon="-1.00753">
    <ele>50.88</ele>
   </trkpt>
   <trkpt lat="51.47382" lon="-1.00732">
    <ele>50.2</ele>
   </trkpt>
   <trkpt lat="51.47343000000001" lon="-1.00692">
    <ele>47.5</ele>
   </trkpt>
   <trkpt lat="51.473310000000005" lon="-1.00675">
    <ele>46.2</ele>
   </trkpt>
   <trkpt lat="51.47326" lon="-1.00658">
    <ele>45.37</ele>
   </trkpt>
   <trkpt lat="51.47301" lon="-1.00597">
    <ele>44.18</ele>
   </trkpt>
   <trkpt lat="51.47292" lon="-1.0057">
    <ele>43.54</ele>
   </trkpt>
   <trkpt lat="51.472860000000004" lon="-1.00532">
    <ele>42.940000000000005</ele>
   </trkpt>
   <trkpt lat="51.4727" lon="-1.00471">
    <ele>43.0</ele>
   </trkpt>
   <trkpt lat="51.472456020578775" lon="-1.0036099764523043">
    <ele>43.97</ele>
   </trkpt>
   <trkpt lat="51.472212030866295" lon="-1.002509964670794">
    <ele>44.54</ele>
   </trkpt>
   <trkpt lat="51.47196803086281" lon="-1.0014099646557366">
    <ele>44.36</ele>
   </trkpt>
   <trkpt lat="51.47172402056852" lon="-1.0003099764074">
    <ele>44.53000000000001</ele>
   </trkpt>
   <trkpt lat="51.47148000000001" lon="-0.99921">
    <ele>44.94</ele>
   </trkpt>
   <trkpt lat="51.47134500224639" lon="-0.998484997914745">
    <ele>45.08</ele>
   </trkpt>
   <trkpt lat="51.471210000000006" lon="-0.9977600000000001">
    <ele>44.910000000000004</ele>
   </trkpt>
   <trkpt lat="51.471015002675806" lon="-0.9969699967117852">
    <ele>44.88</ele>
   </trkpt>
   <trkpt lat="51.47082" lon="-0.9961800000000001">
    <ele>44.63</ele>
   </trkpt>
   <trkpt lat="51.47055000565082" lon="-0.995024993070055">
    <ele>44.870000000000005</ele>
   </trkpt>
   <trkpt lat="51.47028" lon="-0.99387">
    <ele>44.6</ele>
   </trkpt>
   <trkpt lat="51.470020000000005" lon="-0.9926200000000001">
    <ele>44.68000000000001</ele>
   </trkpt>
   <trkpt lat="51.46982000695952" lon="-0.9913399943389973">
    <ele>45.12</ele>
   </trkpt>
   <trkpt lat="51.469620000000006" lon="-0.99006">
    <ele>43.120000000000005</ele>
   </trkpt>
   <trkpt lat="51.469390000000004" lon="-0.9891300000000001">
    <ele>42.60000000000001</ele>
   </trkpt>
   <trkpt lat="51.469300000000004" lon="-0.98884">
    <ele>42.74</ele>
   </trkpt>
   <trkpt lat="51.469060000000006" lon="-0.98816">
    <ele>42.760000000000005</ele>
   </trkpt>
   <trkpt lat="51.46873" lon="-0.98694">
    <ele>41.82</ele>
   </trkpt>
   <trkpt lat="51.4686" lon="-0.9862000000000001">
    <ele>41.56</ele>
   </trkpt>
   <trkpt lat="51.468505003414656" lon="-0.9853049982141379">
    <ele>41.45</ele>
   </trkpt>
   <trkpt lat="51.468410000000006" lon="-0.9844100000000001">
    <ele>41.35</ele>
   </trkpt>
   <trkpt lat="51.46826500234258" lon="-0.9836649975414705">
    <ele>41.89</ele>
   </trkpt>
   <trkpt lat="51.468120000000006" lon="-0.9829200000000001">
    <ele>42.9</ele>
   </trkpt>
   <trkpt lat="51.46811" lon="-0.98279">
    <ele>42.9</ele>
   </trkpt>
   <trkpt lat="51.46811" lon="-0.9826">
    <ele>43.47</ele>
   </trkpt>
   <trkpt lat="51.468160000000005" lon="-0.9823500000000001">
    <ele>44.44</ele>
   </trkpt>
   <trkpt lat="51.46828000000001" lon="-0.9820300000000001">
    <ele>46.720000000000006</ele>
   </trkpt>
   <trkpt lat="51.46847" lon="-0.98167">
    <ele>49.45</ele>
   </trkpt>
   <trkpt lat="51.46866000000001" lon="-0.9814200000000001">
    <ele>51.34</ele>
   </trkpt>
   <trkpt lat="51.46909" lon="-0.98099">
    <ele>53.02</ele>
   </trkpt>
   <trkpt lat="51.469030000000004" lon="-0.9808300000000001">
    <ele>50.440000000000005</ele>
   </trkpt>
   <trkpt lat="51.468650000000004" lon="-0.9800000000000001">
    <ele>44.870000000000005</ele>
   </trkpt>
   <trkpt lat="51.468520000000005" lon="-0.97977">
    <ele>43.61</ele>
   </trkpt>
   <trkpt lat="51.46844" lon="-0.9796600000000001">
    <ele>42.96</ele>
   </trkpt>
   <trkpt lat="51.46831" lon="-0.97955">
    <ele>42.78</ele>
   </trkpt>
   <trkpt lat="51.468030000000006" lon="-0.97945">
    <ele>41.080000000000005</ele>
   </trkpt>
   <trkpt lat="51.467960000000005" lon="-0.97938">
    <ele>41.080000000000005</ele>
   </trkpt>
   <trkpt lat="51.467890000000004" lon="-0.97928">
    <ele>40.690000000000005</ele>
   </trkpt>
   <trkpt lat="51.46784" lon="-0.97916">
    <ele>40.49</ele>
   </trkpt>
   <trkpt lat="51.4676100052286" lon="-0.9780549946032498">
    <ele>39.5</ele>
   </trkpt>
   <trkpt lat="51.467380000000006" lon="-0.9769500000000001">
    <ele>38.940000000000005</ele>
   </trkpt>
   <trkpt lat="51.46721" lon="-0.9767800000000001">
    <ele>38.86000000000001</ele>
   </trkpt>
   <trkpt lat="51.467090000000006" lon="-0.9767100000000001">
    <ele>38.86000000000001</ele>
   </trkpt>
   <trkpt lat="51.46672" lon="-0.9768200000000001">
    <ele>38.98</ele>
   </trkpt>
   <trkpt lat="51.46667000000001" lon="-0.97677">
    <ele>38.98</ele>
   </trkpt>
   <trkpt lat="51.46658000000001" lon="-0.97679">
    <ele>38.82</ele>
   </trkpt>
   <trkpt lat="51.46656" lon="-0.9766400000000001">
    <ele>38.61000000000001</ele>
   </trkpt>
   <trkpt lat="51.466530000000006" lon="-0.9765800000000001">
    <ele>38.61000000000001</ele>
   </trkpt>
   <trkpt lat="51.466440000000006" lon="-0.9761400000000001">
    <ele>38.25000000000001</ele>
   </trkpt>
   <trkpt lat="51.466350000000006" lon="-0.97601">
    <ele>38.05</ele>
   </trkpt>
   <trkpt lat="51.465770000000006" lon="-0.9753700000000001">
    <ele>37.59</ele>
   </trkpt>
   <trkpt lat="51.465700000000005" lon="-0.9753700000000001">
    <ele>37.59</ele>
   </trkpt>
   <trkpt lat="51.46515" lon="-0.9752100000000001">
    <ele>37.34</ele>
   </trkpt>
   <trkpt lat="51.464870000000005" lon="-0.97462">
    <ele>37.25000000000001</ele>
   </trkpt>
   <trkpt lat="51.464740000000006" lon="-0.97428">
    <ele>37.28</ele>
   </trkpt>
   <trkpt lat="51.46463000000001" lon="-0.9738600000000001">
    <ele>37.28</ele>
   </trkpt>
   <trkpt lat="51.46455" lon="-0.9730800000000001">
    <ele>37.27</ele>
   </trkpt>
   <trkpt lat="51.464380000000006" lon="-0.9724400000000001">
    <ele>37.37</ele>
   </trkpt>
   <trkpt lat="51.464130000000004" lon="-0.97167">
    <ele>37.3</ele>
   </trkpt>
   <trkpt lat="51.46388" lon="-0.9710400000000001">
    <ele>37.26</ele>
   </trkpt>
   <trkpt lat="51.46329000000001" lon="-0.9701000000000001">
    <ele>37.31</ele>
   </trkpt>
   <trkpt lat="51.46318" lon="-0.96996">
    <ele>37.25000000000001</ele>
   </trkpt>
   <trkpt lat="51.46304000000001" lon="-0.9699000000000001">
    <ele>37.25000000000001</ele>
   </trkpt>
   <trkpt lat="51.46287" lon="-0.9699500000000001">
    <ele>37.290000000000006</ele>
   </trkpt>
   <trkpt lat="51.46304000000001" lon="-0.9699000000000001">
    <ele>37.290000000000006</ele>
   </trkpt>
   <trkpt lat="51.46318" lon="-0.96996">
    <ele>37.31</ele>
   </trkpt>
   <trkpt lat="51.46323" lon="-0.96989">
    <ele>37.39</ele>
   </trkpt>
   <trkpt lat="51.462990000000005" lon="-0.9694800000000001">
    <ele>38.01</ele>
   </trkpt>
   <trkpt lat="51.46257500167432" lon="-0.9701100057496711">
    <ele>40.79</ele>
   </trkpt>
   <trkpt lat="51.462160000000004" lon="-0.97074">
    <ele>37.71</ele>
   </trkpt>
   <trkpt lat="51.46224" lon="-0.9709000000000001">
    <ele>37.71</ele>
   </trkpt>
   <trkpt lat="51.462250000000004" lon="-0.97096">
    <ele>37.71</ele>
   </trkpt>
   <trkpt lat="51.461840001369254" lon="-0.9704249953919712">
    <ele>37.77</ele>
   </trkpt>
   <trkpt lat="51.46143000000001" lon="-0.96989">
    <ele>37.73</ele>
   </trkpt>
   <trkpt lat="51.46134000000001" lon="-0.9697300000000001">
    <ele>38.21</ele>
   </trkpt>
   <trkpt lat="51.46128" lon="-0.96989">
    <ele>38.330000000000005</ele>
   </trkpt>
   <trkpt lat="51.46123000000001" lon="-0.97018">
    <ele>38.52</ele>
   </trkpt>
   <trkpt lat="51.46125000000001" lon="-0.9702600000000001">
    <ele>38.52</ele>
   </trkpt>
   <trkpt lat="51.461130000000004" lon="-0.9703600000000001">
    <ele>38.6</ele>
   </trkpt>
   <trkpt lat="51.46087000000001" lon="-0.9703200000000001">
    <ele>38.540000000000006</ele>
   </trkpt>
   <trkpt lat="51.46081" lon="-0.9703200000000001">
    <ele>38.36000000000001</ele>
   </trkpt>
   <trkpt lat="51.460750000000004" lon="-0.9703600000000001">
    <ele>38.36000000000001</ele>
   </trkpt>
   <trkpt lat="51.460730000000005" lon="-0.97045">
    <ele>38.27</ele>
   </trkpt>
   <trkpt lat="51.460660000000004" lon="-0.9705300000000001">
    <ele>38.27</ele>
   </trkpt>
   <trkpt lat="51.4607" lon="-0.97067">
    <ele>38.3</ele>
   </trkpt>
   <trkpt lat="51.46058000000001" lon="-0.97079">
    <ele>38.41</ele>
   </trkpt>
   <trkpt lat="51.460620000000006" lon="-0.97089">
    <ele>38.41</ele>
   </trkpt>
   <trkpt lat="51.460570000000004" lon="-0.9709000000000001">
    <ele>38.41</ele>
   </trkpt>
   <trkpt lat="51.46054" lon="-0.9708200000000001">
    <ele>38.41</ele>
   </trkpt>
  </trkseg>
 </trk>
</gpx>
